[
    {
        "postid": "5904480095",
        "postingbody": " \n \n QR Code Link to This Post \n  \n \n36 yr old Male and Chinese Female. \n \nMe, Male, have the senses to see and feel. We are planning to do a Ghost tour in our car next Saturday Night. Will start around 10pm +. \n \nWe would go around in my car so can't have more than 3 people other than us. \n \nYou might have to share petrol money by registration fees of $10. Can give us when we meet. \nWe can meet at a place and move on. Only for brave hearts and with people with a curious seeking mind. \n \nDo message to know more.     ",
        "title": "Singapore Ghost Tour"
    },
    {
        "postid": "5925059949",
        "postingbody": " \n \n QR Code Link to This Post \n  \n \nHello, am  Rob, a  tall, fit, healthy, educated, nonsmoker, light drinker, youthful 49, and  straight. Am looking  for  a  walking  partner  in  the  mornings , and  also  looking  for  friends, first  time  in  the  city.Will  be  flying  in  at  the  end  of  January. Will  stay  for  a  while.  Please  leave  a  phone  number or  email, don't  have  any  apps  at  the  moment. Here  is  a  pic  of  me. Goodnight.     ",
        "title": "White,Straight Teacher looking for Walking Partner Fort Can. Park"
    },
    {
        "postid": "5919112001",
        "postingbody": " \n \n QR Code Link to This Post \n  \n \nPOA tuition for Sec, JC, Poly &amp; Uni Levels. Free materials, free consultation &amp; free exam crash course. Experienced tutors familiar with current MOE syllabus. 1-1 coaching or group tuition available. Pls call 9832 0088.     ",
        "title": "Principles Of Accounts @$25/hr"
    },
    {
        "postid": "5901919399",
        "postingbody": " \n \n QR Code Link to This Post \n  \n \nDo you love school uniforms? \nSchool uniforms from singapore? \n \nhere is all you need to know! See all here! \n \nvisit  http://singaporeschooluniforms.blogspot.com   ",
        "title": "For School Uniforms from Singapore"
    },
    {
        "postid": "5957648615",
        "postingbody": " \n \n QR Code Link to This Post \n  \n \nGuardianship, airport transfer, laundry service, tuitions &amp; meals.  \n \nComfort bedroom with aircon &amp; free Wi-Fi.  \n \n3 mins walk to Mrt, shopping Mall, food court, fast food restaurants &amp;  coffee shops. Opp. Sports hall with Badminton courts &amp; gym. Swimming pool &amp; stadium opposite too.     ",
        "title": "Homestay for foreign students"
    },
    {
        "postid": "5920220904",
        "postingbody": " \n \n QR Code Link to This Post \n  \n \nChinese &amp; Higher Chinese tuitions for Pri, Sec, JC &amp; Adult learning ( Writing &amp; Conversation). Free materials, free consultation &amp; free exam crash course. Pls call 9832 0088.     ",
        "title": "Chinese Tuition @$25/hr"
    },
    {
        "postid": "5903317932",
        "postingbody": " \n \n QR Code Link to This Post \n  \n \nHello everyone, I am a 30+ local Chinese female in Hong Kong.Feel free to let me know if you are visitors / travelers stop by Hong Kong.I look for wider my social network and a strictly platonic friendship for a start. \n \nNO sexual or any other service should be implied. All genders are welcome. I can speak Cantonese, English and Mandarin.If you are interested, please give your self-introduction (Origin, Age, Gender, Visit dates and what are you looking for) or else no response will be given. Happy to have your picture if it is available. \n \nPlease PM me your self introduction, a recent picture and MUST GIVE YOUR LINE / SKYPE ID to allow me give an instant reply directly. \n \nThank you.     ",
        "title": "Good to see you"
    },
    {
        "postid": "5951495904",
        "postingbody": " \n \n QR Code Link to This Post \n  \n \nI am a private investor currently searching for positive investment opportunities and investment openings in all fields of life. I have a ready capital to invest in any running business with positive profit margin which needs additional capital for business expansion.I am willing to invest in any part of the Middle East, GCC Gulf countries since there is evidence of a prominent economic boom in these areas most especially the United Arab Emirates. I am looking for a partner(s) with great financial and business oriented background which we can jointly workout any business or project together. I am willing to finance or invest in a newly created or already running business.  In mind i am looking to invest in the following fields: Hotels, Motels, Commercial Villas, Residential villas, Shopping Malls, Hyper Markets, Supermarkets, Crude oil and gas trading, Natural oil and gas, Shipping / logistics, Precious metals (Gold, Diamond and general jewelry trading, Events planning, Insurance company, Hospitals, Schools, Dispensaries, Restaurants / coffee shops, chain stores and retail / wholesale outlets, Branded goods shops, Yacht / Jet-ski / ships...etc... and if your type is business is not mention above, kindly introduce it to me. I need serious, direct and genuine business owners, project owners only, no middle men and no time wasters. You are welcomed to email me or an inquiry for more details and onward proceedings. Regards \n ",
        "title": "Private Investor Currently Searching For Positive Investment Opportuni"
    },
    {
        "postid": "5942940033",
        "postingbody": " \n \n QR Code Link to This Post \n  \n \nHello , we are looking for amatuers soccer players in sg. \nDoesnt have to be local , as long as u have the passion.. its ok.. we are currently playing weekly friendlies. \nEmail me back if interested     ",
        "title": "soccer team in sg"
    }
][
    {
        "postid": "5904480095",
        "postingbody": " \n \n QR Code Link to This Post \n  \n \n36 yr old Male and Chinese Female. \n \nMe, Male, have the senses to see and feel. We are planning to do a Ghost tour in our car next Saturday Night. Will start around 10pm +. \n \nWe would go around in my car so can't have more than 3 people other than us. \n \nYou might have to share petrol money by registration fees of $10. Can give us when we meet. \nWe can meet at a place and move on. Only for brave hearts and with people with a curious seeking mind. \n \nDo message to know more.     ",
        "title": "Singapore Ghost Tour"
    },
    {
        "postid": "5925059949",
        "postingbody": " \n \n QR Code Link to This Post \n  \n \nHello, am  Rob, a  tall, fit, healthy, educated, nonsmoker, light drinker, youthful 49, and  straight. Am looking  for  a  walking  partner  in  the  mornings , and  also  looking  for  friends, first  time  in  the  city.Will  be  flying  in  at  the  end  of  January. Will  stay  for  a  while.  Please  leave  a  phone  number or  email, don't  have  any  apps  at  the  moment. Here  is  a  pic  of  me. Goodnight.     ",
        "title": "White,Straight Teacher looking for Walking Partner Fort Can. Park"
    },
    {
        "postid": "5919112001",
        "postingbody": " \n \n QR Code Link to This Post \n  \n \nPOA tuition for Sec, JC, Poly &amp; Uni Levels. Free materials, free consultation &amp; free exam crash course. Experienced tutors familiar with current MOE syllabus. 1-1 coaching or group tuition available. Pls call 9832 0088.     ",
        "title": "Principles Of Accounts @$25/hr"
    },
    {
        "postid": "5901919399",
        "postingbody": " \n \n QR Code Link to This Post \n  \n \nDo you love school uniforms? \nSchool uniforms from singapore? \n \nhere is all you need to know! See all here! \n \nvisit  http://singaporeschooluniforms.blogspot.com   ",
        "title": "For School Uniforms from Singapore"
    },
    {
        "postid": "5957648615",
        "postingbody": " \n \n QR Code Link to This Post \n  \n \nGuardianship, airport transfer, laundry service, tuitions &amp; meals.  \n \nComfort bedroom with aircon &amp; free Wi-Fi.  \n \n3 mins walk to Mrt, shopping Mall, food court, fast food restaurants &amp;  coffee shops. Opp. Sports hall with Badminton courts &amp; gym. Swimming pool &amp; stadium opposite too.     ",
        "title": "Homestay for foreign students"
    },
    {
        "postid": "5920220904",
        "postingbody": " \n \n QR Code Link to This Post \n  \n \nChinese &amp; Higher Chinese tuitions for Pri, Sec, JC &amp; Adult learning ( Writing &amp; Conversation). Free materials, free consultation &amp; free exam crash course. Pls call 9832 0088.     ",
        "title": "Chinese Tuition @$25/hr"
    },
    {
        "postid": "5903317932",
        "postingbody": " \n \n QR Code Link to This Post \n  \n \nHello everyone, I am a 30+ local Chinese female in Hong Kong.Feel free to let me know if you are visitors / travelers stop by Hong Kong.I look for wider my social network and a strictly platonic friendship for a start. \n \nNO sexual or any other service should be implied. All genders are welcome. I can speak Cantonese, English and Mandarin.If you are interested, please give your self-introduction (Origin, Age, Gender, Visit dates and what are you looking for) or else no response will be given. Happy to have your picture if it is available. \n \nPlease PM me your self introduction, a recent picture and MUST GIVE YOUR LINE / SKYPE ID to allow me give an instant reply directly. \n \nThank you.     ",
        "title": "Good to see you"
    },
    {
        "postid": "5951495904",
        "postingbody": " \n \n QR Code Link to This Post \n  \n \nI am a private investor currently searching for positive investment opportunities and investment openings in all fields of life. I have a ready capital to invest in any running business with positive profit margin which needs additional capital for business expansion.I am willing to invest in any part of the Middle East, GCC Gulf countries since there is evidence of a prominent economic boom in these areas most especially the United Arab Emirates. I am looking for a partner(s) with great financial and business oriented background which we can jointly workout any business or project together. I am willing to finance or invest in a newly created or already running business.  In mind i am looking to invest in the following fields: Hotels, Motels, Commercial Villas, Residential villas, Shopping Malls, Hyper Markets, Supermarkets, Crude oil and gas trading, Natural oil and gas, Shipping / logistics, Precious metals (Gold, Diamond and general jewelry trading, Events planning, Insurance company, Hospitals, Schools, Dispensaries, Restaurants / coffee shops, chain stores and retail / wholesale outlets, Branded goods shops, Yacht / Jet-ski / ships...etc... and if your type is business is not mention above, kindly introduce it to me. I need serious, direct and genuine business owners, project owners only, no middle men and no time wasters. You are welcomed to email me or an inquiry for more details and onward proceedings. Regards \n ",
        "title": "Private Investor Currently Searching For Positive Investment Opportuni"
    },
    {
        "postid": "5942940033",
        "postingbody": " \n \n QR Code Link to This Post \n  \n \nHello , we are looking for amatuers soccer players in sg. \nDoesnt have to be local , as long as u have the passion.. its ok.. we are currently playing weekly friendlies. \nEmail me back if interested     ",
        "title": "soccer team in sg"
    }
]