[
    {
        "postid": "5946163659",
        "postingbody": " \n \n QR Code Link to This Post \n  \n \nBuy R Baalaa Construction online to elevate the beauty of your space. We have a variety of Construction for your home. Visit us for more details Free shipping. Contact Us Email:  \n show contact info  \n, Phone: +919966884814     ",
        "title": "Buy R Baalaa Constructions in India"
    },
    {
        "postid": "5917063579",
        "postingbody": " \n \n QR Code Link to This Post \n  \n \nI am well travelled Singaporean mural artist who is looking for walls to paint outdoors. \n \nI would be happy to do it pro-bono especially if it is for a good cause. \n \nPlease browse through my works here --- &gt; www.wolfalice.carbonmade.com \n \nDrop me a message, and we can discuss more!     ",
        "title": "Give me a wall, I'll paint you a mural for free"
    },
    {
        "postid": "5924947173",
        "postingbody": " \n \n QR Code Link to This Post \n  \n \nArtSceneToday is currently accepting submissions for our current International Juried Competition. All entries are exhibited on our homepage slideshow from the moment you enter. Our online competitions recognize excellence in the visual arts among emerging artists from around the world. AND The 1st Place Winner in our online art competition will get an Art Scene Today website + hosting for 1 yr. \n \nTHEME: A STICH IN TIME...a 21st century look at textile and fabric art that challenges old traditions. \n \n DEADLINE: Monday, February 20, 2017. The sooner you enter, the sooner your artwork appears on our homepage. \n \n CALL FOR ENTRIES:  http://artscenetoday.com  \n ",
        "title": "International Call for Entries"
    },
    {
        "postid": "5914759389",
        "postingbody": " \n \n QR Code Link to This Post \n  \n \nCall for Artists \n \nNo money required. \nNo scam. \n \nIt's an international Facebook group. \nIt's growing and you're invited to join, share art, and have fun. \n \nThank You! \n \n https://www.facebook.com/groups/ARTFORNOT   ",
        "title": "CALL FOR ARTISTS"
    },
    {
        "postid": "5926675261",
        "postingbody": " \n \n QR Code Link to This Post \n  \n \n22 year old self taught local artist \n \nwww.bechieve.com \n \nam looking for other local artists to work with \n \ncontact me for potential business collaborations \n \nthanks !     ",
        "title": "New Local Artist"
    },
    {
        "postid": "5946163718",
        "postingbody": " \n \n QR Code Link to This Post \n  \n \nBuy artworks titled Pastel on paper a Traditional Paintings. directly from the artist Laxma Goud. This artwork will be displayed in Art Indian Gallery for one month, Free shipping. Visit us for more details. Contact Us Email:  \n show contact info  \n, Phone: +919966884814     ",
        "title": "Buy Laxma Goud Painting"
    },
    {
        "postid": "5946244825",
        "postingbody": " \n \n QR Code Link to This Post \n  \n \n \nWe provide various platforms for our artists to perform like: Company's Dinner &amp; Dance, Themed Parties, Festive Shows and etc. \n \nDon't waste your talents at home or in the bathroom. Contact us now! \n \nCriteria:  \n- Passionate in Singing is a must!  \n- No age limit \n- No experience required \n- Good attitude and personality \n- Willing to commit for rehearsals (if selected)  \n- Able to work as a team \n \nCall or Text 9734 5915 for audition with your Name / Age/ Gender / Occupation. \n ",
        "title": "A Platform to showcase you TALENT!"
    },
    {
        "postid": "5946152586",
        "postingbody": " \n \n QR Code Link to This Post \n  \n \nBuy GUNDA ANJANEYULU famous painting from Indiearts. We offer contemporary and modern art from Indian artists at reasonable price, Free shipping. Visit us for more details. Contact Us Email:  \n show contact info  \n, Phone: +919966884814     ",
        "title": "Gunda Anjaneyulu Paintings Online Shopping"
    }
][
    {
        "postid": "5946163659",
        "postingbody": " \n \n QR Code Link to This Post \n  \n \nBuy R Baalaa Construction online to elevate the beauty of your space. We have a variety of Construction for your home. Visit us for more details Free shipping. Contact Us Email:  \n show contact info  \n, Phone: +919966884814     ",
        "title": "Buy R Baalaa Constructions in India"
    },
    {
        "postid": "5917063579",
        "postingbody": " \n \n QR Code Link to This Post \n  \n \nI am well travelled Singaporean mural artist who is looking for walls to paint outdoors. \n \nI would be happy to do it pro-bono especially if it is for a good cause. \n \nPlease browse through my works here --- &gt; www.wolfalice.carbonmade.com \n \nDrop me a message, and we can discuss more!     ",
        "title": "Give me a wall, I'll paint you a mural for free"
    },
    {
        "postid": "5924947173",
        "postingbody": " \n \n QR Code Link to This Post \n  \n \nArtSceneToday is currently accepting submissions for our current International Juried Competition. All entries are exhibited on our homepage slideshow from the moment you enter. Our online competitions recognize excellence in the visual arts among emerging artists from around the world. AND The 1st Place Winner in our online art competition will get an Art Scene Today website + hosting for 1 yr. \n \nTHEME: A STICH IN TIME...a 21st century look at textile and fabric art that challenges old traditions. \n \n DEADLINE: Monday, February 20, 2017. The sooner you enter, the sooner your artwork appears on our homepage. \n \n CALL FOR ENTRIES:  http://artscenetoday.com  \n ",
        "title": "International Call for Entries"
    },
    {
        "postid": "5914759389",
        "postingbody": " \n \n QR Code Link to This Post \n  \n \nCall for Artists \n \nNo money required. \nNo scam. \n \nIt's an international Facebook group. \nIt's growing and you're invited to join, share art, and have fun. \n \nThank You! \n \n https://www.facebook.com/groups/ARTFORNOT   ",
        "title": "CALL FOR ARTISTS"
    },
    {
        "postid": "5926675261",
        "postingbody": " \n \n QR Code Link to This Post \n  \n \n22 year old self taught local artist \n \nwww.bechieve.com \n \nam looking for other local artists to work with \n \ncontact me for potential business collaborations \n \nthanks !     ",
        "title": "New Local Artist"
    },
    {
        "postid": "5946163718",
        "postingbody": " \n \n QR Code Link to This Post \n  \n \nBuy artworks titled Pastel on paper a Traditional Paintings. directly from the artist Laxma Goud. This artwork will be displayed in Art Indian Gallery for one month, Free shipping. Visit us for more details. Contact Us Email:  \n show contact info  \n, Phone: +919966884814     ",
        "title": "Buy Laxma Goud Painting"
    },
    {
        "postid": "5946244825",
        "postingbody": " \n \n QR Code Link to This Post \n  \n \n \nWe provide various platforms for our artists to perform like: Company's Dinner &amp; Dance, Themed Parties, Festive Shows and etc. \n \nDon't waste your talents at home or in the bathroom. Contact us now! \n \nCriteria:  \n- Passionate in Singing is a must!  \n- No age limit \n- No experience required \n- Good attitude and personality \n- Willing to commit for rehearsals (if selected)  \n- Able to work as a team \n \nCall or Text 9734 5915 for audition with your Name / Age/ Gender / Occupation. \n ",
        "title": "A Platform to showcase you TALENT!"
    },
    {
        "postid": "5946152586",
        "postingbody": " \n \n QR Code Link to This Post \n  \n \nBuy GUNDA ANJANEYULU famous painting from Indiearts. We offer contemporary and modern art from Indian artists at reasonable price, Free shipping. Visit us for more details. Contact Us Email:  \n show contact info  \n, Phone: +919966884814     ",
        "title": "Gunda Anjaneyulu Paintings Online Shopping"
    }
]