[
    {
        "postid": "5913269961",
        "postingbody": " \n \n QR Code Link to This Post \n  \n \nTransfer your Wedding, Kid's first step, Family, Birthday, Travel, Graduation, Anniversary etc. videos to VCD/DVD. For storage or as a gift for friends. \n \n \n \nDVD/VCD will be made by a professional high-quality hardware-based MPEG-1 and MPEG-2 encoder with the ability to filter, stabilize and enhance analog source video prior to MPEG encoding. No hassle ! \n \n \n \nVideo / Audio Conversion Services in Singapore :  \n \n* PAL/NTSC Camcorder/Handycam/Viewcam/VCR Video Tape (VHS, VHS-C, SVHS(Super VHS), Video8, Hi8, Digital8, MiniDV) to DVD-Video/VCD Conversion \n \n* Cassette tepe, LP (Vinyl Record) to AudioCD Conversion  \n \n* Audio Cassette tepe, LP (Vinyl Record) to Mp3, .wma &amp; .wav Conversion  \n \n* Photos to VCD (Slide Show with Music &amp; Transition Effect) Conversion \n \n* Video CD to Audio CD / MP3 CD Conversion \n \n* VCD to MP3 CD / Audio CD Conversion \n \n* LD to MP3 CD / AudioCD Conversion \n \n* Convert Video Tape to Mobile Phone files (MPEG-4, H.264, 3GPP, 3GPP2), avi, wmv \n \n* Convert Video to Mobile Device: iPod, iPhone, PSP, Zune, cell phone  \n \n \n \nPlease call +65 90660631 for services in Singapore. \n \n \n \nTangerine Associate \n \nBlk 197 Rivervale Drive Singapore \n \n(next to Rivervale Mall) \n \nhttp://www.tangerinenet.biz/vcd_dvd \n \nReg. No. 52840557L \n \nLocation map: \n \nhttp://www.tangerinenet.biz/vcd_dvd/sengkang_map.php     ",
        "title": "Convert VHS/VHS-C/Video8/Hi8/MiniDV to DVD -call 90660631"
    },
    {
        "postid": "5943220852",
        "postingbody": " \n \n QR Code Link to This Post \n  \n \nOur hosting plans are using premium bandwidth blend of 5 Tier1 Providers by far the best available today. We offer mostly all of major scripting systems (PHP5, CGI, MySQL, GD5, Imagemagick, FFMPEG, cURL, PhpMyAdmin and many more) included in your account. We also provide the latest control panels CPanel in 23 languages with Fantastico, RVSkin, Anti-Virus/Anti-Spam software for virtual and reseller accounts. \n \nSo what are you waiting for? Give us a try today. We offer a 30 Days Money Back Guarantee on all accounts with NO QUESTION ASK. \n \nInterested find out more about our products, visit us at http://www.mangoxchange.com \n \nFor Enquiry, please email to \n  show contact info \n \n \nHow to reach us via Phone? \nChina: +86.\n  show contact info \n \nSingapore: +65.31510668 \nHong Kong: +852.81915557 \nUSA : \n  show contact info \n \nAustrialia: +61.8.72000200 \n \nThanks You \nNick Huang \nMangoXchange.com \n ",
        "title": "Budget and Premium cPanel Webhosting with 24x7 Truth Technical Support"
    },
    {
        "postid": "5898324678",
        "postingbody": " \n \n QR Code Link to This Post \n  \n \nIf you know how to use eBay. . .  \n \nImagine getting paid as much as 10 different ways from the profit of your sales.  \n \nAttend a free live webinar.  \n \nWe train, and mentor you.  \n \nCopy the link below into your browser and watch for free.  \n \nWebinar has limited seating so register NOW \nhttp://billyjury.co.uk/webinar     ",
        "title": "Multiply eBay Profits Times 10"
    },
    {
        "postid": "5946110027",
        "postingbody": " \n \n QR Code Link to This Post \n  \n \nDiscover the little-known secret of how you can do so consistently with just 1 hour a day or less even if you are a complete beginner! \n \n http://amurowesley.com/bestseller-income   ",
        "title": "Build A 5-Figure Passive Income From Amazon"
    },
    {
        "postid": "5925090837",
        "postingbody": " \n \n QR Code Link to This Post \n  \n \nWe provide air-conditioning services for Condo/HDB/Commercial. Call us 96370388 today for free quotation!     ",
        "title": "Aircon Maintenance Services / Repair / Installation / Chemical Wash"
    },
    {
        "postid": "5926649092",
        "postingbody": " \n \n QR Code Link to This Post \n  \n \nTake a look at this simple method to make $25 to $100 \n \nper day with very little work. \n \nInterested parties please visit: \nhttp://payspree.com/52468/raymondz \n \n ",
        "title": "Make $25 in the next 30 minutes"
    },
    {
        "postid": "5936866752",
        "postingbody": " \n \n QR Code Link to This Post \n  \n \nAt SAVID PTE LTD, we strongly believe that providing the right solution within the budget is the key to every project. This is why we would like to hear from you with regards to any Audio Visual (AV) or Information Technology (IT) related requirement. We provide solutions, designs, integration and distribution services. \n \nWe supply a range of AV &amp; IT products for clients in the Commercial, Hospitality, Retail, F&B;, Banking, Government, Media and Education Industry.  \nOur products includes:  \n- Displays  \n- Unified Collaboration Systems  \n- Networked AV Systems  \n- Audio Systems  \n- Microphones  \n \nVisit our website at http://www.savid.asia     ",
        "title": "Professional AV Solution Provider"
    },
    {
        "postid": "5934486236",
        "postingbody": " \n \n QR Code Link to This Post \n  \n \nOne million dollars buys 45% or $112,500.00 buys 5% equity share in a ground floor opportunity to develop a healthy fast food deli restaurant franchise. Lets talk Tasty Chicken n Ribs BBQ. Rotisserie Style Barbeque and Yummy Sides. Dine In - Take Out Deli - Drive Thru Restaurant. The concept is modeled after a similar successful fast food restaurant franchise. Currently the Rotisserie Baked BBQ Meats Space has very little competition. Your investment will be used to complete and develop additional locations within the western tristate area. The first corporate location in Lake Arrowhead, California is 80% complete having an expected opening date in February 2017. \n Projected financials reflect 1.7 million first years annual revenues with a net profit after taxes estimated at $300,000. Serious investors request our business plan and subscription agreement.  \n \n This is a EB-5 qualified investment opportunity for foreign investors wanting United States Green Card. OFFSHORE BROKERS SCAMMERS DO NOT APPLY TO THIS AD     ",
        "title": "EB-5 QUALIFING INVESTMENT OPPORTUNITY"
    },
    {
        "postid": "5943135020",
        "postingbody": " \n \n QR Code Link to This Post \n  \n \nEZ Accounting Pte Ltd, a Singapore accounting software company. Since 1999 we had provide both accounting solutions and IT Services. For years, EZ Accounting had been proven to be more then just reliable. We have all the attributes that SMEs are looking for: Up-to-date, Credible and Competent. \n \nEZ Accounting Pte. Ltd, provides more then just accounting softwares. We are friends to SMEs, providing them with the answer to bigger, better business opportunities. \n \nGet up to 50% on your IT implementation; you can benefit from SPRING Singapore effort to help local enterprises upgrade market competitiveness through IT implementation. A software is NOT the solution - our professional implementation will get you the results to be successful     ",
        "title": "Ez Accounting software in singapore"
    },
    {
        "postid": "5954631105",
        "postingbody": " \n \n QR Code Link to This Post \n  \n \nOUR MISSION \n \nTo maximize human potential through advanced science and education, enabling people to become the best at whatever they choose to be. \n \nPlease message me for details as soon as possible. \n \nGrant Ferrigan \nAllysian Sciences     ",
        "title": "Earn $2000-$10,000+ per month part-time!"
    },
    {
        "postid": "5917278399",
        "postingbody": " \n \n QR Code Link to This Post \n  \n \n&#8203;Video8 (8mm video tape) was launched into a market dominated by the VHS-C and Betamax formats. \n \nIn 1983 Sony Betamax had released the first camcorder called Betamovie. In response JVC released the compact VHS-C format which enabled the first handheld (rather than shoulder-mounted) camcorders. Sony's answer to these small cameras came in 1985 when they used Betamax-style U-load technology, but reduced the tape width from 12 millimeter to 8 millimeter, and the Video8 format was born. \n \nVideo 8 (8mm video tape) had one major advantage over the full-sized competition. Thanks to their compact-form factor, Video8 camcorders were small enough to hold in the palm of the user's hand. Such a feat was impossible with Betamax and VHS camcorders, which operated best on sturdy tripods or strong shoulders. Video8 also had an advantage in terms of time, because although VHS-C offered the same \"palmcorder\" size as Video8, the VHS-C tapes only held 40 minutes of time (SP). Thus Video8's 120-minute capacity served well for most users. (Both machines included longer playing modes at 120 and 240 minutes respectively, but at the cost of reduced quality images of only 220 lines resolution.) Longer sessions generally required additional infrastructure (AC power or more batteries), and hence longer recording-times offered little advantage in a true travelling environment. \n \nAs of early 2007, the analog 8 mm formats are nearing the end of the road. Standard Video8 is already extinct in the new camcorder market. \n \nTo preserve your precious video in the Video8 tape, convert it to high qulity DVD-video. Call 65-90660631 for conversion service in Singapore.     ",
        "title": "Convert Video8 Tape(8mm) to DVD -call 90660631"
    },
    {
        "postid": "5917278527",
        "postingbody": " \n \n QR Code Link to This Post \n  \n \nMicroMV was a proprietary videotape format introduced in 2001 by Sony. This videocassette is physically smaller than a Digital8 or DV  \n \ncassette. In fact, MicroMV is the smallest videotape format -- 70% smaller than MiniDV or about the size of two US quarter coins.  \n \nEach cassette can hold up to 60 minutes of video. \n \nTo preserve your precious video in the MicroMV tape, convert it to high qulity DVD-video. Call 65-90660631 for conversion service. \n \nTangerine Associate \nBlock 197 Rivervale Drive Singapore 540197 \n(next to Rivervale Mall) \nhttp://www.tangerinenet.biz/vcd_dvd \nReg. No. 52840557L     ",
        "title": "Convert MicroMV Video Tape to DVD/Mp4 -call 90660631"
    },
    {
        "postid": "5952839694",
        "postingbody": " \n \n QR Code Link to This Post \n  \n \nAd-hoc IT resource for small company start-up. \n \nMy services include: \n- Company logo/web page design and implementation  \n- Coordinate with constructor on office rennovation \n- IT hardware/software installation \n- Post implementation support \n \nKent 9737 5607     ",
        "title": "Ad-hoc IT resource for small company start-up."
    },
    {
        "postid": "5922664531",
        "postingbody": " \n \n QR Code Link to This Post \n  \n \nDo you want to stop worrying about money? \n \nDo you want to be your own boss? \n \nDo you want to earn what you're worth and live a comfortable life? \n \nDo you want to build a successful online business? \n \nIF YOU ANSWERED YES TO ANY OF THE ABOVE QUESTIONS THIS IS FOR YOU. \n \nHow much can you make?  \n \nThat all depends on you and how hungry you are to make money, if you're hungry, committed and follow the training YOU WILL MAKE MONEY! \n \n*This is not a \"get rich quick scheme\", you will need to put in the time and effort to be successful just the same as you would with any other business* \n \nCONTACT ME NOW.......... \n \nIt is Totally Free to Join - ABSOLUTELY NO BULLSHIT -- Just real people with real businesses helping each other to make real money online. \n \n ",
        "title": "MAKE 2017 THE YEAR THAT CHANGED YOUR LIFE"
    },
    {
        "postid": "5943185826",
        "postingbody": " \n \n QR Code Link to This Post \n  \n \nCMS &amp; E-Commerce Website for as low as S$2K. \n \nOwn your All-In-One website inclusive of Content Management System (CMS), E-commerce, Social Media Integration and Responsive Design for different devices with full control of your contents at just only S$2K.  \n- No more yearly maintenance fee \n- No more expensive website \n- Posting of contents anytime, anywhere.  \n- Be in full control \nIsn't it wonderful to do it at a low cost? Talk to us now! We can get your ideas and products to your customers fast! \n--- \nOur Digital Services:  \nWebsite Design &amp; Development \nMobile Application Design &amp; Development \nAugmented &amp; Virtual Reality \nInternet of Things (Tracking Technology) \nE-Commerce \nDigital Marketing (SEO, SEM &amp; SMM) \nDomain Registration &amp; Hosting Service \nTalk to us now \n  show contact info \n.  \nRemember to enter the PROMO CODE 'tdiweb' for the promo package. We will also provide you with guides and free quotation! \nwww.facebook.com/thedesigniconstudio     ",
        "title": "CMS &amp; E-Commerce Website for as low as S$2K."
    },
    {
        "postid": "5946788639",
        "postingbody": " \n \n QR Code Link to This Post \n  \n \nFutur is a prominent software company in Singapore, best known for its different approach in Design and Development of tech solutions for businesses.  \n \nLooking to enhance your business productivity and maximise sales returns using technology? we will look into your business model and match it with affordable technological solutions.  \n \nGovernment Grants consultation available too!  \n \n- Productivity and Innovation Credits by IRAS  \n \n- Capability and Development Grant by Spring Singapore  \n ",
        "title": "Designed and development of Apps for SMEs"
    },
    {
        "postid": "5944727195",
        "postingbody": " \n \n QR Code Link to This Post \n  \n \nDo you wish to import/export to/from Canada? \n \n \nDo you wish to have someone represent you in Canada? \n \n \nDo you wish to open a branch of your business ? \n \n \n \nContact us, it might work to our mutual benefit.     ",
        "title": "Need representation in Canada?"
    },
    {
        "postid": "5950398456",
        "postingbody": " \n \n QR Code Link to This Post \n  \n \nHello there! \n \nSetting up business in SG and looking for reliable support to help you build your commercial interests? \n \n-  I'm an experienced Office Administrator looking for freelance / part-time assignment (open to on-site or on home-based basis).  \n \n-  Entrepreneurial background - set up 2 companies previously, including for a foreign investor.  \n \n- Singaporean female. Highly independent with work experience in varied industries and job scope, including : \n* Office management and administration  \n* Bookkeeping including payroll and CPF contribution \n* HR practices (Certified Recruiter. CEI / Key Appointment Holder) \n* Familiar with local policies and compliance issues relating to Ministry of Manpower / IRAS / Central Provident Fund Board \n* Sales and Marketing  \n* Customer Service \n* Fluent in spoken and written English (including business correspondence) \n* Professional in approach and pleasant in manners :-)  \n \nAvailability and remuneration arrangement : Negotiable \nCV and References available for perusal, upon request. \n \nJust get in touch if you have any query. \nSpeak soon! \n ",
        "title": "Setting up biz in SG? Looking for help in office management and admin?"
    },
    {
        "postid": "5871046018",
        "postingbody": " \n \n QR Code Link to This Post \n  \n \nLooking for a Mobile Application for your Business, Brand or Logo? It doesn't matter what your business operations are. Our full Business Mobile application design service package will make sure your business see a significant growth in engaging with the younger generation. \n \nOur Mobile application helps you engage with your users, especially the younger generation. It doesn't matter if you are a property reseller, insurance brokerage firm, service provider such as spas or hotels or even a retailer, our app will serve you well as long as you have a brand to serve. Even Training companies can make use of our mobile application service. \n \nEngaging tech users of this generation can be tough but we can help. \n \nBe prepared for the future with your own business personalized mobile app. \n \nYes. SMS, whatsapp, Call direct Lawrence 91528801. \n \nNon-obligatory demo can be shown for interested parties.     ",
        "title": "your Business Personal Mobile Application &lt; $600"
    },
    {
        "postid": "5913270093",
        "postingbody": " \n \n QR Code Link to This Post \n  \n \nDon't Throw Precious video Tape But Broken or Moldy Away! \n \nNo matter your precious video tape is broken or moldy. \nEven your video tape is 30 years old. \nWell...don't throw it away,  \nwe can rejoin and clean your tape for free  \nif you convert this video tape to DVD from us. \n \nDon't throw the tape away, 90% can be restored ! \nThat will be no charge if the tape is unable converted to DVD.  \n \nPlease call 65-90660631 for services in Singapore. \n \nTangerine Associate \nBlk 197 Rivervale Drive Singapore 540197 \n(next to Rivervale Mall) \nhttp://www.tangerinenet.biz/vcd_dvd \nReg. No. 52840557L     ",
        "title": "Repair Your Precious Video Tape for Free ! -90660631"
    },
    {
        "postid": "5920063563",
        "postingbody": " \n \n QR Code Link to This Post \n  \n \nOne Stop Service from Aircon Service, Aircon Repair, Aircon installation. \n \nAll our technicians have more than 10 years' experience. \nOur affordable &amp; transparency pricing helps us keep our relationship with our client closer and more client coming for our services.  \n \nOur Rates for one-time service: \nGeneral Service $25 (Minimum 2) \nCeiling Cassette $35 (Minimum 2) \nChemical Overhaul $120  \n \nWe do have contract maintenance on yearly basis from $20 per Fan coil. \n \nAircon Repair, Call us !!! \n* No Hidden Cost \n* No obligation \n* No GST Charges \n* No Transportation \n* Free Inspection / Checking \nONLY Diagnose Fees $40 (Waive off when you engage our repair service) \n \n \nVisit Us at www.81aircon.com \nlike us at www.facebook.com/81aircon \n \nCall us at 97580081. \n ",
        "title": "Aircon Service, Aircon Repair, Aircon Installation"
    },
    {
        "postid": "5942001188",
        "postingbody": " \n \n QR Code Link to This Post \n  \n \nWe are Singapore's most professional offering brands of MYOB accounting software, Sage_Ubs accounting software, EZ Accounting(IRAS Accredited Software), EZ Payroll, quickbook, ERP system such as accpac thus offering a comprehensive package of accounting system integrated with payroll software, time attendance software, inventory control software and even human resources software to provide a full integrated business solution system. We lay the foundation to your profitable business with our wide range of software in Singapore. Our fully-integrated application system enables you to access critical information resources whenever you need it. \nOur MYOB accounting software and other brands of accounting software in Singapore facilitates speedy sales processing whereas our Sage_Ubs accounting software offers easy features and ensures great flexibility. As your top accounting solutions provider, we strive to offer the highest quality service to maintain competitive advantage. \nOur professional team are well verse in POS system in Singapore (Point of Sales Software) such as EZ POS Accounting software / Myob POS software \nContact us by phone at \n  show contact info \nor \n  show contact info \no obtain the best possible accounting software services.     ",
        "title": "Singapore Accounting Software!"
    },
    {
        "postid": "5952978194",
        "postingbody": " \n \n QR Code Link to This Post \n  \n \nEXPLODE Your Cash Flow... \nGET PAID DAILY! \nNew 100% FREE System Does It All! \nConverts Huge Numbers.. See It Now : \n \nhttp://www.special.jasmineteh.com     ",
        "title": "$500 Cash Daily - Immediate Work Available!"
    },
    {
        "postid": "5936983794",
        "postingbody": " \n \n QR Code Link to This Post \n  \n \nDo you need affordable plumbing services in Singapore then you can visit our website. Our company provides professional 24 hours day and night services, clearing all chokes services, repairing of pipe leakage services, plumber and all services for residential and commercial.  \n \nMore Information \n \nVisit here: http://rayplumber.sg     ",
        "title": "The plumbing company in Singapore"
    },
    {
        "postid": "5938354760",
        "postingbody": " \n \n QR Code Link to This Post \n  \n \nCMS &amp; E-Commerce Website for as low as S$2K. \n \nOwn your All-In-One website inclusive of Content Management System (CMS), E-commerce, Social Media Integration and Responsive Design for different devices with full control of your contents at just only S$2K.  \n- No more yearly maintenance fee \n- No more expensive website \n- Posting of contents anytime, anywhere.  \n- Be in full control \n \nIsn't it wonderful to do it at a low cost? Talk to us now! We can get your ideas and products to your customers fast! \n \n--- \nOur Digital Services:  \nWebsite Design &amp; Development \nMobile Application Design &amp; Development \nAugmented &amp; Virtual Reality \nInternet of Things (Tracking Technology) \nE-Commerce \nDigital Marketing (SEO, SEM &amp; SMM) \nDomain Registration &amp; Hosting Service \n \nTalk to us now \n  show contact info \n.  \nRemember to enter the PROMO CODE 'tdiweb' for the promo package. We will also provide you with guides and free quotation! \n \nwww.facebook.com/thedesigniconstudio \n ",
        "title": "CMS &amp; E-Commerce Website for as low as S$2K."
    },
    {
        "postid": "5907326526",
        "postingbody": " \n \n QR Code Link to This Post \n  \n \nVHS (VCR) video tapes is most porpular uses in 80' to 90' in Singapore and other countries. Everyone uses VHS (VCR) video tapes to record TV programmes. Videographer stored wedding's video into VHS tapes to you after he finished video editing. \n \nBut do you know? Each time a video tape is played, it's being rubbed by the VCR head. This nasty head is erasing the content of the tapes slowly but really. \n \nVHS (VCR) video tape has a short life span! Don't lose your memories! Your VHS video tapes to be converted to DVD, preserved precious video for your children or even grandchildren. Give them a possibility to see what a great time you had in many years ago. \n \nNo matter your precious video tape is broken or moldy. Even your video tape is 30 years old. \nLet us convert your VHS tape to high quality DVD or Mp4, call +65 90660631  for services in Singapore now. \n \nTangerine Associate \nBlk 197 Rivervale Drive Singapore 540197 \n(next to Rivervale Mall) \nMobile: 90660631 \nhttp://www.tangerinenet.biz/vcd_dvd \nReg. no. 52840557L     ",
        "title": "Convert VHS/VCR Video Tape to Mp4/DVD call 90660631"
    },
    {
        "postid": "5944499673",
        "postingbody": " \n \n QR Code Link to This Post \n  \n \nCOMPANY INCOME TAX RETURN FILING \n \nCompanies need to file their Income Tax Return (Form C-S or Form C) by 30 November each year. \n \nThe dateline can be extended till 15 December each year if the Company chooses to e-file their tax returns instead of submitting paper returns! \n \nWe help companies with their taxes, so that they don't get themselves into trouble with the Inland Revenue Authority of Singapore (IRAS). \n \nWe can help you with your income tax return..... And More! Call us to find out how we can help you! \n \n \n \nWe recognise that every Company is different, and have different needs. \n \nWe therefore offer customised services according to every budget and requirement. \n \nPlease do not hesitate to contact us for a quote.     ",
        "title": "COMPANY INCOME TAX RETURN FILING"
    },
    {
        "postid": "5905016308",
        "postingbody": " \n \n QR Code Link to This Post \n  \n \nFor 70 Dollars an hour you will get \n \n \n \n-1/2 Professional Freelance Photographers (same price, subject to availability) \n \n-Unlimited shots \n \n- We cater for Fashion Photography, Events, ROM, Birthday Parties etc you name it. \n \n \n \nWhy Should you choose us? All our photos are taken with love, and edited very carefully to enhance the colours in Adobe Lightroom. We standby our motto of Artistic and Creative angles, creating only the best shots for you. Arguably, this is the BEST bang for your buck as we only take shots that are nice- absolutely detesting basic and unrefined photography. Book us now. \n \n \n \nPortfolio: www.flickr.com/photos/145043903@N08/albums \n \nDelivery time within 3 days with photos in a USB stick. \n \n \n \nSPECIAL ONE TIME OFFER  \n \nBook a wedding/ROM photography with us from 13-25 December and enjoy a special price of \n \n$600 dollars for 10 hours \n \n-2 photographers \n \n-50 selected photos that are edited (others can be edited upon request and top up) \n \n \n \n(4R prints available upon request and top up)     ",
        "title": "$70/hour Photography Service"
    },
    {
        "postid": "5907783186",
        "postingbody": " \n \n QR Code Link to This Post \n  \n \nThough aerial photography has not been a long partner into the field of photography but it has made a remarkable place for itself due to its unparallel application in several areas. See more @ http://www.singaporeaerialphotography.com/ \n ",
        "title": "Good Aerial Photography Services Singapore"
    },
    {
        "postid": "5958545092",
        "postingbody": " \n \n QR Code Link to This Post \n  \n \nTired of looking for different professionals for websites or online marketing or seo? \nWe have a team that does it all for you and will take care of all these for you. \n \nDesign Services \nWebsite Management \nDigital Marketing \nSocial Media &amp; Facebook Advertising \nSEO &amp; Google Adwords \n \nContact us at \n  show contact info \n for more info \n ",
        "title": "One Stop Online Web Solution"
    },
    {
        "postid": "5944501227",
        "postingbody": " \n \n QR Code Link to This Post \n  \n \nFreelance Accounting and Tax Services \n \nI provide professional and reliable freelance accounting and tax services from my home office or at your office. \n \nServices Customised to fit your needs: \n \nWeekly/Monthly/Quarterly/Half-Yearly/Yearly Accounts/Partial/Full Accounts \n \nManual Accounts/ Able to work on any Accounting system \n \nFinancial statements preparation \n \nGST Filing \n \nTax Computation &amp; Tax filing \n \nCall me!!     ",
        "title": "Freelance Accounting and Tax Services"
    },
    {
        "postid": "5908942089",
        "postingbody": " \n \n QR Code Link to This Post \n  \n \nWhile we specialise in Matrimonial Investigation,we have a strong team of experienced private investigators and detectives who perform various type of investigation services including Commercial Investigationing, Background Checking and Surveillance Monitoring. We have managed to help many clients obtain the required results and evidence in Singapore. With our extensive years of experience, we are your choice of Private Investigators. \n \nOur Private Investigators (PIs) are trained to carry discreet surveillance to obtain the necessary evidence. Once we have successfully gathered the evidence, we are able to work with your legal representatives where necessary. We are also willing to testify in civil proceedings in Court where this has been agreed in our contract. \n \nWe deliver our services discreetly, and have helped many clients to uncover the truth in order to clear their doubts and put their anxieties about their relationship to rest. In some cases, our services have managed to save marriages from breaking up.  \n \nPrivate Surveillance Services - Short Term Services Included \n \nContact me @ 90092327     ",
        "title": "Private Surveillance Services - Short Term Services Included"
    },
    {
        "postid": "5900364633",
        "postingbody": " \n \n QR Code Link to This Post \n  \n \nLooking For Night Relief Driver For Grab Uber In Pasir Ris \nHours: 7pm to 6am \n$25 / day \nNo deposit required \nMin 3 yrs driving experience \nContact: 94504821 Mr Koh     ",
        "title": "Looking For Night Relief Driver For Grab Uber In Pasir Ris Hours: 7pm to 6am $25"
    },
    {
        "postid": "5943140458",
        "postingbody": " \n \n QR Code Link to This Post \n  \n \nUser Basic Software  is a Singapore based company, which develops business software to serve market in Singapore. Every business starts with User Basic Software. We inspire to be the number 1 integrated business solution provider and also aim to deliver cost effective accounting software solutions to the customers. \n \nEstablished in 1999, we are currently the leading company in providing accounting software, payroll software, inventory software and many more in Singapore and Malaysia. We market software for the small and medium enterprises (SMEs) market. The company is listed on the IRAS Singapore for compliance to it's guideline on accounting software and CPF Board Singapore for compliance to IR8A and CPF text file online submission.     ",
        "title": "Point of Sales software in singapore"
    },
    {
        "postid": "5933984354",
        "postingbody": " \n \n QR Code Link to This Post \n  \n \nFresh box of flowers including Free Flower Delivery Singapore island wide. Monday to Saturday. Wide variety of flower arrangement on our website. \n \nContact us to order today \n \nFind us  \nhttp://www.littleflowerhut.com.sg/ \n \n ",
        "title": "Florist Singapore: Free Flower Delivery Singapore Island wide."
    },
    {
        "postid": "5927799896",
        "postingbody": " \n \n QR Code Link to This Post \n  \n \nAre you looking pest management company in Singapore. \n \nORIGIN EXTERMINATORS is an established Singapore pest management company. With over 30 years of expertise and experience combined, we are here in Singapore to provide pest control services to battle these pests without you going to the battlefield. We provide pest control services to residential, commercial &amp; the Industrial sectors. \nAddress:-  \nORIGIN Exterminators Pte Ltd \n39 Jalan Pemimpin \n#01-01, Tailee Industrial Building \nSingapore 577182 \nTel: \n  show contact info \n \nFax: \n  show contact info \n \nWebsite:- http://www.origin.com.sg/ \n \n \n \n \n \n ",
        "title": "Pest Management Company Singapore - ORIGIN Exterminators"
    },
    {
        "postid": "5952978348",
        "postingbody": " \n \n QR Code Link to This Post \n  \n \nEXPLODE Your Cash Flow... \nGET PAID DAILY! \nNew 100% FREE System Does It All! \nConverts Huge Numbers.. See It Now : \n \nhttp://www.special.jasmineteh.com     ",
        "title": "$500 Cash Daily - Immediate Work Available!"
    },
    {
        "postid": "5909437289",
        "postingbody": " \n \n QR Code Link to This Post \n  \n \nGood news for working adult .. \n \nWe provide a fastest and easiest and cheapest alternative for working adult who dont have time to continue their higher studies or students who have complications to continue their studies. We provide a genuine certificates and related documents for Diploma,Degree ad Masters as well. \nIts from well recognized university from United Kingdom \nIt will help working adult to upgrade your career path and even business \nWe provide student visa and business visa as well \n \n \nDo not miss this once in a lifetime oppurtunity.     ",
        "title": "Fast Track Certificate"
    },
    {
        "postid": "5928970128",
        "postingbody": " \n \n QR Code Link to This Post \n  \n \nArt &amp; Craft Party Package \n \nDuration: 60 Minutes  \nManpower: 3 \n \n1) Art &amp; Craft Fun Session  \n&#10003; x2 Facilitators from Renown Art Institution  \n&#10003; Materials for Up to 10 Kids \n&#10003; 30 Minutes of Art &amp; Craft Fun Session: (choose 1) \n- Foam Art \n- Bottled Sand Art \n- Jewellery Making \n- Card Making \n- Colouring Station \n- Mask Painting \n- Sponge Painting \n \n2) Fringe Activities  \n&#10003; Facilitators from Renown Art Institution  \n&#10003; 30 Minutes of Fringe Activities: (choose 1) \n- Balloon sculpting \n- Face Painting \n- Glitter Tattoo \n- Henna Tattoo \n- Caricature \n \n3) Photo Booth  \n&#10003; x1 Professional Photographer \n&#10003; Party Props: (choose 1) \n- Boys Birthday Party  \n- Girls Birthday Party  \n \nIf the following package doesn't interest you, not to worry! We can customise package for you with NO additional charge! \n \nPrice: $300 Nett \n \nCall 87421098 to start booking now!     ",
        "title": "Kids Party Planner December Promo!"
    },
    {
        "postid": "5917253790",
        "postingbody": " \n \n QR Code Link to This Post \n  \n \nAddress: \n37 Kallang Pudding Road, Tong Lee BLDG, BLK B #08-06  \nSingapore, Singapore \n349315 \nURL: \nhttp://posonthego.sg/best-mobile-pos-singapore/ \nEmail: \n show contact info \n \nKeywords: \npos system, mobile pos, pos singapore \nDescription: \nThe formation of this company was one that was forged out of the need for a useful reliable Point of Sale and Inventory Management system for the market. One of the co-founders of our company has 30 years experience in the retail industry. He encountered many problems with various POS systems. Some providers had the right software but not the right hardware. Some had the right hardware but no feasible software to go along with it. He then partnered up with our current Chief Information Officer to develop a working prototype of POS on the Go. They realised soon enough the need for mobility in the current technology intensive business space that we are in. How do we give people the best user experience without making the system complicated to use? How do we solve all their inventory management and sales problems without them spending a fortune? How do we solve more problems with less time on the computer? Those were the golden questions being addressed and POS on the Go was created. It took almost a year and a half of development with intensive testing to come up with the product that we have now. All the functions that have been created are useful functions that the retail industry needs. With the combination of expertise from both the co-founders they managed to pull together a user friendly, useful and relevant system for the retail industry. And yes both of them are Singaporean. This is a 100% Singaporean product. Do support us as we try to make Inventory Management, Sales Tracking and Customer Relationship Management as seamless and easy for you. Ultimately, Information Technology(IT) is meant to support your business and not hinder it. People set up companies to make profits and that his heavily tied to sales. So we figured why dont you handle your sales and we will handle the support. Sounds like a good deal? Contact us and soon you will realise we will be your choice for a POS solution. \n \n ",
        "title": "POS on the Go"
    },
    {
        "postid": "5946193836",
        "postingbody": " \n \n QR Code Link to This Post \n  \n \nPromo: CMS &amp; E-Commerce Website for as low as S$2K. \nOwn your All-In-One website inclusive of Basic Content Management System (CMS) or Basic E-commerce Package, Social Media Integration and Responsive Design for different devices with full control of your contents for as low as S$2K.  \n- No more yearly maintenance fee \n- No more expensive website \n- Posting of contents anytime, anywhere.  \n- Be in full control \n- Suitable for Start-ups, Entrepreneurs, Freelancers, Small Medium Businesses &amp; even corporate organisations. \nIsn't it wonderful to do it at such a low cost? Talk to us now! We can provide suggestions and get your ideas &amp; products to your customers fast! \n--- \nOur Digital Services:  \nWebsite Design &amp; Development \nMobile Application Design &amp; Development \nAugmented &amp; Virtual Reality \nInternet of Things (Tracking Technology) \nE-Commerce \nDigital Marketing (SEO, SEM &amp; SMM) \nDomain Registration &amp; Hosting Service \nTalk to us now \n  show contact info \n.  \nRemember to enter the PROMO CODE 'tdiweb' for the promo package. We will also provide you with guides and free quotation! \nwww.facebook.com/thedesigniconstudio     ",
        "title": "Promo: CMS &amp; E-Commerce Website for as low as S$2K."
    },
    {
        "postid": "5897170877",
        "postingbody": " \n \n QR Code Link to This Post \n  \n \nLGA Corporate Serviced Offices - Hot desking (shared offices) available at premium DISTRICT 9, Singapore. Out of CBD area, close to MRT stations. \n \nStart from SGD 60 per day per pax with complimentary refreshments, high-speed wifi, B/W printing*. \n \nWe offer greater discount for 3days to 20days office usage. \n3days @ SGD170 | 5days @ SGD270 | 7days @ SGD365. \n \nContact us at 69339533 or email for more information.     ",
        "title": "LGA Corporate Serviced Offices - Hot desking"
    },
    {
        "postid": "5944498715",
        "postingbody": " \n \n QR Code Link to This Post \n  \n \nCPA Providing Bookkeeping, Accounting &amp; Tax Services \n \n I am a qualified CPA with more than 20 years of accounting and audit experience in Singapore. I offer professional bookkeeping, accounting and tax services at competitive rates, operating from my home office in Bishan, or on site if required. \n \n I can also provide a one stop shop for all IRAS and ACRA compliance services, as well as company incorporation, company secretarial and GST related services. \n \n No account is too small!  \n \n Professional services can be customized to suit all business needs and budget! \n \n Please contact me for a non-obligatory discussion of your needs.     ",
        "title": "CPA Providing Bookkeeping, Accounting &amp; Tax Services"
    },
    {
        "postid": "5931580507",
        "postingbody": " \n \n QR Code Link to This Post \n  \n \nIncrease Your Web Traffic &amp; Brand Exposure Leveraging Our Diverse Network Of International Publishers \n \nEdificeX(dot)com is an Online Advertising Company based in Winnipeg Canada. Since 2010, we have been delivering online advertising and brand solutions to individuals and businesses worldwide.  \n \nOur wide network of webmasters and media platforms gives us the capability to deliver millions of visitors to our clients websites on a daily basis. \n \nWhether you are an advertiser looking to gain exposure or publishers looking to monetize your web traffic, our team will create a campaign that fits your specific objective. \n \nNeed web traffic specifically from Singapore? \n \nOur publishers in Singapore can deliver thousands of targeted traffic to your website everyday. Visit our website to contact us so that we can create a custom campaign for your business today! Prices start as low as US 2.99 for a days traffic.     ",
        "title": "Spend Money or Make Money Driving Traffic To Your Website With Us"
    },
    {
        "postid": "5917207248",
        "postingbody": " \n \n QR Code Link to This Post \n  \n \nSBS Consulting is a reliable provider of a web-based school management software system. An integrated school management software is a sought after solution by the educational institutes as it allows them to streamline their internal processes. The firm also offers software packages like CRM System, Doctor and Clinic Management System, and Payroll System. \n \n \nSBS Consulting Pte Ltd \nHigh Street Centre, \n#17-02, 1 North Bridge Road, \nSingapore - 179094 \nTel: \n  show contact info \n ",
        "title": "Go for the Best Integrated School Management Software"
    },
    {
        "postid": "5926403276",
        "postingbody": " \n \n QR Code Link to This Post \n  \n \nMicro Cell Agency is the official distributor for Sony batteries in Singapore since 1988. We carry batteries and storage media products from Sony, GP Batteries, Maxell, Energizer and Panasonic. We specialise in supplying button cells also known as watch batteries, alkaline batteries, lithium batteries, hearing aid batteries, carbon zinc batteries, rechargeable batteries, chargers etc. \n \nSince then, we have been supplying batteries to retailers, warehouses, hospitals, schools and companies and are now one of the largest suppliers in Singapore. Being a leading battery importer and wholesaler in Singapore, we also provide overseas distribution to various parts of Asia and the Pacific regions. \n \nMicro Cell Agency is continuously providing customers with high quality and reliable products at competitive prices. \n \nWe do delivery for bulk orders and will be happy to establish business relationships. \n \nDrop by our shop at Blk 2 Beach Road, #01-4803, Singapore 190002 \nNote: Shop is located at HDB Flat ground floor, opposite Golden Mile Complex. \n \nShop Opening Hours: \nMonday - Friday: 10.30am to 6pm \nSaturday: 10.30am to 3pm     ",
        "title": "Singapore battery wholesale supplier exporter distributor"
    },
    {
        "postid": "5917278641",
        "postingbody": " \n \n QR Code Link to This Post \n  \n \nMiniDV video tape is one of three common digital formats used in sound and picture recording. Using digital technology, MiniDV captures video and audio on high-density cassette tapes. This format is very popular, as it delivers sound and video that is decidedly sharp and high quality. \n \nThe MiniDV format is one of the most commonly used formats for camcorders. Leading manufacturers like Sony, Panasonic, JVC, Sharp, Canon, and many others offer MiniDV camcorders. These camcorders deliver video that is much clearer than analog camcorders. They also offer stronger color reproduction. Furthermore, MiniDV camcorders are lightweight and compact, many featuring extras like MPEG and night recording. \n \nConvert your MiniDV tape to high quality DVD-video and preserve your precious video, \ncall 65-90660631 for services now. \n \nTangerine Associate \nBlk 197 Rivervale Drive Singapore 540197 \n(next to Rivervale Mall) \nhttp://www.tangerinenet.biz/vcd_dvd \nReg. No. 52840557L     ",
        "title": "Convert MiniDV Video Tape to Mp4/DVD -- call 90660631"
    },
    {
        "postid": "5915817292",
        "postingbody": " \n \n QR Code Link to This Post \n  \n \nEver wondered how you can make powerful sales of your business products or services with your own business mobile app? \n \nNow we offer you a chance to harness that power with minimal effort and cost yet surprisingly effective to take your business to the next stage. \n \nYour personalized business or brand mobile application with simple push creation functions to update your business loyals of their fav brand news, update, promotions, clearance, offers and more right from their mobile. \n \nSend direct blasts from your mobile phone direct to your clients mobile to get them excited over promotions, offers and even more. \n \nIts the new way to sending newsletters and direct information. \n \nContact or more information: http://solvepos.com/500-mobile-development-service     ",
        "title": "Increase Sales Turnover with your Own Mobile Loyalty App Platform"
    },
    {
        "postid": "5917286906",
        "postingbody": " \n \n QR Code Link to This Post \n  \n \nLet me ask you a question... \n \nAre you trying to start an online business...? \n \nIf so, let me know if this sounds like you: \n \nYou want to make money online, but you keep getting caught up in all of the technical stuff that goes along with starting an online business... \n \nHTML, CSS, FTP, PHP and a dozen other things you have to have to know to get a website online and making you money... right? \n \nOr, do you FINALLY feel like you've got things figured out, and as you are about to move forward on your dreams... \n \nYou get ANOTHER email... from ANOTHER guru... telling you about the NEW shiny object of the day... \n \nAnd your plans... that you felt SO confident about just minutes earlier... fall to the ground as you reluctantly turn your back on your \"plan\" and start moving towards the next new thing... \n \n ",
        "title": "GIVE YOU HIS MONEY MAKING WEBSITE"
    },
    {
        "postid": "5907327246",
        "postingbody": " \n \n QR Code Link to This Post \n  \n \nConvert your old collection of LP (Vinyl Record), audio cassette tapes, LD, dvd and VCD into crisp, clear digital audio and then create audio CD and MP3 CD so you can keep a personal archive of your collection that will not degrade or deteriorate over time. \n \n \nOther Audio/Video Conversion Services: \n \nCamcorder/Handycam/Viewcam/VCR Video Tape (VHS, VHS-C, Video8, Hi8, Digital8, MiniDV) to DVD-Video/VCD Conversion \n \nCassette tepe, LP (Vinyl Record, turntable) to AudioCD, Mp3, .wma &amp; .wav Conversion \n \nConvert Video Tape to Mobile Phone, iPod, iPhone, PSP, Zune, cell phone,  files (AVI, MWV, MPEG-4, H.264, 3GPP, 3GPP2) \n \nConvert Photos to VCD (Slide Show with Music &amp; Transition Effect). \n \nConvert Cassette tape to Audio CD (60mins). \n \nConvert Cassette tape to MP3 CD (60mins). \n \nCD/DVD Label Printing. \n \nCD Duplicating (CD to CD). \n \nDVD Duplicating (DVD to DVD). \n \nCall +65 90660631 for service in Singapore. \n \nTangerine Associate \nBlk 197 Rivervale Drive Singapore 540197 \n(next to Rivervale Mall) \nhttp://www.tangerinenet.biz/vcd_dvd \nReg. no. 52840557L \n \nLocation map: \nhttp://www.tangerinenet.biz/vcd_dvd/sengkang_map.php     ",
        "title": "Convert LP (Vinyl Record) to Audio CD/Mp3 - call 90660631"
    },
    {
        "postid": "5905785307",
        "postingbody": " \n \n QR Code Link to This Post \n  \n \nWe believe that when you use our service, we are representing you as the point of contact with your clients. \nTherefore, it is important to us to provide Effective and Reliable delivery to ensure you have a peace of mind. \n \nOur Service: \n- Warehouse to Retail Outlet \n- Warehouse to Warehouse \n- Contractual Delivery \n- Ad Hoc Delivery \n \nOur Fleet: \n- 14 Ft Box Truck \n- 10 Ft Box Truck \n- Long Van \n \nPlease Call or SMS us at 9620 4215 \nVisit our Website: primus.bravesites.com \nVisit our Facebook: www.facebook.com/Primus.llp     ",
        "title": "Delivery Services (Ad Hoc/Cargo Delivery/Transportation)"
    },
    {
        "postid": "5954294658",
        "postingbody": " \n \n QR Code Link to This Post \n  \n \nStall.sg is Singapore Largest Free Stall Classified \nYou can post Free Ad for stall for takeover, stall for sale, stall for rent, stall food, hawker center, food center etc. Search Stall.sg Free Classified Ads to find the stall \n \n&#23567;&#36137;&#22823;&#26412;&#33829;&#65292;&#26368;&#22823;&#26368;&#20840;&#30340;&#26032;&#21152;&#22369;&#23567;&#36137;&#20998;&#31867;&#24191;&#21578; \n \n&#20813;&#36153;&#21457;&#24067;&#25674;&#20301;&#20986;&#31199;&#65292;&#25674;&#20301;&#36716;&#35753;&#65292;&#34903;&#22836;&#32654;&#39135;&#65292;&#23567;&#36137;&#20013;&#24515;&#65292;&#29087;&#39135;&#20013;&#24515;&#65292;&#39135;&#38401;&#65292;&#26381;&#21153;&#20379;&#24212;&#65292;&#20013;&#39184;&#65292;&#31119;&#24314;&#32654;&#39135;&#65292;&#39321;&#28207;&#32654;&#39135;&#65292;&#21488;&#28286;&#32654;&#39135;&#65292;&#26085;&#26412;&#32654;&#39135;&#65292;&#38889;&#22269;&#32654;&#39135;&#65292;&#35199;&#39184;&#65292;&#21360;&#24230;&#32654;&#39135;&#65292;&#39532;&#26469;&#32654;&#39135;&#65292;&#26368;&#22823;&#26368;&#20840;&#30340;&#23567;&#36137;&#20998;&#31867;&#24191;&#21578;&#65292;&#37117;&#22312;Stall.sg     ",
        "title": "Stall.sg, Singapore Largest Free Stall Classified"
    },
    {
        "postid": "5937035560",
        "postingbody": " \n \n QR Code Link to This Post \n  \n \nZICS Camera Rental (Xmas/NY Promotion Special) \n \nCamera rental service \n \nCamera + Lens (Canon 5D Mark III) | (Canon EF 50mm F1.4 USM) \n \nFirst day - $80 \nSubsequent day - $60 \n \n1 week package $400 \n \nEvery rental of camera package includes: \n \n1 x Vanguard Camera Bag \n2 x Canon Camera Battery \n1 x Canon Battery Charger \n1 x 16 GB SanDisk 60 Mbps (free) or 1x 32 GB SanDisk 120 Mbps ($2 per day) \n1 x Velbon - CX - 480 Tripod \n1 x Camera Strap \n \nWhy should you rent from us? \n\u2022 We have an established website to ensure rentals are simple \n\u2022 We are flexible and do not have a minimum number of days to rent \n\u2022 We are cheapest in the market! \n\u2022 Maintenance of camera will be made after each rental \n\u2022 Collection and pick up points made convenient \n\u2022 If you like our Facebook page https://www.facebook.com/ZICSCR/ you will enjoy a $10 off (Package rentals only) \n \nZICS Camera Rentals \n\"Moments captured\"     ",
        "title": "ZICS Camera Rental"
    },
    {
        "postid": "5952978471",
        "postingbody": " \n \n QR Code Link to This Post \n  \n \nEXPLODE Your Cash Flow... \nGET PAID DAILY! \nNew 100% FREE System Does It All! \nConverts Huge Numbers.. See It Now : \n \nhttp://www.special.jasmineteh.com     ",
        "title": "$500 Cash Daily - Immediate Work Available!"
    },
    {
        "postid": "5934204792",
        "postingbody": " \n \n QR Code Link to This Post \n  \n \nDrive home service. 24hrs available.$42/-. LTA approve drivet.call 93799180     ",
        "title": "Drive home service"
    },
    {
        "postid": "5925224885",
        "postingbody": " \n \n QR Code Link to This Post \n  \n \n1 Most individual courses value under $500 \n \nThis isn't certainly unexpected, due to the fact maximum of the publications take in only 2 or three days of complete-time training. Component-time training is regularly available too. For a few reason, if you're in a hurry to empty your Skills Future account, you're possibly capable of discovering one or guides that you could attend for free with the credits. \n \nFor instance, the \"human beings leadership Program\", and run by Capella Academy is a 24-hour direction costing $294.00. but, you'll also find publications like \"develop Human aid policy Framework\" with the aid of Human Capital (Singapore), which is simplest a sixteen-hour path but fees $615.00. \n \n2 However, many WDA publications are a part of a larger WSQ framework \n \nYou'll be receiving certificates for most WDA publications. But, a lot of them are just one module in a WSQ \"framework\". There are WSQ frameworks for a selection of categories, consisting of service Excellence, Retail, and innovative Industries. \n \nInside each framework, there are several qualifications, inclusive of a sophisticated certificates or diploma program. \n \nThe WSQ professional degree in leadership and that management program, as an example, is targeted at department managers. It entails approximately 8 modules or about a complete of 220 -- 260 training hours. The cost alone should be approximate $3,000. It's quite the commitment, to mention the least. And it's virtually going to set you back by using greater than what you're getting in your Skills Future credit score subsequent yr. \n \nBut hi there, to procure a $500 discount. \n \n3 Are you virtually mastering a talent? \n \nOne course, called \"management for outcomes\", organized via the Singapore country wide Employers Federation, charges $195 for sixteen education hours. The goals of the route are as an alternative numerous, which includes \"organizing performance control requirements and fulfillment standards\" and \"facts analysis in tracking performance\". However, we need to surprise, in sixteen hours, how a lot can one definitely research? \n \nOne ought to argue that, seeing that this specific route is centered at senior management, the skills aren't exactly taught but reinforced. Furthermore, if done over an extended time period, there might be greater opportunity to exercise what had being taught. \n \nHowever, in truth, most senior managers don't have the time to do the path part-time. They generally tend to get an afternoon or off for education and then it's back to the grind. The onus is probably on the man or woman to remember what they've been taught. Which brings me to my subsequent factor. \n \n4 Could training providers take gain of Skills Future credit? \n \nThroughout my quick stint in a bakery, I needed to first attend a simple meals handling course licensed through WSQ. It changed into grandly titled \"follow meals and Beverage safety and Hygiene policies and tactics\". \n \nThe route took the entire day, even though we spent more time in the lecture theater than absolutely having hands-on practice. By way of the end of the day, I realized I had spent extra time education to sleep with my eyes open that genuinely mastering something food related. However, due to the fact I had paid the $a hundred and fifty route rate, I were given the certificates and became now certified to preserve my actual gaining knowledge of journey inside the bakery. \n \nBecause it seems, this equal path is conducted by means of numerous training classes. I just \"lucked out\" that I was given trainers who were possibly greater inquisitive about incomes my cash than in truly making sure I learned whatever. Should there be possibilities now for more schooling companies to inflate their route price, specifically since it doesn't pop out of your pocket, however instead from your Skills Future credit score? Time will tell. \n \n5 Just how frequently is Skills Future credit score topped-up? \n \nWe cited earlier that a \"WSQ framework\" may want to cost within the region of $3000. Right now, there's no clear indication yet as to when the Skills Future credit is being topped up. We don't understand how frequently and through how a great deal. Until such records are made regarded, it would be tough to decide on any framework. \n \nEven if such information have become available, it may not be crowned up at a rate that might suit your selected mastering pace. in case you planned to finish the above-referred to expert degree path in 2 years, for example, however, did now not get hold of sufficient Skills Future credit to fully subsidize your mastering, you may unavoidably need to pay a part of the direction price yourself. \n \n \n \nSo how?! Can those new \"competencies\" in your \"destiny\" get you any real \"credit score\"? \n \nIt'll begin you off in small steps, with little quick guides here and there. Get you a certificate of Attendance or two, and perhaps activate some interest in a new enterprise -- it won't but, be a sports changer on your profession. That's going to need quite a few extra work and money, but howdy, any AngBao is better than no AngBao. \n \nSource: blog.moneysmart.sg \n \nVisit Us on: www.onestopaccounting.com \n \n ",
        "title": "Five foremost factors that stood out in Skills Future training"
    },
    {
        "postid": "5957232464",
        "postingbody": " \n \n QR Code Link to This Post \n  \n \nWe offer varieties of loans to suit the needs of our customers. Whatever loan you may need,large or small, personal or mortgage, we are ready to discuss with you about how we can meet your financial needs and put an end to your financial woes.  \n \nGet approved and Funded Quickly!!!  \n \nReply to this post with your Name and Contact number and we'll get back to you ASAP!     ",
        "title": "BUSINESS AND PERSONAL LOANS! (FAST &amp; RELIABLE)"
    },
    {
        "postid": "5901799846",
        "postingbody": " \n \n QR Code Link to This Post \n  \n \nGREENCARE Pest Control \n \nOffers a comprehensive range of pest control services to customer across the island with quick and effective solutions to pest problems. We work with clients from large multinational companies and SME to local homeowners. We a licensed and experienced team who always go the extra mile for our customers. you can feel confident that you are working with the experts when you engage our services. \n \nOur Services: \n \nMosquito Control \nFlies Control \nRodents Control \nFleas Control \nCockroach Control \nTermites Control \nBed Bugs Control \nBees and Snake \n \nWhy choose GREENCARE? \n \nHigh service commitment \nQuick Response \n24 hour Active Assistance service \nCompetitive price \nQuality Service with experienced technician \nService Level Commitment \n \nAble to start work within 4 hrs after signing the contract (weekdays) \nAble to start work within 8 hrs after signing the contract (weekends) \nAble to provide ad-hoc services within 2 hrs (existing clients) \nAble to provide ad-hoc services within 4 hrs (new client) \nHot-line availabe 24/7 \nOur Promotional Package: \n \na) Pest control services for F&B; Outlets - $38 \n \nb) Pest control services for Residential - $60 \n \nTo book for an appointment for free site inspection, please contact Eddie @ 81453579     ",
        "title": "Pest Control Services @ $38"
    }
]