[
    {
        "postid": "5824633571",
        "postingbody": " \n \n QR Code Link to This Post \n  \n \nIt's time to clear your debts or get some extra money easily. \n \nFinally there's a better way. \nOur solution to your problem ! \n \nDon't you wish financial problems can be solved in an hour ? \nTired to be rejected due to poor credit? \nBelieve it or not, we approve bad credit in an hour. \nSay 'YES' to offset your bills today and call us. \n \nImagine solving your problem within an hour? \n \nWe're ready to prove everything we claim. \nSimply call to ask and believe. \nDon't just take our word for it, find out yourself ! \n \nReserve your appointment NOW !  \nLimited appointments per day. \n \nCALL US TO HELP YOU ! \n \nFor immediate enquires, CALL US @ *939 26 324.     ",
        "title": "Need money urgently to tide through?"
    },
    {
        "postid": "5952983523",
        "postingbody": " \n \n QR Code Link to This Post \n  \n \nInterested in tennis but unsure of where to find professionally qualified  coaches? Feeling lethargic and needing a good workout? Wanna improve your fitness &amp; health but don't know how? Try Tennis! Tennis Coaching Services is set up to provide professionally run tennis lessons by qualified and internationally accredited coaches for students of all ages and levels. We are known for tailoring our lessons to the needs of individuals. Lessons are conducted on 1 to 1 basis but small group can also be considered. Our rates are highly competitive and afforded. All you need is to decide that you want to learn and play or improve your skills further, choose a day and a time, a venue of your choice and convenience, and we will be there. Call Now! Hd Coach(See Wai)@9 021 7831 with no obligation.  \nPhoto Gallery -  http://www.flickr.com/photos/tenniscoachessingapore/show/  \nWhat others say -  http://tenniscoachingservicessingapore.wordpress.com/  \n ",
        "title": "Tennis Coaches, Tennis Lessons In singapore"
    },
    {
        "postid": "5952962964",
        "postingbody": " \n \n QR Code Link to This Post \n  \n \nUpper secondary tuition for: \n \n-Pure chemistry \n-Pure physics \n-Combined science (Phy/chem) \n-E math \n-A math \n \nI will teach you not just the contents of the subject, but how to use tools and techniques (chunking, cluster maps, interleaving) to learn the subject more effectively and score well for your tests.  \n \nWhy should you sign up for this class? \n \n1. Notes are provided.  \n2. Infuse smart study techniques in your learning. \n3. Regular revisions for old topics.   \n4. Ask me questions anytime outside class (via WhatsApp) \n5. Maximum 4 students in a group. A lot of focused learning and peer support. \n \nRates are $35-50/hr.  \n2017 classes opens 16 January. \n ",
        "title": "Group Tuition In Tampines"
    },
    {
        "postid": "5946284207",
        "postingbody": " \n \n QR Code Link to This Post \n  \n \nInterested in tennis but unsure of where to find professionally qualified  coaches? Feeling lethargic and needing a good workout? Wanna improve your fitness &amp; health but don't know how? Try Tennis! Tennis Coaching Services is set up to provide professionally run tennis lessons by qualified and internationally accredited coaches for students of all ages and levels. We are known for tailoring our lessons to the needs of individuals. Lessons are conducted on 1 to 1 basis but small group can also be considered. Our rates are highly competitive and afforded. All you need is to decide that you want to learn and play or improve your skills further, choose a day and a time, a venue of your choice and convenience, and we will be there. Call Now! Hd Coach(See Wai)@9 021 7831 with no obligation.  \nPhoto Gallery -  http://www.flickr.com/photos/tenniscoachessingapore/show/  \nWhat others say -  http://tenniscoachingservicessingapore.wordpress.com/  \n ",
        "title": "Tennis Coaches, Tennis Lessons In singapore"
    },
    {
        "postid": "5948998803",
        "postingbody": " \n \n QR Code Link to This Post \n  \n \nSchool teacher offering Malay Tuition to lower primary and upper primary students. Please contact for more information.     ",
        "title": "Malay Tuition"
    },
    {
        "postid": "5824632609",
        "postingbody": " \n \n QR Code Link to This Post \n  \n \nFinancial assistance for Singaporeans and PR only \n \nWe have an easy way to get you extra money to spend or to settle your debts ! \n \nNeed cash to pay off bills ? \nNeed cash to tide up for the month ? \nNeed cash urgently to settle your personal needs ? \nNeed ready cash to solve your financial status ? \nBut turned down by the bank, your relatives and friends? \n \nNo problem. \n \nWe provide totally LEGAL ways to help you get more money to spend or  \nto settle your outstanding debts.  \n \nMany people are already benefiting from this! \nThe solution to your problem. \n \nCall 9392 6324 NOW  \nto see if you are eligible ! \n \nOnly Singaporeans and PRs may apply \nAge 24 and above.     ",
        "title": "Headache over short of money?"
    },
    {
        "postid": "5955987322",
        "postingbody": " \n \n QR Code Link to This Post \n  \n \nMusical Art Studio offers Group Violin lessons (3 to 6 students per group) to \nbeginners, ranging from 3 years old to adults. \n \nThe students will attend classes, depending on their age as follows: \n \n-3 to 5 years old; \n \n-6 to 9 years old; \n \n-10 to 14 years old; \n \n-15 years old to adults. \n \nStudents, who register for the entire 1st level (4 months, 16 lessons) will be \ngiven a free violin. \n \n \nFor more info, please: \n \n-visit our website at: www.musicalartstudio.info \n \n-send an e-mail to: \n  show contact info \n \n \n-call 63382469     ",
        "title": "Violin Group Classes for Kids and Adults"
    },
    {
        "postid": "5954180851",
        "postingbody": " \n \n QR Code Link to This Post \n  \n \nProfessional Singing and Stage Performing Program  \nWe have a upcoming Singing Program,&#12304;Professional Singing and Stage Performing &#12305;for all of those who loves music. \n \nTraining contents&#65306; \n- Professional Singing Skills (eg&#65306;breathing method&#65292;different types of vocals projections) \n- Stage Performance (body language and expression) \n \nIf you would like to join our Singing course,  \nplease contact 9734 5915 for more details. \n ",
        "title": "Professional Singing and Stage Performing Program"
    },
    {
        "postid": "5953639321",
        "postingbody": " \n \n QR Code Link to This Post \n  \n \nMusical Art Studio offers Group Violin lessons (3 to 6 students per group) to \nbeginners, ranging from 3 years old and above.  \n \nThe students will attend classes, depending on their age as follows: \n \n-3 to 5 years old; \n \n-6 to 9 years old; \n \n-10 to 14 years old; \n \n-15 years old to unlimited. \n \nStudents, who register for the entire 1st level (4 months, 16 lessons) will be \ngiven a free violin. \n \n \nFor more info, please: \n \n-visit our website at: www.musicalartstudio.info \n \n-send an e-mail to: \n  show contact info \n \n \n-call 63382469     ",
        "title": "VIOLIN GROUP CLASSES"
    },
    {
        "postid": "5947492986",
        "postingbody": " \n \n QR Code Link to This Post \n  \n \nHello, \n \nAre you looking for a tutor to help you practice your Korean and forming sentences?  \n \n \n \n \nOr practicing your Korean fluently? \n \n \n \n \nYou can meet me through Skype, and you can book my lesson at your convenience through www.tutor-k.com. \n \n \n \n \nI offer customized curriculum based on what you tell me which subject or part you would like to work on. \n \n \n \n \nWe will discuss about business and social manners that are required in Korea as well during session.  \n \n \n \n \n \n You can schedule a Korean lesson with me through below link. \n \n http://www.tutor-k.com/profile/view_profile.php?lmn=120  \n \n You can book me for a trial session or regular session which is for 30 minutes. \n \n \n \n \n \n \nMy rates are $7-$13 for 30 minutes.  \n \n \n \n \nGroup lesson rates are cheaper than private lesson rates. \n \n \n \n \n(Book group lesson with your sister, brother, friend, or family. More people more fun!) \n \n \n \n \n \n Contact me if you have any questions. \n \n ",
        "title": "Are you looking for a tutor to help you practice your Korean and formi"
    },
    {
        "postid": "5914689802",
        "postingbody": " \n \n QR Code Link to This Post \n  \n \none by one piano teaching \nat student home or at my place(Tampines) \nall level accepted \ntext me or call me at 8611 7793 for arrange class \ngood price:)     ",
        "title": "&#38050;&#29748;&#35838;&#31243;&#65292;&#38050;&#29748;&#23478;&#24237;&#36;"
    },
    {
        "postid": "5943196070",
        "postingbody": " \n \n QR Code Link to This Post \n  \n \nInterested in tennis but unsure of where to find professionally qualified  coaches? Feeling lethargic and needing a good workout? Wanna improve your fitness &amp; health but don't know how? Try Tennis! Tennis Coaching Services is set up to provide professionally run tennis lessons by qualified and internationally accredited coaches for students of all ages and levels. We are known for tailoring our lessons to the needs of individuals. Lessons are conducted on 1 to 1 basis but small group can also be considered. Our rates are highly competitive and afforded. All you need is to decide that you want to learn and play or improve your skills further, choose a day and a time, a venue of your choice and convenience, and we will be there. Call Now! Hd Coach(See Wai)@9 021 7831 with no obligation.  \nPhoto Gallery -  http://www.flickr.com/photos/tenniscoachessingapore/show/  \nWhat others say -  http://tenniscoachingservicessingapore.wordpress.com/  \n ",
        "title": "Tennis Coaches, Tennis Lessons In singapore"
    },
    {
        "postid": "5958571593",
        "postingbody": " \n \n QR Code Link to This Post \n  \n \nREVISION GUIDE TUITION ALL AREAS, O/N LEVEL COM SCI PHY CHEM MATHS  \n \nLatest school syllabus focus individual tuition one  to one at the student home \n \n1 tuition lesson of 1.5 hr is $40 , inclusive of books provided.  Useful tip and method of revising for test and exam.  \n \nTuition is step-by-step, intensive for the weak and slow, simple explanation of key concepts, exam question trend for elementary maths additional maths combined science physics chemistry for o level n level will be explained thoroughly and clearly.  \n \nFor other information, please sms me, Mr Lee,  92297801.     ",
        "title": "REVISION GUIDE TUITION ALL AREAS, O/N LEVEL COM SCI PHY CHEM MATHS"
    },
    {
        "postid": "5955761139",
        "postingbody": " \n \n QR Code Link to This Post \n  \n \nFor beginners and intermediate swimmers, from toddlers to adults. \nQualified lifesaver with bronze medallion certification and Austswim certification. \nInterested please do contact me.     ",
        "title": "Private Swimming Lessons"
    },
    {
        "postid": "5947598357",
        "postingbody": " \n \n QR Code Link to This Post \n  \n \nREGISTRATION OPENED FOR 2017 YISHUN PRI - SEC TUITION CLASSES \n \n The Learning Verve Knowledge Hub \n \n Pre School, Primary &amp; Sec tuition @Yishun \nthelearningverve.blogspot.com.sg \nthelearningverve.weebly.com \n  9379 4744 \n \n \n \nACE YOUR EXAMS AND SEE IMPROVEMENTS!!! \nOurs students have benefited from our classes. So why wait? \n \n \n \n 9 REASONS WHY YOU SHOULD CHOOSE US \n \n \n \n \n 1. Our commited and caring tutors are diploma - degree holders. We have Ex NIE teachers and Full Time Tutors with proven track records. With classroom teaching experience in government schools, education centres, language schools, community clubs and one to one classes. \n \n  We hope to impart exam learning and solving technique to our students.We are more than just tutors. We mentor our students. We understand each child is unique and learn at different pace and with different style.  \n \n \n \n  2. Reasonable fees. We understand that parents want to maximize their investment on their children's education. Hence, our fees are competitive yet reasonable.  \n \n \n \n  3. A small class size and teacher : student ratio allows tutor to devote more attention and time to each student and group ensuring optimum performance.  \n \n \n \n  4. Regular update to parents via tutor and parents meeting session and sms broadcast. We believe in a clear line of communication with parents. Our customers are the most important people. \n \n \n \n 5. There will be tuition tests in Feb, Apr, Aug and Oct. This allows us to effectively evaluate student's strengths / weaknesses and to work on them.This also allows students to put into practice what has been taught and \"warm up\" for coming exams. A feedback report will be issued.We also conduct FREE MOTIVATIONAL WORKSHOPS FOR ALL OUR STUDENTS TO BUILD THEIR SELF ESTEEM AND SET GOALS.  \n \n \n \n 6. We have 4 systematic and successsful approaches termed the:-\" clockwork apporoach\"\"carrot apporach\"\"story telling approach \" Goal setting approach\" which have benefited our students. Fast and easy technique to tackle exam questions are taught. All while adhering to MOE syllabus.  \n \n \n \n  7. We provide challenging in - house worksheet materials prepared by our experienced tutors which mirrors exam based questions to supplement our use of popular assessment books. \n \n \n \n \n 8. Our parents and students have given us favourable testimonials and the \"thumbs up\". Our student's 2013 and 2014 results and achievements have been very encouraging and a success. They also pick up other intangible skills during our lessons such as being responsible and being discipline. \n \n \n 9. We believe in ' SCR\"- sincerity, commitment and being responsible     ",
        "title": "SCORE A. YISHUN TUITION. EXCELLENT PSLE PASS RECORD. 12 YEARS EXP"
    },
    {
        "postid": "5929016866",
        "postingbody": " \n \n QR Code Link to This Post \n  \n \nInterested in tennis but unsure of where to find professionally qualified  coaches? Feeling lethargic and needing a good workout? Wanna improve your fitness &amp; health but don't know how? Try Tennis! Tennis Coaching Services is set up to provide professionally run tennis lessons by qualified and internationally accredited coaches for students of all ages and levels. We are known for tailoring our lessons to the needs of individuals. Lessons are conducted on 1 to 1 basis but small group can also be considered. Our rates are highly competitive and afforded. All you need is to decide that you want to learn and play or improve your skills further, choose a day and a time, a venue of your choice and convenience, and we will be there. Call Now! Hd Coach(See Wai)@9 021 7831 with no obligation.  \nPhoto Gallery -  http://www.flickr.com/photos/tenniscoachessingapore/show/  \nWhat others say -  http://tenniscoachingservicessingapore.wordpress.com/  \n ",
        "title": "Tennis Coaches, Tennis Lessons In singapore"
    },
    {
        "postid": "5932757345",
        "postingbody": " \n \n QR Code Link to This Post \n  \n \nInterested in tennis but unsure of where to find professionally qualified  coaches? Feeling lethargic and needing a good workout? Wanna improve your fitness &amp; health but don't know how? Try Tennis! Tennis Coaching Services is set up to provide professionally run tennis lessons by qualified and internationally accredited coaches for students of all ages and levels. We are known for tailoring our lessons to the needs of individuals. Lessons are conducted on 1 to 1 basis but small group can also be considered. Our rates are highly competitive and afforded. All you need is to decide that you want to learn and play or improve your skills further, choose a day and a time, a venue of your choice and convenience, and we will be there. Call Now! Hd Coach(See Wai)@9 021 7831 with no obligation.  \nPhoto Gallery -  http://www.flickr.com/photos/tenniscoachessingapore/show/  \nWhat others say -  http://tenniscoachingservicessingapore.wordpress.com/  \n ",
        "title": "Tennis Coaches, Tennis Lessons In singapore"
    },
    {
        "postid": "5938191639",
        "postingbody": " \n \n QR Code Link to This Post \n  \n \nJoyce Music Studio (JMS) -- The Piano specialist \n(JMS) is a privately run studio (piano) for discerning talent, young or or not so young, beginner or advance level, to discover their hidden musical prowess. We have been teaching since mid 1970s conducting piano lessons leading to London's Associate Board of Royal Schools of Music (ABRSM) examinations. Our curriculum covers beginner to diploma levels students -  either for exams or leisure. Come and join us for interesting and creative piano/music lessons in a comfortable home-based setting. We conduct individual/group lessons for all ages and experience levels, practical as well theory. Centrally located in of  502 Ang Mio Kio Ave 5, its within easy reach of Ang Mo Kio, Toa Payoh, Braddell, Bishan, Upper Thomson, Yishun, Yio Chu Kang, Kovan, Hougang, Sengkang, serangoon North, Serangoon Gardens , Lorong Ah Soo. The French and Australian International Schools. Call us at 6455 2116 for more information. \n http://pianoteachersingaporejms.wordpress.com  \nA Handful of Reviews from Students &amp; Parents \nThank you for teaching me. I enjoy your lessons and have learned much. You are a wonderful teacher! -- Audrey Lo 2014 \nIt has been a wonderful year learning the piano with you as my teacher. Thank you for all your patience and advice and for the knowledge you are imparting to me which is making my dreams come true. -- Kathryn Clarke 2014 \nDear Ms Lo \nYour special once-a-month group lesson is an excellent idea. It gives children an opportunity to showcase their talent, develop self-belief, confidence and improve social interactive skills. Outstanding! ............ Ronda McMahon, Australian International School.   \nDear  Ms Lo, \nThank you for being such a blessing...for being so tolerant...thank you for believing in me when I was about to give up....for pushing me when I thought I could go no further. Above all, thank you for being my teacher! You are truly a wonderful piano teacher! Happy Teachers' Day!!   . . .. . .. . .. . .. . .. . .. . .  Andrew Ng \nDear Ms Lo, \nWe wish to express our heartfelt gratitude and thanks for your teaching, care and guidance you had given our daughters for the past 9 years. Under your guidance, Li Lian's interest in piano and music had developed beyond our expectation. With your encouragement she has grown from an introvert child into a confident and musically creative teenager. My hushand, Peter and I would like to say A BIG THANK YOU for all the wonderful things you had done for Li Lian. . .. . .. . .. . . Peter &amp; Wee Lee Koh \nDear Ms Lo, \nThanks for your feedback. Your advice is noted. We will ensure Amanda spends more time to practise piano pieces. For your information, she was applauded and commended for her fine impromptu performance during the holiday with a chance to demonstrate her piano skill in a birthday banquet held for her grandparents in Shanghai. Many guests asked how and where we could find such a good piano teacher.\" Regards. . ... LK - Jan                                                    \nDear Ms Lo, \nSeason Greetings. Just  like to thank you for your effort in enhancing learning and creativity in your lessons. We believe that the change will definitely go a long way in enabling our girls to be more aware of their potentials. We appreciate your varied teaching methods that is aimed to enrich their learning experience. . .. . .  Mrs June Wong \nDear Ms Lo, \nThank you for coaching our son, Aidon. We have seen him gained much confidence while playing on his keyboard. Besides, he no longer finds practicing a chore but enjoys doing it to refine his skills. In the past, we used to see him getting frustrated whenever he's unsure about the pieces he's handling. Yet as parents, we are not able to coach him much as we do not have prior piano experience. We are relieved to see that Aidan is guided closely by you so much so that whenever he's home practicing, he knows exactly what to do, We are very blessed and grateful that Aidan has such a patient and motivating piano teacher like you. We look forword to Aidan taking his Grade 1 piano exam under your professional guidance. Thank again. Regards. . .. . .. . .. . .. . ...Geraldine \nDear Ms Lo \nThank you for a job well done. You had boost  Jervis's self esteem. He was feeling rather important about himself. I really appreciate your effort. . .. . .. . .. . ...   Serena Kang, Jervis's mother    \n ",
        "title": "Music Education - Piano Lessons, Piano Classes"
    },
    {
        "postid": "5954263427",
        "postingbody": " \n \n QR Code Link to This Post \n  \n \nAlways wanted to learn how to play tennis but don't know how to get started. \nTennis is a fun life long sports where a 7 yrs old child to 70+ yrs can learn and play. A \ngreat way to keep fit, connect with friends and family bonding activity. \n \nI am FULL TIME Coach with Professional Tennis Registry(PTR) and (AATC)  \nInternational accredited certification with a couple of years of  \ncoaching experience with Kids, teenager and Adult (beginner and Intermediate).  \n \nIf you are a beginner looking for a coach to help you learn the right basic \ntechnique as you embark on this fantastic sports or intermediate player looking \nto brush up your basic tennis stroke, identify and correct your bad or wrong hitting strokes or \nlooking to bring your game to the next level , you have come to the right place. \n \nFun kids lesson with games and using low compression balls and adults individual or group lessons at all location except west area. \n \nFeel free to write to me-Kelvin Goh or watsapps at Tel:9792-6990     ",
        "title": "TENNIS LESSON for Kids and Adults with Pro Tennis Coach"
    },
    {
        "postid": "5951498085",
        "postingbody": " \n \n QR Code Link to This Post \n  \n \nPeruvian Spanish female professor in Singapore is giving spanish lessons at your place.  \nLesson fee 40SGD per hour.     ",
        "title": "Spanish lessons in Singapore by Native spanish speaker"
    },
    {
        "postid": "5929264315",
        "postingbody": " \n \n QR Code Link to This Post \n  \n \none by one piano teaching \nat student home or at my place(Tampines) \nall level accepted \ntext me or call me at 8611 7793 for arrange class \ngood price:)     ",
        "title": "piano lesson &#38050;&#29748;&#23478;&#25945;"
    },
    {
        "postid": "5957459653",
        "postingbody": " \n \n QR Code Link to This Post \n  \n \nSYSTEMATIC REVIEW TUITION ALL AREAS, O/N LEVEL COM SCI PHY CHEM MATHS  \n \nExam focus individual tuition one  to one at the student home \n \n1 tuition lesson of 1.5 hr is $40 , inclusive of books provided.  Useful tip and method of revising for test and exam.  \n \nTuition is step-by-step, intensive for the weak and slow, simple explanation of key concepts, exam question trend for elementary maths additional maths combined science physics chemistry for o level n level will be explained thoroughly and clearly.  \n \nFor other information, please sms me, Mr Lee,  92297801.     ",
        "title": "SYSTEMATIC REVIEW TUITION ALL AREAS, O/N LEVEL COM SCI PHY CHEM MATHS"
    },
    {
        "postid": "5958441312",
        "postingbody": " \n \n QR Code Link to This Post \n  \n \nPRIVATE HOME TUITION 1-TO-1 \n \nPhysics, Chemistry, A Maths, E Maths. \n \nSec 3 / Sec 4 -- O Level. \n \nI am a full-time professional graduate tutor offering private home tuition on a 1-to-1 basis. \n \nI have 28 years of teaching experience specialising in the O Level syllabus. \n \nLocation coverage: All areas in Singapore. \n \nI can conduct the private lesson at the student's home on a 1-to-1 basis in any area in Singapore. \n \nCall 67263003.     ",
        "title": "PHYSICS, CHEMISTRY, A MATHS, E MATHS: SEC 3 / 4 -- O LEVEL"
    },
    {
        "postid": "5942804908",
        "postingbody": " \n \n QR Code Link to This Post \n  \n \n1. 14 Years of Experience \n2. Notes/Exercises/Exam papers provided \n3. Small Group or 1 to 1 \n4. Please see testimonial at  http://www.excelmethod.com  \n5. Call 94316237     ",
        "title": "A Level Maths and Physics Tuition by Scholar"
    },
    {
        "postid": "5950699829",
        "postingbody": " \n \n QR Code Link to This Post \n  \n \n \nSubjects Covered: Emaths,Amaths,Chemistry,Physics,Combined (Phy/Chem) \nSmall Group Size of  2-6(Max)  \nConceptual Mastery \nACE teaching Methodology \nPersonalised Academic Mentoring \nAcademic Goal Setting  \nTime Management Skills \n**Improvement Guaranteed!!!**     ",
        "title": "GLENN LEE GCE OLEVEL TUITION"
    },
    {
        "postid": "5951597001",
        "postingbody": " \n \n QR Code Link to This Post \n  \n \nHi, my name is Jing and I am a Swimming Instructor specialise in teaching Babies/Toddlers.  \n \nI am able to teach all ages from age of 6 months and above and have previously taught at ACS before. \n \nHere are the certifications that I hold: \n \n- LIFESAVING 1, 2, 3 \n- RESUSCITATION (CPR), FIRST AID &amp; AED \n- BRONZE MEDALLION \n- SWIM AUSTRALIA\u2122 TEACHER (SAT) \n- SWIM AUSTRALIA\u2122 TEACHER OF BABIES &amp; TODDLERS (SAT B&amp;T) \n- JOEY LINGO\u2122 (a proprietary teaching methodology developed with child psychologists) \n \nI am able to teach in Condominiums and Private pools.  \n \nDo contact me at 9171 7537 if you are interested for more information. \n \nThank you and have a nice day!     ",
        "title": "Swimming Lessons specialise in teaching Babies/Toddlers"
    }
]