[
    {
        "postid": "5957314354",
        "postingbody": " \n \n QR Code Link to This Post \n  \n \nTop Digital Vietnam provide Mobile App &amp; Web Development. \nOur team have experience in outsourcing overseas markets such as the U.S., Australia, Europe, Japan, Singapore. Should you be interested or any support, please contact us via phone +84 936 710 177 (Viber/WhatsApp/WeChat) - Skype: topdigitalvn - Email: \n  show contact info \n. Thanks &amp; Best regards, Stephanie Ho. \nPlease visit us at http://topdigital.vn     ",
        "title": "Website design - Mobile app development High quality! Cost saving!"
    },
    {
        "postid": "5921268291",
        "postingbody": " \n \n QR Code Link to This Post \n  \n \nBrand New set with box plastic wrapper \nIphone 7 Black 128gb @ $1300  \nIphone 7 plus 256gb @ $1500 \nNew Alcatel Pixi 4 7\" smartphones @ $330 only \n \nCall/sms Hp: 8282 9449 (Bob) \n ",
        "title": "Brand New Iphone 7 For Sale"
    },
    {
        "postid": "5921268291",
        "postingbody": " \n \n QR Code Link to This Post \n  \n \nBrand New set with box plastic wrapper \nIphone 7 Black 128gb @ $1300  \nIphone 7 plus 256gb @ $1500 \nNew Alcatel Pixi 4 7\" smartphones @ $330 only \n \nCall/sms Hp: 8282 9449 (Bob) \n ",
        "title": "Brand New Iphone 7 For Sale"
    },
    {
        "postid": "5921268291",
        "postingbody": " \n \n QR Code Link to This Post \n  \n \nBrand New set with box plastic wrapper \nIphone 7 Black 128gb @ $1300  \nIphone 7 plus 256gb @ $1500 \nNew Alcatel Pixi 4 7\" smartphones @ $330 only \n \nCall/sms Hp: 8282 9449 (Bob) \n ",
        "title": "Brand New Iphone 7 For Sale"
    },
    {
        "postid": "5918651862",
        "postingbody": " \n \n QR Code Link to This Post \n  \n \nWe are DCS One of the best communication and security service Provider in Singapore. We deal with customer from World-wide. We are providing IP PBX, PABX, IP PABX, and VOIP. Since 2002 DCS has started this services and now become more successful. Our experienced team always try to provide best quality services for our customers. Some services mention below:- \n1. VPN (Virtual Private Network) \n2. Audio SIP converter (It works  \nAnd many more communication services provides with new features updates. \n ",
        "title": "One of the best communication services provider in Singapore."
    }
]