[
    {
        "postid": "5917157124",
        "postingbody": " \n \n QR Code Link to This Post \n  \n \n***Aircon Service @ $20 *** \nWe are specialized in Air con Servicing, Repairing &amp; installation. We provide Air con chemical overhaul &amp; chemical wash. Solving air con leaking, blinking light, aircon not cold problem. \n81 Aircon, your trusted aircon company. Our transparent pricing system helps us to build our trust and long term business relationship with our clients. \nAircon Servicing for one time job \n1.\t1 fan coil $40 \n2.\t2 fan coil &amp; above $25 each  \n3.\tDiagnose fees $40 \n4.\tChemical overhaul $120. \nContract Maintenance \n1.\t1 fan coil cost $30 \n2.\t2 fan coil &amp; above $20 each \n3.\tFree diagnose check worth $40 whenever Aircon is faulty. \n http://www.81aircon.com  \n http://www.facebook.com/81aircon  \nCall Steven 97580081. \ntags: aircon servicing, aircon service, air conditioners, aircon not cold , aircon leakage, water leaking, overhaul, chemical overhaul, cheapest, affordable, best , good feedback, reviews, aircon chemical wash, faulty, repair, maintenance, clogged, choked \n ",
        "title": "*** Cheapest Aircon Service $20 ***Aircon Repair fm $40"
    },
    {
        "postid": "5929740237",
        "postingbody": " \n \n QR Code Link to This Post \n  \n \nREMEDIAL TUITION FOR THE WEAK, O/N LEVEL COM SCI PHY CHEM MATHS \n \nRevise intensively for exam or test, go through the school homework thoroughly and remedy any weak point \n \nHome individual tuition 121 at the student home \n \n1 tuition lesson of 1.5 hr is $40 , inclusive of books provided.  Useful tip and method of revising for test and exam.  \n \nTuition is step-by-step, intensive for the weak and slow, simple explanation of key concepts, exam question trend for combined science physics chemistry and maths for O/N level will be explained thoroughly and clearly.  \n \nFor more information, please sms me, Mr Lee,  92297801.  \n \n \n \n ",
        "title": "REMEDIAL TUITION FOR THE WEAK, O/N LEVEL COM SCI PHY CHEM MATHS"
    },
    {
        "postid": "5916173315",
        "postingbody": " \n \n QR Code Link to This Post \n  \n \nAre you getting the best out of your insurance?? \nHow much protection do you actually need? \nLet us try to help you increase your benefits and/or save money on your premiums!! \n \nDuring this 1 to 1 consultation, we will help address your needs and objectives. Then we will review and find out if you may be losing money or missing out on a better deal on your insurance and investment plan portfolio! So do sign up for this free no-obligation review and see how we can extract the best value for your portfolio. \n \nIn any case, there is nothing for you to lose. \n \nPlease click here to check our event. \n https://www.eventbrite.sg/e/are-you-spending-too-much-on-insurance-tickets-30028128942  \n \nPS: in case you're wondering, its not spam     ",
        "title": "Are you getting the best value out of your insurance??"
    },
    {
        "postid": "5944595248",
        "postingbody": " \n \n QR Code Link to This Post \n  \n \n   HELO ...THE WORLD'S MOST ADVANCED \nHEALTH MONITORING DEVICE  \n   5-YEAR OLD PUBLICLY TRADED COMPANY JUST LAUNCHING IN SINGAPORE!   \n \n   HELO   is a Technological Breakthrough in \" Wearable Technology \" \n \n Measures High-Blood Pressure \n Heart &amp; Breath Rate \n Sleep, Mood &amp; Emotional State \n Real-Time ECG/EKG Measurements \n Fitness Tracker...Steps, Calories Burned \n Highest Commissions. . .Better Bonuses \n Paid Exotic Trips and Cruises \n Win A Lamborghini, Rolls Royce or Ferrari \n Company Stock Options \n \n    NEW MILLIONAIRES CREATED EVERY 90 DAYS!!!     \n I am looking for experienced business minded leaders who can assist me in launching Singapore with one of the most significant breakthroughs in wearable technology! If you have an immediate desire to earn a five-figure income in the next 30 days, and multiple six-figures in 2017, then watch a quick 2-minute video presentation on   HELO     Visit:   http://www.HeloAsia.com   \nWe are most interested in talking to successful experienced leaders from the  relationship marketing Industry, self-employed business owners and direct sales professionals. \n Visit:   http://www.HeloAsia.com   for a comprehensive overview on this global phenomenon. \n-OR- reply to this post to schedule an appointment. I return all inquiries promptly.  ",
        "title": "The Device That Will Change The World is HERE!"
    },
    {
        "postid": "5957592386",
        "postingbody": " \n \n QR Code Link to This Post \n  \n \nGuardianship, airport transfer, laundry service, tuitions &amp; meals.  \n \nComfort bedroom with aircon &amp; free Wi-Fi.  \n \n3 mins walk to Mrt, shopping Mall, food court, fast food restaurants &amp;  coffee shops. Opp. Sports hall with Badminton courts &amp; gym. Swimming pool &amp; stadium opposite too.     ",
        "title": "Homestay for foreign students"
    },
    {
        "postid": "5926477247",
        "postingbody": " \n \n QR Code Link to This Post \n  \n \nSeeking treatment for unsightly spider veins, painful varicose veins, or more serious artery blockage/aneurysm and deep vein thrombosis? \n \nGet access to one stop diagnosis and treatment of venous and arterial diseases through a dedicated and highly qualified vascular surgery team led by our renowned vascular surgeon who pioneered revolutionary and minimally invasive procedures. Equipped with state of the art equipment and technology, and team of skilled vascular specialists, patients get the best care possible from diagnosis, to treatment, to recovery. \n \nOur clinic also specialises in diabetes management to prevent worsening of conditions for diabetes patients suffering from leg ulcers or gangrene, which in turn prevents amputation. \n \nCall us at +\n  show contact info \nor visit veinandendovascularsurgery.sg to make an appointment for consultation.     ",
        "title": "Treatment of arterial and venous diseases by renowned vascular surgeon"
    },
    {
        "postid": "5926477247",
        "postingbody": " \n \n QR Code Link to This Post \n  \n \nSeeking treatment for unsightly spider veins, painful varicose veins, or more serious artery blockage/aneurysm and deep vein thrombosis? \n \nGet access to one stop diagnosis and treatment of venous and arterial diseases through a dedicated and highly qualified vascular surgery team led by our renowned vascular surgeon who pioneered revolutionary and minimally invasive procedures. Equipped with state of the art equipment and technology, and team of skilled vascular specialists, patients get the best care possible from diagnosis, to treatment, to recovery. \n \nOur clinic also specialises in diabetes management to prevent worsening of conditions for diabetes patients suffering from leg ulcers or gangrene, which in turn prevents amputation. \n \nCall us at +\n  show contact info \nor visit veinandendovascularsurgery.sg to make an appointment for consultation.     ",
        "title": "Treatment of arterial and venous diseases by renowned vascular surgeon"
    },
    {
        "postid": "5929014461",
        "postingbody": " \n \n QR Code Link to This Post \n  \n \nSgvolunteers is looking for computers, monitors, keyboards, laptops for use in educational programs  \nto alleviate illiteracy in the rural areas of earthquake strickened Nepal &amp; Sikkim. If you have any of these items and are sitting idle in your home, why not donate it for a good cause. It will benefit many kids deprive of proper education due to poverty. Call 9027831 if you have any to share. Seasons Greetings \nSGVolunteers \nSee Wai \n90217831 \nSingapore \n http://www.flickr.com/photos/sgvolunters/sets/72157629902269844/show   ",
        "title": "Looking for Pre-wned Computers, Monitors, Laptop, etc for Educational"
    },
    {
        "postid": "5929017717",
        "postingbody": " \n \n QR Code Link to This Post \n  \n \nJapanese food at home ? \n \nYes, please let me help you. \nPleas check J-recipe \n \n https://www.youtube.com/watch?v=72NrwOM5Vp4&feature;=youtu.be  \n ",
        "title": "cooking Japanese food at home"
    },
    {
        "postid": "5937671308",
        "postingbody": " \n \n QR Code Link to This Post \n  \n \nSIMPLIFIED CONCEPT TUITION, ALL AREAS, O/N LEVEL MATHS COM SCI PHY CHEM \n \nHome individual tuition, 121 at the student home \n \n1 tuition lesson of 1.5 hr is $40 , inclusive of books provided.  Useful tip and method of revising for test and exam.  \n \nTuition is step-by-step, intensive for the weak and slow, simple explanation of key concepts, exam question trend for elementary maths additional maths combined science physics chemistry for o level n level will be explained thoroughly and clearly.  \n \nFor more information, please sms me, Mr Lee,  92297801.     ",
        "title": "SIMPLIFIED CONCEPT TUITION, ALL AREAS, O/N LEVEL MATHS COM SCI PHY CHM"
    },
    {
        "postid": "5939677358",
        "postingbody": " \n \n QR Code Link to This Post \n  \n \nAnyone in need of a professional Spyware Developer who is an expert in { Phone tracking, text message retrievals as far back 5 months,call records, emails, Facebook,access to Whatsapp and other social networks} . You should hurry and contact .I am one of the best out there and my price is also reasonable.Mostly I helps spouse who are in relationships or those who want to know if their girlfriend,boyfriend,or marriage mate is actually been sincere or cheating. Contact me through email.     ",
        "title": "Spouse Best Spyware Developer"
    },
    {
        "postid": "5920239994",
        "postingbody": " \n \n QR Code Link to This Post \n  \n \nChinese &amp; Higher Chinese tuitions for Pri, Sec, JC &amp; Adult learning ( Writing &amp; Conversation). Free materials, free consultation &amp; free exam crash course. Pls call 9832 0088.     ",
        "title": "Chinese Tuition @$25/hr"
    },
    {
        "postid": "5947373461",
        "postingbody": " \n \n QR Code Link to This Post \n  \n \nONE-TO-ONE REVISION TUITION, COM SCI PHY CHEM MATHS ALL AREAS \n \nPrepare progressively for exam or test, go through the school homework and remedy any weak point \n \nHome individual tuition 121 at the student home \n \n1 tuition lesson of 1.5 hr is $40 , inclusive of books provided.  Useful tip and method of revising for test and exam.  \n \nTuition is step-by-step, intensive for the weak and slow, simple explanation of key concepts, exam question trend for combined science physics chemistry and maths for O/N level will be explained thoroughly and clearly.  \n \nFor more information, please sms me, Mr Lee,  92297801.  \n \n \n \n \n ",
        "title": "ONE-TO-ONE REVISION TUITION, COM SCI PHY CHEM MATHS ALL AREAS"
    },
    {
        "postid": "5954205222",
        "postingbody": " \n \n QR Code Link to This Post \n  \n \nEXAM KEYPOINT SUMMARY TUITION FOR O/N LEVEL COM SCI PHY CHEM MATHS ALL AREAS  \n \nSystematically prepare for exam or test, go through the school homework and remedy any weak point \n \nHome individual tuition 121 at the student home \n \n1 tuition lesson of 1.5 hr is $40 , inclusive of books provided.  Useful tip and method of revising for test and exam.  \n \nTuition is step-by-step, intensive for the weak and slow, simple explanation of key concepts, exam question trend for combined science physics chemistry and maths for O/N level will be explained thoroughly and clearly.  \n \nFor more information, please sms me, Mr Lee,  92297801.  \n \n \n \n \n ",
        "title": "EXAM KEYPOINT SUMMARY TUITION FOR O/N LEVEL COM SCI PHY CHEM MATHS"
    },
    {
        "postid": "5919106788",
        "postingbody": " \n \n QR Code Link to This Post \n  \n \nPOA tuition for Sec, JC, Poly &amp; Uni Levels. Free materials, free consultation &amp; free exam crash course. Experienced tutors familiar with current MOE syllabus. 1-1 coaching or group tuition available. Pls call 9832 0088.     ",
        "title": "Principles Of Accounts @$25/hr"
    },
    {
        "postid": "5922305054",
        "postingbody": " \n \n QR Code Link to This Post \n  \n \nHello :) \n \nThere isn't an actual classification for my post, so I decided to mix it with a bit of irony :) \n \nI'm interested in Sufism and find Sufi's poetry very beautiful. If you feel a strong appreciation for its values and philosophy - I would be interested to hear from you. Questions of human duality, self-awareness and Nafs in particular hold my attention most frequently... it would be nice to share the vision on life with another keen Observer... \n \nThank you.     ",
        "title": "Lost the point...but trying to find it."
    },
    {
        "postid": "5918714313",
        "postingbody": " \n \n QR Code Link to This Post \n  \n \nREVISION PROBLEM? TUITION, ALL AREAS, O/N LEVEL MATHS COM SCI PHY CHEM  \n \nIndividual tuition, 121 at the student home \n \n1 tuition lesson of 1.5 hr is $40 , inclusive of books provided.  Useful tip and method of revising for test and exam.  \n \nTuition is step-by-step, intensive for the weak and slow, simple explanation of key concepts, exam question trend for elementary maths additional maths combined science physics chemistry for o level n level will be explained thoroughly and clearly.  \n \nFor more information, please sms me, Mr Lee,  92297801.     ",
        "title": "REVISION PROBLEM? TUITION, ALL AREAS, O/N LEVEL MATHS COM SCI PHY CHEM"
    }
]