[
    {
        "postid": "5897019308",
        "postingbody": " \n \n QR Code Link to This Post \n  \n \nProfessional, Fast, and Economical Data Recovery Services \n \n \nElectronic data is today's environment and can be very hard, if not impossible, to replace. It could be your entire business or your family's memories. We offers professional, fast, andeconomical data recovery services for businesses and individuals who experience data loss because of hard drive failures, software corruption, human errors, or natural disasters.  \n \nWhen data appears to be lost or inaccessible you need fast, reliable service. We are experts in providing advanced data recovery services. We can recover data no matter how loss occurs - accidental deletion, hardware crash, corrupted data, fire and water damage - to name a few. \n \nIn the case of actual hardware failure, only a data recovery services professional can get your data back. And the fact that you cannot access your data through your operating system does not necessarily mean that your data is lost.  \n \n \nHard Drive Recovery - any size, interface or make; \nRaid Data Recovery - hardware or software - any RAID levels;            \nDesktop Hard Drive Recovery \nLaptop Hard Drive Recovery \nEnterprise Hard Drive Recovery \nExternal (Portable) Hard Drive Recovery \nRecovery files from the hard drive require expertise and experience. we will get your data back to you quickly. We can help with recovering files after drive reformatting, accidental deletion, file system destructions, and more. Call us today 9449 0994, let us help recover your lost files.     ",
        "title": "Professional, Fast, and Economical Data Recovery Services"
    },
    {
        "postid": "5927906974",
        "postingbody": " \n \n QR Code Link to This Post \n  \n \nWePix Media is have already gained more than five years worth of experience from working with various companies all over the globe. Specialise in web designing and web development. We provide Quality designs that will surely meet your needs. With the quality we provide, the prices are set at a reasonable cost. So let our services take care of your design, budget and needs. \n \nThings that you need to consider in working with us:  \n \n* Money Back Guarantee! \n* The most trusted Freelancer with over 100+ clients internationally  \n* Portfolio and References Available  \n* Reasonable Rates with Quality Services \n \nHead on over to our website now at www.wepixmedia.com for our portfolios.  \n \nOur Key Step to start your project: \n \n* Fill out our Contact form in our portfolio: www.wepixmedia.com or email us: sales @wepixmedia.com or add us on Skype: wepix.media \n* Our customer service will contact you immediately to assist you. \n* Give us more details of your tasks/instructions. \n* We will send you an exact quote. \n* Choose your payment method and pay. \n* We wil start your project asap. \n \nIn Wepix media, WE DELIVER YOUR EXPECTATIONS!     ",
        "title": "Web Design, Graphic Design, UI Design - WePixMedia.com"
    },
    {
        "postid": "5953872328",
        "postingbody": " \n \n QR Code Link to This Post \n  \n \nWe are Silicon Valley based web development, IT support and marketing firm that provides the wide range of Web solutions to enterprises of all sizes. We do what it takes to make your customer's web experience rich and pleasant. We have the team of some of the finest graphics designers, web developers and SEO specialist who are always ready to move with the latest technologies and trends. \n \nOur USP : \n \n* WEBSITE DESIGN &amp; DEVELOPMENT \n* AFFORDABLE PACKAGES @ DISCOUNTED PRICE \n* CREATIVE DESIGN \n* ROUND THE CLOCK SUPPORT \n* SEARCH ENGINE OPTIMIZATION \n* SOCIAL MEDIA OPTIMIZATION \n \n#Offer : Get Your Website Done               @ just  $245.99   \n              Get Your Logo Ready                @ just  $55.99 \n              Get Your Shopping Cart Ready   @ just  $300              \n \nFor any Queries You may Visit our Website as well : www.webdoesmatter.com \n \nContact Person : JIT \nMobile: \n  show contact info \n ",
        "title": "WEB DEVELOPMENT / WEBSITE DESIGN / WEB DESIGNS / LOGO / SEO"
    },
    {
        "postid": "5939619833",
        "postingbody": " \n \n QR Code Link to This Post \n  \n \nFast and very experienced in fixing computer and networking problems. \n \nhttp://www.zonetsg.com     ",
        "title": "Computer services H/P: 98524686"
    },
    {
        "postid": "5942995235",
        "postingbody": " \n \n QR Code Link to This Post \n  \n \nFast and very experienced in fixing computer and networking problems. \n \nhttp://www.zonetsg.com     ",
        "title": "Computer services H/P: 98524686"
    },
    {
        "postid": "5943609642",
        "postingbody": " \n \n QR Code Link to This Post \n  \n \nWe're a specialist SEO agency that delivers results. Our team of experts lives &amp; breathes the work we do, so find out how our SEO service can help you. SEO services Singapore. Search Engine Optimisation (SEO) is a form of internet marketing strategy that places your website at the top of search engine results (e.g. Google, Yahoo and Bing) for free and unlimited traffic. \n ",
        "title": "Ooi Solutions | SEO Services Singapore |Best SEO in Singapore"
    },
    {
        "postid": "5918527930",
        "postingbody": " \n \n QR Code Link to This Post \n  \n \nHi there, \nAny kind souls who have old and unused laptops to give away. \nI don't have a laptop and looking for one for my personal work use. \nKindly reply to me if you do have any. \n \nThank you     ",
        "title": "Old laptop to give away"
    },
    {
        "postid": "5948856546",
        "postingbody": " \n \n QR Code Link to This Post \n  \n \nFast and very experienced in fixing computer and networking problems. \n \nhttp://www.zonetsg.com     ",
        "title": "PC services H/P: 98524686"
    },
    {
        "postid": "5951563264",
        "postingbody": " \n \n QR Code Link to This Post \n  \n \nPOS is fully integrated that meets the needs of small, medium and micro enterprises. \n \nEverything you need to manage your sales business \n \nSsomens POS is a web-based system that makes it easy to sell to your customers, and make them come back to your store. It runs on Mac or PC, and it is so easy to use that you can get your sales in the shorter time. Our product integrates with a variety of payment providers. \n \nOur POS software helps your business to store product information and speed up the checkout process. \n \nWith a central product catalog, you can choose what to sell in stores, online, or both. You never have to manage information and photos of products on multiple systems. We built Ssomens POS so you do not have to be an expert in web run an amazing online store. \n \n \n \nSales in parking? (Parked Sales) \n \nA customer forgot an item? Temporarily park any sale and recover quickly when your customer is ready to complete their transaction. \n \nRefunds &amp; Returns \n \nGive each customer the opportunity to change their (mind) with a simple process of return and refund. \n \nSearch for product and customer Quickly add products for sale by typing words or using a barcode scanner. Easily find customers by name &amp; Phone No . \n \nSearch for product through Bill no - Easily access any customer Sale through Bill Nos. \n \nDiscounts \n \nAdd reductions to be applied to all items in the basket of a customer or to specific items only. \n \nUser accounts and permissions \n \nCreate user accounts and set permission levels for each of your employees. Control the information they have access to, they can make changes or reductions they can give. \n \nFinance management \n \nReduce errors, theft and gaps in recording all cash funds from changes to save the closure. Handle cash withdrawals with ease. \n \nSign closure reports \n \nGet a printable record of your daily totals. Add notes about the day and check your totals by type of payment. \n \nBENEFITS OF POS \n \n&#9679; Fast checkout, records sales and transactions quickly and easily \n \n&#9679; Inventory tracking helps in monitoring critical information such as sales, purchase, product pricing, discounts \n \n  and replenishment levels. \n \n&#9679; Customer data helps to identify the best-selling products and to help build an effective loyalty programme which \n \n  in turn can increase sales in the long run. \n \n&#9679; Reporting, to analyze sales by salesperson, product, or by SKU (stock keeping unit); provides information on \n \n  product styles or models, weekly, monthly and annual sales. \n \n&#9679; Automated purchasing, streamlines the process of connecting with suppliers and ordering the \n \n  replenishment quantities \n \n \n \nFEATURES OF POS : \n \nFast checkout: \n \nA retail POS software simplifies the checkout process. This means that it should not take the sales team's much manual effort to complete a transaction. \n \nInventory tracking: \n \nA POS makes the inventory management process effortless. One should be able to monitor all the critical information about the store from individual transactions to purchases. This will make the ordering from vendors easy &amp; the inventory manager would not waste time calculating the replenishment level. \n \nReporting tools: \n \nSsomens POS has a unique reporting feature which is user friendly. It can store information such as product styles or models, weekly sales, monthly sales, annual sales and hourly transactions. \n \nPLEASE EMAIL - SALES1 at SSOMENS dot COM \n \nWEBSITE - WWW dot SSOMENS dot COM \n \nSKYPE - WWW.SSOMENS.COM     ",
        "title": "SSOMENS POS"
    },
    {
        "postid": "5927835405",
        "postingbody": " \n \n QR Code Link to This Post \n  \n \nWebDot Services is a leading and emerging SEO and Digital Marketing company. Every website we create is unique, classy, and visually appealing according to our client's requirement. We use Fresh and Innovative ideas in making the process of web development smooth and fast. We strictly adhere to Quality and Timelines.  \nDigital Marketing \nSearch Engine Optimization \nSearch Engine Marketing (Google Adwords) \nSocial Media Optimization \nSocial Media Marketing \nContent Marketing \nEmail Marketing \nMobile Marketing \nOnline Reputation Management \n \nDesigning and Development \nCRM / ERP \nE-Commerce Platforms \nSpiders / Crawlers / Robots Development \n \nContent Writing Services \nBusiness profiles \nWebsite Content (SEO friendly) \nNewsletters  \nBranding and Promotions  \n \nBPO Services  \nLive Chat support \nVoice Support  \nNon-voice Support(Email &amp; Data processing) \n \nGet in touch us with via Email info[at]webdot.in , Call or whatapp us 99 59 29 90 44.     ",
        "title": "Offers For Startup @ $215"
    },
    {
        "postid": "5918915618",
        "postingbody": " \n \n QR Code Link to This Post \n  \n \nWePix Media is have already gained more than five years worth of experience from working with various companies all over the globe. Specialise in web designing and web development. We provide Quality designs that will surely meet your needs. With the quality we provide, the prices are set at a reasonable cost. So let our services take care of your design, budget and needs. \n \nThings that you need to consider in working with us:  \n \n* Money Back Guarantee! \n* The most trusted Freelancer with over 100+ clients internationally  \n* Portfolio and References Available  \n* Reasonable Rates with Quality Services \n \nHead on over to our website now at www.wepixmedia.com for our portfolios.  \n \nOur Key Step to start your project: \n \n* Fill out our Contact form in our portfolio: www.wepixmedia.com or email us: sales @wepixmedia.com or add us on Skype: wepix.media \n* Our customer service will contact you immediately to assist you. \n* Give us more details of your tasks/instructions. \n* We will send you an exact quote. \n* Choose your payment method and pay. \n* We wil start your project asap. \n \nIn Wepix media, WE DELIVER YOUR EXPECTATIONS!     ",
        "title": "Web Design, Graphic Design, UI Design - WePixMedia.com"
    },
    {
        "postid": "5926431645",
        "postingbody": " \n \n QR Code Link to This Post \n  \n \nDo you want to know how much and how long your software killer idea / project would cost to develop? No more waiting for days and no need to contact sales! Try now our Online Estimation Tool for FREE and get estimates of your mobile app or website project in minutes. No credit card required. \n \nhttp://www.stableapps.com/#onlineestimationtool \n \nUsing our years of experience estimating projects, we created an automated algorithm for reading specifications and coming up with a fairly accurate estimate so you can quickly see how much it would cost and how long it would take to develop your killer idea / project.     ",
        "title": "Get Cost of Developing Your App. Try our Online Estimation for FREE!"
    },
    {
        "postid": "5897017859",
        "postingbody": " \n \n QR Code Link to This Post \n  \n \nProfessional, Fast, and Economical Data Recovery Services \n \n \nElectronic data is today's environment and can be very hard, if not impossible, to replace. It could be your entire business or your family's memories. We offers professional, fast, andeconomical data recovery services for businesses and individuals who experience data loss because of hard drive failures, software corruption, human errors, or natural disasters.  \n \nWhen data appears to be lost or inaccessible you need fast, reliable service. We are experts in providing advanced data recovery services. We can recover data no matter how loss occurs - accidental deletion, hardware crash, corrupted data, fire and water damage - to name a few. \n \nIn the case of actual hardware failure, only a data recovery services professional can get your data back. And the fact that you cannot access your data through your operating system does not necessarily mean that your data is lost.  \n \n \nHard Drive Recovery - any size, interface or make; \nRaid Data Recovery - hardware or software - any RAID levels;            \nDesktop Hard Drive Recovery \nLaptop Hard Drive Recovery \nEnterprise Hard Drive Recovery \nExternal (Portable) Hard Drive Recovery \nRecovery files from the hard drive require expertise and experience. we will get your data back to you quickly. We can help with recovering files after drive reformatting, accidental deletion, file system destructions, and more. Call us today 9449 0994, let us help recover your lost files.     ",
        "title": "Professional, Fast, and Economical Data Recovery Services"
    },
    {
        "postid": "5901587184",
        "postingbody": " \n \n QR Code Link to This Post \n  \n \nProfessional, Fast, and Economical Data Recovery Services \n \n \nElectronic data is today's environment and can be very hard, if not impossible, to replace. It could be your entire business or your family's memories. We offers professional, fast, andeconomical data recovery services for businesses and individuals who experience data loss because of hard drive failures, software corruption, human errors, or natural disasters.  \n \nWhen data appears to be lost or inaccessible you need fast, reliable service. We are experts in providing advanced data recovery services. We can recover data no matter how loss occurs - accidental deletion, hardware crash, corrupted data, fire and water damage - to name a few. \n \nIn the case of actual hardware failure, only a data recovery services professional can get your data back. And the fact that you cannot access your data through your operating system does not necessarily mean that your data is lost.  \n \n \nHard Drive Recovery - any size, interface or make; \nRaid Data Recovery - hardware or software - any RAID levels;            \nDesktop Hard Drive Recovery \nLaptop Hard Drive Recovery \nEnterprise Hard Drive Recovery \nExternal (Portable) Hard Drive Recovery \nRecovery files from the hard drive require expertise and experience. we will get your data back to you quickly. We can help with recovering files after drive reformatting, accidental deletion, file system destructions, and more. Call us today 9449 0994, let us help recover your lost files.     ",
        "title": "Professional, Fast, and Economical Data Recovery Services"
    },
    {
        "postid": "5930305048",
        "postingbody": " \n \n QR Code Link to This Post \n  \n \nFast and very experienced in fixing computer and networking problems. \n \nhttp://www.zonetsg.com     ",
        "title": "PC services H/P: 98524686"
    },
    {
        "postid": "5941810650",
        "postingbody": " \n \n QR Code Link to This Post \n  \n \nGuaranteed 1st Page Rank in Google, Yahoo &amp; Bing \n \nOnly White Hat Ethical SEO Services &amp; Solid Brand Building \n \nEmicorn Technology is an ISO certified SEO Company Singapore. We are based at 10 Anson Road, International Plaza, Singapore 079903. We focus on Brand Building through relevant, quality and solid link building. \n \nWe offer solution that guarantees to: \n1.\t1st Page Rank in Google \n2.\tEnhance Your Brand Image and Increase Your Sales and Revenue \n3.\tIncreased Quality Traffic on your Website \n4.\tBetter Presence and Competitive Advantage on Internet \n \nGet 1st Page Rank or Money Back with No Question Asked! \n \nFree SEO Consultation | Free Analysis Report \n \n SEO Company Singapore | SEO Services Singapore | SEO Company | Web Development | Search Engine Marketing \n \nContact us now- \n  show contact info \n  Or call for a meeting \n \nFor More Information Visit our website http://www.emicorn.com/seo-services \n ",
        "title": "SEO Company Singapore"
    },
    {
        "postid": "5930304808",
        "postingbody": " \n \n QR Code Link to This Post \n  \n \nFast and very experienced in fixing computer and networking problems. \n \nhttp://www.zonetsg.com     ",
        "title": "Computer services H/P: 98524686"
    },
    {
        "postid": "5908868195",
        "postingbody": " \n \n QR Code Link to This Post \n  \n \nFast and very experienced in fixing computer and networking problems. \n \nhttp://www.zonetsg.com     ",
        "title": "PC services H/P: 98524686"
    },
    {
        "postid": "5951437955",
        "postingbody": " \n \n QR Code Link to This Post \n  \n \nFast and very experienced in fixing computer and networking problems. \n \nhttp://www.zonetsg.com     ",
        "title": "IT services H/P: 98524686"
    },
    {
        "postid": "5920096458",
        "postingbody": " \n \n QR Code Link to This Post \n  \n \nOur professional\u00a0web design team\u00a0can build customized CMS websites for your business.We always wow our clients with our amazing quality,affordable price and fast turnaround.  To learn more , logon to http://innomediatechnologies.com/web-design-singapore/cms-website-developers/ \n ",
        "title": "CMS Website Developers Singapore"
    },
    {
        "postid": "5952996396",
        "postingbody": " \n \n QR Code Link to This Post \n  \n \nHandling of student's attendance, tuition fees, academic performance and other main activities of school is no more hassle. SBS' Student Management System is web-based, responsive in design and easy to operate. Install it and say adieu to your age-old paper-based filing system, streamline the activities to boost revenue.     ",
        "title": "Student Management System- A Seamless Experience"
    },
    {
        "postid": "5897019652",
        "postingbody": " \n \n QR Code Link to This Post \n  \n \nProfessional, Fast, and Economical Data Recovery Services \n \n \nElectronic data is today's environment and can be very hard, if not impossible, to replace. It could be your entire business or your family's memories. We offers professional, fast, andeconomical data recovery services for businesses and individuals who experience data loss because of hard drive failures, software corruption, human errors, or natural disasters.  \n \nWhen data appears to be lost or inaccessible you need fast, reliable service. We are experts in providing advanced data recovery services. We can recover data no matter how loss occurs - accidental deletion, hardware crash, corrupted data, fire and water damage - to name a few. \n \nIn the case of actual hardware failure, only a data recovery services professional can get your data back. And the fact that you cannot access your data through your operating system does not necessarily mean that your data is lost.  \n \n \nHard Drive Recovery - any size, interface or make; \nRaid Data Recovery - hardware or software - any RAID levels;            \nDesktop Hard Drive Recovery \nLaptop Hard Drive Recovery \nEnterprise Hard Drive Recovery \nExternal (Portable) Hard Drive Recovery \nRecovery files from the hard drive require expertise and experience. we will get your data back to you quickly. We can help with recovering files after drive reformatting, accidental deletion, file system destructions, and more. Call us today 9449 0994, let us help recover your lost files.     ",
        "title": "Professional, Fast, and Economical Data Recovery Services"
    },
    {
        "postid": "5937024513",
        "postingbody": " \n \n QR Code Link to This Post \n  \n \nERP or Enterprise Resource Planning is an important enterprise application that integrates all the individual department functions into a single software application. \n \nERP Systems make it easier to track the workflow across various departments.  \nThey reduce the operational costs involved in manually tracking and (perhaps) duplicating data using individual &amp; disparate systems. In this article, let us have a look at the advantages of implementing ERP (Enterprise Resource Management) Software Systems. \n \nAdvantages of ERP (Enterprise Resource Planning) System: \n1. Complete visibility into all the important processes, across various departments of an organization (especially for senior management personnel). \n \n2. Automatic and coherent workflow from one department/function to another, to ensure a smooth transition and quicker completion of processes. This also ensures that all the inter-departmental activities are properly tracked and none of them is 'missed out'. \n \n3. A unified and single reporting system to analyze the statistics/status etc. in real-time, across all functions/departments. \n \n4. Since same (ERP) software is now used across all departments, individual departments having to buy and maintain their own software systems is no longer necessary. \n \n5. Certain ERP vendors can extend their ERP systems to provide Business Intelligence functionalities, that can give overall insights on business processes and identify potential areas of problems/improvements. \n \n6. Advanced e-commerce integration is possible with ERP systems -- most of them can handle web-based order tracking/ processing. \n \n7. There are various modules in an ERP system like Finance/Accounts, Human Resource Management, Manufacturing, Marketing/Sales, Supply Chain/Warehouse Management, CRM, Project Management, etc. \n \n8. Since ERP is a modular software system, its possible to implement either a few modules (or) many modules based on the requirements of an organization. If more modules implemented, the integration between various departments may be better. \n \n9. Since a Database system is implemented on the backend to store all the information required by the ERP system, it enables centralized storage/back-up of all enterprise data. \n \n10. ERP systems are more secure as centralized security policies can be applied to them. All the transactions happening via the ERP systems can be tracked. \n \n11. ERP systems provide better company-wide visibility and hence enable better/faster collaboration across all the departments. \n \n12. It is possible to integrate other systems (like bar-code reader, for example) to the ERP system through an API (Application Programing Interface). \n \n13. ERP systems make it easier for order tracking, inventory tracking, revenue tracking, sales forecasting and related activities. \n \n14. ERP systems are especially helpful for managing globally dispersed enterprise companies, better. \n \nHere are the top five most common benefits that companies report: \nEfficiency. An ERP system eliminates repetitive processes and greatly reduces the need to manually enter information. The system will also streamline business processes and makes it easier and more efficient for companies to collect data. \nIntegrated Information. Instead of having data distributed throughout a number of separate databases, all information is now located in a single location. Data is also kept consistent and up-to-date. \nReporting. ERP software helps make reporting easier and more customizable. With improved reporting capabilities, your company can respond to complex data requests more easily. Users can also run their own reports without relying on help from IT. \nCustomer Service. It's easier to provide high-quality customer service using an ERP system. Sales and customer service people can interact with customers better and improve relationships with them, through faster, more accurate access to customers' information and history. \nSecurity. A new system will improve the accuracy, consistency and security of data. Restrictions to data can also be enhanced. \n \nSSOMENS software ERP integrates all areas of business (materials and inventory, production, operation and marketing, accounting and finance, etc.) so that each business function is based on a single database. This \"information center\" provides accurate and real-time critical for the all  indus \n \nPlease contact us for a Free One month Trial. \n \nPlease contact for Further Details - sales1 AT ssomens DOT com \n ",
        "title": "SSOMENS ERP"
    },
    {
        "postid": "5943609463",
        "postingbody": " \n \n QR Code Link to This Post \n  \n \nWePix Media is have already gained more than five years worth of experience from working with various companies all over the globe. Specialise in web designing and web development. We provide Quality designs that will surely meet your needs. With the quality we provide, the prices are set at a reasonable cost. So let our services take care of your design, budget and needs. \n \nThings that you need to consider in working with us:  \n \n* Money Back Guarantee! \n* The most trusted Freelancer with over 100+ clients internationally  \n* Portfolio and References Available  \n* Reasonable Rates with Quality Services \n \nHead on over to our website now at www.wepixmedia.com for our portfolios.  \n \n \nIn Wepix media, WE DELIVER YOUR EXPECTATIONS!     ",
        "title": "Web Design, Graphic Design, UI Design - WePixMedia.com"
    },
    {
        "postid": "5932528587",
        "postingbody": " \n \n QR Code Link to This Post \n  \n \nFast and very experienced in fixing computer and networking problems. \n \nhttp://www.zonetsg.com     ",
        "title": "IT services H/P: 98524686"
    },
    {
        "postid": "5879689316",
        "postingbody": " \n \n QR Code Link to This Post \n  \n \nEver wanted to get your business on the mobile platform without paying too much or fumbling too much?  \n \nGet our business mobile loyalty marketing app.  \n \nIts your brand, your logo. Its a very simple platform that helps you engage your business customers and helps you with increasing reliability of your brand. \n \nLimited time offer only and we are only opening to a handful of businesses to test trial.  \n \nPM for more information or non-obligatory demo. \n \n*This is not custom development. \n \n--Courtesy from Everything-under.global--     ",
        "title": "Your Business Personal Mobile loyalty marketing App"
    },
    {
        "postid": "5913438172",
        "postingbody": " \n \n QR Code Link to This Post \n  \n \nPlay at 51 different ONLINE AND MOBILE CASINOS from your COMPUTER OR PHONE with all THE BEST INCENTIVES AND BONUSES on POKER, SLOTS, BLACKJACK, ROULETTE, BACCARAT, and MORE! \n \nPLAY WITH FREE CASINO MONEY HERE! \n \nBEST viewed in DESKTOP for better gaming experience and one-click downloads on USA friendly casinos! \n \nhttp://www.casinoview.org     ",
        "title": "Online Gambling Portal"
    },
    {
        "postid": "5927635097",
        "postingbody": " \n \n QR Code Link to This Post \n  \n \nFast and very experienced in fixing computer and networking problems. \n \nhttp://www.zonetsg.com     ",
        "title": "Computer services H/P: 98524686"
    },
    {
        "postid": "5899538818",
        "postingbody": " \n \n QR Code Link to This Post \n  \n \nWePix Media is have already gained more than five years worth of experience from working with various companies all over the globe. Specialise in web designing and web development. We provide Quality designs that will surely meet your needs. With the quality we provide, the prices are set at a reasonable cost. So let our services take care of your design, budget and needs. \n \nThings that you need to consider in working with us:  \n \n* Money Back Guarantee! \n* The most trusted Freelancer with over 100+ clients internationally  \n* Portfolio and References Available  \n* Reasonable Rates with Quality Services \n \nHead on over to our website now at www.wepixmedia.com for our portfolios.  \n \nOur Key Step to start your project: \n \n* Fill out our Contact form in our portfolio: www.wepixmedia.com or email us: sales @wepixmedia.com or add us on Skype: wepix.media \n* Our customer service will contact you immediately to assist you. \n* Give us more details of your tasks/instructions. \n* We will send you an exact quote. \n* Choose your payment method and pay. \n* We wil start your project asap. \n \nIn Wepix media, WE DELIVER YOUR EXPECTATIONS!     ",
        "title": "Web Design, Graphic Design, UI Design - WePixMedia.com"
    },
    {
        "postid": "5946230205",
        "postingbody": " \n \n QR Code Link to This Post \n  \n \nConsult anytime, anywhere \nConsult your doctor 24x7 from anywhere in the world \nAsia's best healthcare professionals \nGet in touch with Asia's best healthcare network at your convenience \n100% Virtual Service \nSave time, money and the hassle of visiting a clinic or hospital \nMultiple Options to Connect \nConnect via video, voice and mail \nWhy do you need a Health Check-Up? \nRegular health check-ups and tests help detect problems early, which help in prevention. By getting regular health check-ups, screenings, and treatments, the chances of getting serious health problems will be less. They help in improving health, suggest life style changes to make health healthier. In order to reduce this risk, a number of health checks or screening tests are recommended at different stages of our lives. \nWhat should a health check do for you? \nAn ideal health check should be a comprehensive screening program that is tailor-made to suit the needs of an individual and not just a standard set of blood tests. It should involve detailed physical examinations and consultation by experienced physicians for health issues that the individual could be prone to due to his/her personal medical and family history or lifestyle. Cutting-edge technology together with clinical expertise provides accurate and reliable diagnostic results. A truly evolved and contemporary health check must include a personalised care continuum plan that extends care beyond the health check. This is what guarantees peerless and personalised protection. \nFIND AND BOOK APPOINTMENTS WITH DOCTORS \nPLEASE EMAIL US FOR DETAILS TO SEE A DEMO OF OUR SOFTWARE: \nEMAIL - SALES1 AT SSOMENS DOT COM \nVISIT US - WWW.SSOMENS.COM \n ",
        "title": "BOOK A DOC SOFTWARE - SSOMENS"
    },
    {
        "postid": "5924941970",
        "postingbody": " \n \n QR Code Link to This Post \n  \n \nFast and very experienced in fixing computer and networking problems. \n \nhttp://www.zonetsg.com \n ",
        "title": "Computer services H/P: 98524686"
    },
    {
        "postid": "5924942708",
        "postingbody": " \n \n QR Code Link to This Post \n  \n \nFast and very experienced in fixing computer and networking problems. \n \nhttp://www.zonetsg.com     ",
        "title": "IT services H/P: 98524686"
    },
    {
        "postid": "5942996295",
        "postingbody": " \n \n QR Code Link to This Post \n  \n \nFast and very experienced in fixing computer and networking problems. \n \nhttp://www.zonetsg.com \n ",
        "title": "IT services H/P: 98524686"
    },
    {
        "postid": "5943239349",
        "postingbody": " \n \n QR Code Link to This Post \n  \n \nHave you taken a look at your website from your mobile phone? \n \nDo you know YOUR customers are having a difficult time on your website on mobile devices? \n \nYou probably already know this, but over 70% of online searches are performed from mobile devices and standard / conventional websites just don't cut it.  \n \nWhat you should be doing is to allow your visitor who are using mobile phones ways to contact you asap.  Your website should have only one goal and that is to convert! That is how your business will grow. \n \nIf you are interested in getting your own mobile website that converts, do drop us an email.  \n \n \n ",
        "title": "Stop turning your customers away"
    },
    {
        "postid": "5938321181",
        "postingbody": " \n \n QR Code Link to This Post \n  \n \nMake your PROFESSIONAL responsive website and mobile friendly  \nfor 200USD/7990 thb ( WEBDESIGN+OPTIMISATION). \n \nIf you run a business dont wait to long to get more  \ncustomers easier ( Restaurant, hotel, offices,product, etc...). \n \nOur Existing clients are located in  \n \n-THAILAND,  \n-USA,  \n-FRANCE,  \n-SINGAPORE,  \n-HONGKONG \n-and more...  \n \nSend me a message for more detail, I will suggest you and give your best solution ;) \n \n \nkays     ",
        "title": "Your Website For Just 200usd"
    },
    {
        "postid": "5944725857",
        "postingbody": " \n \n QR Code Link to This Post \n  \n \nDealing with web developers can be a daunting task especially if you're not certain of what you need. With all their fancy lingo and tech jargon, if you're not one of them, you'd better be prepared to be bombarded by a barrage of abbreviations and fancy talk. \n \n\"I just need to get a website done... that's all!\" \n \nA website can be as simple as a five to ten page document... to an entire system encompassing front and back-end processes. So stating 'just a website' could be a tad ambiguous when you're asking for a quote. Stating specifically what you'd like the website to do would be a better option. \n \nI've personally worked on projects that are as cheap as USD700 (a static 10 page website) to as high as USD500,000 (an educational web application) thus as you can the range is pretty varied. \n \nMost often clients assume that the price of a website includes logos, content and exclusively taken photographs.  \n \nFor that to happen, web designers and developers usually outsource graphic designers for logos and vector design, content-writers and/or copywriters for juicy relevant content and a photographer for engaging exclusive shots. This will either compromise the theme or the quality of work as jobs are usually outsourced overseas. \n \nMy local team however specialises in all of the above. Not only are we young and updated. We'll listen to your needs, develop for your theme, and even allocate a project manager to each project. \n \nBest part is that we promise we won't talk to you in tech jibberish... just plain simple English. \n \nHave a sneak peak at our ongoing current project http://www.solek.net     ",
        "title": "You need to get a website done... simple and easy."
    },
    {
        "postid": "5936756654",
        "postingbody": " \n \n QR Code Link to This Post \n  \n \nFast and very experienced in fixing computer and networking problems. \n \nhttp://www.zonetsg.com     ",
        "title": "PC services H/P: 98524686"
    },
    {
        "postid": "5941811598",
        "postingbody": " \n \n QR Code Link to This Post \n  \n \nGuaranteed 1st Page Rank in Google, Yahoo &amp; Bing \n \nOnly White Hat Ethical SEO Services &amp; Solid Brand Building \n \nEmicorn Technology is an ISO certified SEO Company Singapore. We are based at 10 Anson Road, International Plaza, Singapore 079903. We focus on Brand Building through relevant, quality and solid link building. \n \nWe offer solution that guarantees to: \n1.\t1st Page Rank in Google \n2.\tEnhance Your Brand Image and Increase Your Sales and Revenue \n3.\tIncreased Quality Traffic on your Website \n4.\tBetter Presence and Competitive Advantage on Internet \n \nGet 1st Page Rank or Money Back with No Question Asked! \n \nFree SEO Consultation | Free Analysis Report \n \n SEO Company Singapore | SEO Services Singapore | SEO Company | Web Development | Search Engine Marketing \n \nContact us now- \n  show contact info \n  Or call for a meeting \n \nFor More Information Visit our website http://www.emicorn.com/seo-services \n ",
        "title": "SEO Company Singapore"
    },
    {
        "postid": "5953468079",
        "postingbody": " \n \n QR Code Link to This Post \n  \n \nHi, \n \nI could help you set up your network infrastructure for affordable rates; \n1. Switches \n2.routers \n3. Firewalls  \n4. Wireless Controllers and APs \nAlso can help set up AWS related services \nI can be contacted at 9083 Nine 7 Nine 5 \n \n ",
        "title": "Network Services"
    },
    {
        "postid": "5955604355",
        "postingbody": " \n \n QR Code Link to This Post \n  \n \nFast and very experienced in fixing computer and networking problems. \n \nhttp://www.zonetsg.com     ",
        "title": "ITr services H/P: 98524686"
    },
    {
        "postid": "5937061379",
        "postingbody": " \n \n QR Code Link to This Post \n  \n \nAll in one website with Content Management System (CMS), E-commerce, Social Media linked and Responsive Design for different devices with full control off all your content at just only $2K.  \n- No more yearly maintenance fee \n- Posting &amp; of content anytime, anywhere.  \n- Be in full control \n \nIsn't it wonder to do it at a low cost? Talk to us now! \n \n--- \nOur Digital Services:  \nWebsite Design &amp; Development \nMobile Application Design &amp; Development \nAugmented &amp; Virtual Reality \nInternet of Things (Tracking Technology) \nE-Commerce \nDigital Marketing (SEO, SEM &amp; SMM) \nDomain Registration &amp; Hosting Service \n \nTalk to us now \n  show contact info \n. We will provide you with advises and free quotation! \n \nwww.facebook.com/thedesigniconstudio \n ",
        "title": "CMS &amp; E-Commerce Website for as low as $2K."
    },
    {
        "postid": "5932303538",
        "postingbody": " \n \n QR Code Link to This Post \n  \n \nMacbook Pro and iMac Repair Centre \n \nIT CONNECTIONZ is a leading Apple Macbook and iMac Repair Services, we are capable of repairing faulty Apple Macbook and iMac to its Original Full Working Order, within the Shortest Turnaround Time and meeting the strictest sets of quality control standards! Back by strong reputation for Apple Macbook and iMac Repair Services and coupled with our Reasonable Pricing for all repair services. Satisfied customers have been referring friends and families to engage our service.  \n \nCall: 83107898 or 91911864 or 98897755  \n \nFor more info, pls visit: www.itconnectionz.com.sg  \n \n* Cannot Turn On Your Laptop, MacBook or iMac \n* Unable to Detect Hard Disk or SuperDrive \n* No Display or No Power \n* No Wifi or No Bluetooth \n* Freezes, Overheating, Auto Shutdown \n* Malfunctioning Ports or Charging Port \n* Water Spilled on your MacBook or Laptop \n* LCD/LED Screen Crack or Not Working \n* Adapter, Keyboard or Battery Not Working \n* Loss Of Data \n \nMAKE THE RIGHT CHOICE TODAY \n \nScreen Panel  / Front Glass Replacement: \nMacBook Air 11\" LED Screen Panel \nMacBook Air 13\" LED Screen Panel \nMacBook Pro (Non Retina) unibody 13\" Front Glass  \nMacBook Pro (Non Retina) unibody 15\" Front Glass \nMacBook Pro (Non Retina) unibody 13\" LED Screen Panel \nMacBook Pro (Non Retina) unibody 15\" LED Screen Panel \nMacBook Pro (Retina) unibody 13\" LED Screen Panel \nMacBook Pro (Retina) unibody 15\" LED Screen Panel \nGasket (Rubber Case) Replacement \niMac 21.5\" (Non Retina) Front Glass  \niMac 27\" (Non Retina) Front Glass \niMac 21.5\" (Non Retina) LED Screen Panel \niMac 27\" (Non Retina) LED Screen Panel \niMac 21.5\" / 27\" (Retina) Screen Panel Replacement \n \nReplace Superdrive / Optical Drive (DVD RW) \nReplace MacBook White Optical Drive  \nReplace MacBook Pro Unibody 13\"/15\" Optical Drive  \n \nRepair Motherboard / Logic Board / Power Supply \nRepair Motherboard (Graphic Card, Power IC chip, Over Heating, Freeze, Auto Shutdown, Audio Card, USB Ports) \nRepair Water Damage Logicboard  \n \nReplace Apple Macbook Keyboard \nMacBook Air 11\" / 13\" Keyboard \nMacBook Pro 13\" / 15\" (Non Retina) unibody Keyboard  \nMacBook Pro 13\" / 15\" (Retina) unibody Keyboard \n \nRepair, Replace or Upgrading Services \nBattery Replacement \nTouchpad Replacement \nAirport Card (Wireless) Replacement \nData Migration / Data Recovery Services  From $180 Only (T&C;) \nUpgrade RAM / Upgrade Hard Disk (HDD) or Solid State Drive (SSD)   \nOptical Drive Bay Convert to 2nd HDD/SSD  \n \nFree Pick-up &amp; Return Service (Upon Job Complete) *T&C; Apply \n \nSales &amp; Service Centre:  \nBlk 213 Bedok North St1 (Bedok Central), #01-121 (2nd Floor) Entrance from the back, Singapore 460213.   \n \nCall: 83107898 or 91911864 or 98897755  \nFor more info, pls visit: www.itconnectionz.com.sg \nEmail: \n  show contact info \n \n \n \n \n \n \n \n \n \n \n \nmacbook, macbook pro, macbook air, imac, macbook repair, macbook pro repair, macbook pro retina repair, mabook air repair, imac repair, speaker replace, keyboard replace, battery replace, airport card replace, wifi card replace, screen replace, laptop repair, desktop repair, pc repair, computer repair, apple repair     ",
        "title": "Macbook &amp; iMac Repair Service Centre"
    },
    {
        "postid": "5942995700",
        "postingbody": " \n \n QR Code Link to This Post \n  \n \nFast and very experienced in fixing computer and networking problems. \n \nhttp://www.zonetsg.com     ",
        "title": "PC services H/P: 98524686"
    },
    {
        "postid": "5920584985",
        "postingbody": " \n \n QR Code Link to This Post \n  \n \nI design and develop simple &amp; user-friendly website, web app and mobile app. \n \n \n8+ years of experience in Website development and Mobile Apps Development. \n8&#24180;&#22810;&#30340;&#32593;&#31449;&#24320;&#21457;&#32463;&#39564;.  \n \nYour requirement can be a single webpage, function, or application.  \n \nProgramming:HTML5,AngularJS PHP, MySQL, Ajax CMS, ASP.NET, Jquery, CSS3,C# Solutions: Custom built, enterprise level mailing solutions. HTML : Bootstrap, Mobile Compatible, HTML5, fully validated table-less codes. \n \nI can teach software programme and setting up a Computer Networking and Database. \n&#25105;&#21487;&#20197;&#25552;&#20379;&#36719;&#20214;&#31243;&#24207;&#25945;&#23398; \n \n \nDemo : http://kennethhutw.github.io/demo/Camping/intro.html     ",
        "title": "IT/WebSite/Application/mobile app freelancer"
    },
    {
        "postid": "5904661585",
        "postingbody": " \n \n QR Code Link to This Post \n  \n \nProfessional, Fast, and Economical Data Recovery Services \n \n \nElectronic data is today's environment and can be very hard, if not impossible, to replace. It could be your entire business or your family's memories. We offers professional, fast, andeconomical data recovery services for businesses and individuals who experience data loss because of hard drive failures, software corruption, human errors, or natural disasters.  \n \nWhen data appears to be lost or inaccessible you need fast, reliable service. We are experts in providing advanced data recovery services. We can recover data no matter how loss occurs - accidental deletion, hardware crash, corrupted data, fire and water damage - to name a few. \n \nIn the case of actual hardware failure, only a data recovery services professional can get your data back. And the fact that you cannot access your data through your operating system does not necessarily mean that your data is lost.  \n \n \nHard Drive Recovery - any size, interface or make; \nRaid Data Recovery - hardware or software - any RAID levels;            \nDesktop Hard Drive Recovery \nLaptop Hard Drive Recovery \nEnterprise Hard Drive Recovery \nExternal (Portable) Hard Drive Recovery \nRecovery files from the hard drive require expertise and experience. we will get your data back to you quickly. We can help with recovering files after drive reformatting, accidental deletion, file system destructions, and more. Call us today 9449 0994, let us help recover your lost files.     ",
        "title": "Professional, Fast, and Economical Data Recovery Services"
    },
    {
        "postid": "5908868445",
        "postingbody": " \n \n QR Code Link to This Post \n  \n \nFast and very experienced in fixing computer and networking problems. \n \nhttp://www.zonetsg.com     ",
        "title": "IT services H/P: 98524686"
    },
    {
        "postid": "5941755815",
        "postingbody": " \n \n QR Code Link to This Post \n  \n \nOur expert development team can customize themes of open source websites such as WordPress,Drupal,Joomla etc. as per your customized requirements. To learn more , logon to http://innomediatechnologies.com/web-design-singapore/open-source/ \n ",
        "title": "Open Source Web Development"
    },
    {
        "postid": "5951437482",
        "postingbody": " \n \n QR Code Link to This Post \n  \n \nFast and very experienced in fixing computer and networking problems. \n \nhttp://www.zonetsg.com     ",
        "title": "Computer services H/P: 98524686"
    },
    {
        "postid": "5915609807",
        "postingbody": " \n \n QR Code Link to This Post \n  \n \nFast and very experienced in fixing computer and networking problems. \n \nhttp://www.zonetsg.com     ",
        "title": "Computer services H/P: 98524686"
    },
    {
        "postid": "5888149598",
        "postingbody": " \n \n QR Code Link to This Post \n  \n \nWePix Media is have already gained more than five years worth of experience from working with various companies all over the globe. Specialise in web designing and web development. We provide Quality designs that will surely meet your needs. With the quality we provide, the prices are set at a reasonable cost. So let our services take care of your design, budget and needs. \n \nThings that you need to consider in working with us:  \n \n* Money Back Guarantee! \n* The most trusted Freelancer with over 100+ clients internationally  \n* Portfolio and References Available  \n* Reasonable Rates with Quality Services \n \nHead on over to our website now at www.wepixmedia.com for our portfolios.  \n \nOur Key Step to start your project: \n \n* Fill out our Contact form in our portfolio: www.wepixmedia.com or email us: sales @wepixmedia.com or add us on Skype: wepix.media \n* Our customer service will contact you immediately to assist you. \n* Give us more details of your tasks/instructions. \n* We will send you an exact quote. \n* Choose your payment method and pay. \n* We wil start your project asap. \n \nIn Wepix media, WE DELIVER YOUR EXPECTATIONS!     ",
        "title": "Web Design, Graphic Design, UI Design - WePixMedia.com"
    },
    {
        "postid": "5932528968",
        "postingbody": " \n \n QR Code Link to This Post \n  \n \nFast and very experienced in fixing computer and networking problems. \n \nhttp://www.zonetsg.com     ",
        "title": "PC services H/P: 98524686"
    },
    {
        "postid": "5913165369",
        "postingbody": " \n \n QR Code Link to This Post \n  \n \nFast and very experienced in fixing computer and networking problems. \n \nhttp://www.zonetsg.com     ",
        "title": "PC services H/P: 98524686"
    },
    {
        "postid": "5936756070",
        "postingbody": " \n \n QR Code Link to This Post \n  \n \nFast and very experienced in fixing computer and networking problems. \n \nhttp://www.zonetsg.com     ",
        "title": "Computer services H/P: 98524686"
    },
    {
        "postid": "5932528753",
        "postingbody": " \n \n QR Code Link to This Post \n  \n \nFast and very experienced in fixing computer and networking problems. \n \nhttp://www.zonetsg.com     ",
        "title": "Computer services H/P: 98524686"
    },
    {
        "postid": "5932304093",
        "postingbody": " \n \n QR Code Link to This Post \n  \n \nOne Stop Computer Repair &amp; Networking Service Centre \n \nIT CONNECTIONZ is a leading Laptop &amp; Desktop Repair Services, we are capable of repairing faulty Motherboard to its Original Full Working Order, within the Shortest Turnaround Time and meeting the strictest sets of quality control standards! Back by strong reputation for Laptop &amp; Desktop Repair Services and coupled with our Reasonable Pricing for all repair services. Satisfied customers have been referring friends and families to engage our service.  \n \nCall: 83107898 or 91911864 or 98897755  \n \nFor more info, pls visit: www.itconnectionz.com.sg  \n \n* Cannot Turn On Your Laptop, Desktop, iMac, MacBook \n* Unable to Detect Hard Disk or DVD/CD Drive \n* No Display or No Power \n* No Wifi or No Bluetooth \n* Freezes, Overheating or Auto Shutdown \n* Malfunctioning Ports or Charging Port \n* Water Spilled On Your Laptop or MacBook \n* LCD/LED Screen Crack or Not Working \n* Adapter, Keyboard or Battery Not Working \n* Loss Of Data \n \nMAKE THE RIGHT CHOICE TODAY \n \nRepair Motherboard / Logic Board \nRepair Motherboard (Graphic Card, Power IC chip, Over Heating, Freeze, Auto Shutdown, Audio Card, USB Ports) \nRepair Water Damage Motherboard \n \nReplace LCD/LED Screen  \nReplace Screen Panel for 10.1\" 10.4\" 10.6\" 11.1\" 11.3\" 11.6\" 12.1\" 12.5\" 13.1\" 13.3\" 13.4\" 14.0\" 14.1\" 14.2\" 14.5\" 15.0\" 15.2\" 15.4\" 15.5\" 15.6\" 15.7\" 16.0\"  16.1\" 16.4\" 17.0\" 17.1\" 17.3\" 18.4\" 19.0\" 20.1\" \n \nRepair, Replace or Upgrading Services \nBattery Replacement \nTouchpad Replacement \nKeyboard Replacement \nWifi Card Replacement \nOptical Drive (DVD/CDRW, DVD Rom, CD Drive Upgrade) Replacement \nData Migration / Data Recovery Services  From $180 Only (T&C;) \nUpgrade RAM / Upgrade Hard Disk (HDD) or Solid State Drive (SSD)   \nOptical Drive Bay Convert to 2nd HDD/SSD \n \nWHAT'S MORE??!! \nWE ALSO PROVIDE BRAND NEW DIY PC AT VERY GOOD PRICE, NETWORKING FOR BOTH HOME AND OFFICE AND ONSITE SERVICES. \n \nWANTS CCTV FOR HOME AND OFFICE SECURITY??!! \nCALL US FOR ONSITE SURVEYING AND PRICE!!! \nREST ASSURED AS WE HAVE GOT PORT FOLIO OF QB HOUSE WITH 26 SITES AND GOVERNMENT PROJECT!!! \nALL AT PROMOTIONAL PRICE!!! HURRY UP AND CALL US TODAY!!! \n \nSales &amp; Service Centre:  \nBlk 213 Bedok North St1 (Bedok Central), #01-121 (2nd Floor) Entrance from the back, Singapore 460213. \n \nCall: 83107898 or 91911864 or 98897755  \nFor more info, pls visit: www.itconnectionz.com.sg \nEmail: \n  show contact info \n \n \n \n \n \n \n \n \n \n \n \nmacbook pro, macbook air, imac, macbook repair, macbook pro repair, macbook pro retina repair, mabook air repair, imac repair, speaker replace, keyboard replace, battery replace, airport card replace, wifi card replace, screen replace, laptop repair, desktop repair, pc repair, computer repair, apple repair, water damage, mainboard repair, logicboard repair, motherboard repair     ",
        "title": "One Stop Computer Repair &amp; Networking Service Centre"
    },
    {
        "postid": "5955604787",
        "postingbody": " \n \n QR Code Link to This Post \n  \n \nFast and very experienced in fixing computer and networking problems. \n \nhttp://www.zonetsg.com     ",
        "title": "PC services H/P: 98524686"
    },
    {
        "postid": "5915020301",
        "postingbody": " \n \n QR Code Link to This Post \n  \n \nHelp you to set up office 365 for business Email and migrate your current business email to office365 \n \nWhy do you need office365 ? \n \n1: Do you need Office for home or for the office? \n2: How many people will be using Office? \n3: Do need to download Office to your computer or device, or can you use it solely online? \n4. How do  migrate multiple email accounts to Office 365? \n5. How do set up office 365 for business \n6. How do set up sharepoint  in office 365 \n \n \nIf any question, Drop me an e-mail to discuss. \n \nThanks for reading :)  \n ",
        "title": "Office 365 - IT freelancer"
    },
    {
        "postid": "5915671035",
        "postingbody": " \n \n QR Code Link to This Post \n  \n \nSIIFOS PROVIDES ELEGANT WEBSITES IN TIME WITH DISCOUNT OF 15% FOR EDUCATIONAL INSTITUTIONS, START UPS, HOSPITALS AND HOTELS. FOR MORE DETAILS SENDYOUR REQUIREMENTS     ",
        "title": "web design at low cost"
    },
    {
        "postid": "5939620195",
        "postingbody": " \n \n QR Code Link to This Post \n  \n \nFast and very experienced in fixing computer and networking problems. \n \nhttp://www.zonetsg.com     ",
        "title": "IT services H/P: 98524686"
    },
    {
        "postid": "5922754928",
        "postingbody": " \n \n QR Code Link to This Post \n  \n \nFast and very experienced in fixing computer and networking problems. \n \nhttp://www.zonetsg.com     ",
        "title": "PC services H/P: 98524686"
    },
    {
        "postid": "5948856862",
        "postingbody": " \n \n QR Code Link to This Post \n  \n \nFast and very experienced in fixing computer and networking problems. \n \nhttp://www.zonetsg.com     ",
        "title": "IT services H/P: 98524686"
    },
    {
        "postid": "5936757131",
        "postingbody": " \n \n QR Code Link to This Post \n  \n \nFast and very experienced in fixing computer and networking problems. \n \nhttp://www.zonetsg.com     ",
        "title": "IT services H/P: 98524686"
    },
    {
        "postid": "5927635425",
        "postingbody": " \n \n QR Code Link to This Post \n  \n \nFast and very experienced in fixing computer and networking problems. \n \nhttp://www.zonetsg.com     ",
        "title": "PC services H/P: 98524686"
    },
    {
        "postid": "5922754794",
        "postingbody": " \n \n QR Code Link to This Post \n  \n \nFast and very experienced in fixing computer and networking problems. \n \nhttp://www.zonetsg.com     ",
        "title": "Computer services H/P: 98524686"
    },
    {
        "postid": "5955603884",
        "postingbody": " \n \n QR Code Link to This Post \n  \n \nFast and very experienced in fixing computer and networking problems. \n \nhttp://www.zonetsg.com     ",
        "title": "Computer services H/P: 98524686"
    },
    {
        "postid": "5930371622",
        "postingbody": " \n \n QR Code Link to This Post \n  \n \nWe are an IT outsourcing company localed in Sri Lanka,and we have a history of more than ten years. We hope to find local IT professionals to recommend reliable sources of projects to us, and we are responsible for the development. You can get a generous commission. We use the online systems to do the projects management, and you can check the progress of the projects at any time and anywhere, so as to obtain a commission. Looking forward to your application.     ",
        "title": "Looking outsourcing projects and partnership"
    },
    {
        "postid": "5939620013",
        "postingbody": " \n \n QR Code Link to This Post \n  \n \nFast and very experienced in fixing computer and networking problems. \n \nhttp://www.zonetsg.com     ",
        "title": "PC services H/P: 98524686"
    },
    {
        "postid": "5948856204",
        "postingbody": " \n \n QR Code Link to This Post \n  \n \nFast and very experienced in fixing computer and networking problems. \n \nhttp://www.zonetsg.com     ",
        "title": "Computer services H/P: 98524686"
    },
    {
        "postid": "5913165571",
        "postingbody": " \n \n QR Code Link to This Post \n  \n \nFast and very experienced in fixing computer and networking problems. \n \nhttp://www.zonetsg.com \n ",
        "title": "Computer services H/P: 98524686"
    },
    {
        "postid": "5946231708",
        "postingbody": " \n \n QR Code Link to This Post \n  \n \nSSOMENS SOFTWARE is one of the leading software service provider company in India with headquarters in the Singapore. \nWe have a proven track record in fulfilling complex software and business requirements of our esteemed clients across Singapore / Malaysia / Hong Kong/ Paris and India. \nOur focus is very broad including Customized Software ,Application Development, Mobile Apps, Website Development, and Software testing. \nSSOMENS has good no. of clients around the world and created remarkable results in the field of cloud computing, open source technology, android and SaaS applications. \nWe have a proven track record of 100% project completion and on-time delivery. \nWe are very focused on customer satisfaction and will work closely with you to ensure you get the deliverable you require. \nPlease visit our website www.ssomens.com to know more about us. \nFEW OF OUR PRODUCTS : \nERP , CRM , HRM AND MUCH MORE .. \nERP - Here are 5 ways in which SSOMENS can add value to an ERP system : \n1.Reduce or eliminate ERP gaps \n2.Improve productivity \n3.Improve business agility \n4.Extend the value of business transactions \n5.Ease workloads \nCRM - Track leads, optimise your sales activities, and foster better customer relations. \nSSOMENS CRM is a cloud based solution that helps you track sales activities, predict customer behaviour, automate, and keep sales processes streamlined. \nHRM : \nOffering one stop HR solution for small and medium businesses. \nMobile, cloud-based, easy-to-use. \nLeave &amp; attendance management, time tracking, performance management and more. \nPLEASE FEEL FREE TO CALL US OR EMAIL US. \nEMAIL - SALES1 AT SSOMENS DOT COM \n \n ",
        "title": "SSOMENS SOFTWARE DEVELOPMENT - CLOUD COMPUTING"
    },
    {
        "postid": "5915610203",
        "postingbody": " \n \n QR Code Link to This Post \n  \n \nFast and very experienced in fixing computer and networking problems. \n \nhttp://www.zonetsg.com     ",
        "title": "IT services H/P: 98524686"
    },
    {
        "postid": "5909084020",
        "postingbody": " \n \n QR Code Link to This Post \n  \n \nWe've got the platform built.  \n \nNo hassle, no trouble. Best thing is, there are no high fees.  \n \nCompletely Easy to use.  \n \nHow would you like a feeds like platform for your business mobile app.  \n \nUseable under all sorts of situations! Simply send out notifications to all of your subscribers! \n \nContact me Lawrence 91528801 for non-obligatory demo we created for some of our clients.  \n \nor check out the site: http://solvepos.com/500-mobile-development-service     ",
        "title": "Create your Business Mobile App $500."
    },
    {
        "postid": "5930720651",
        "postingbody": " \n \n QR Code Link to This Post \n  \n \nTop-rated Excel visual basic VBA macro trainer or tuition  \n$80/hour (negotiable)  \n \nAlso available to hire for your Excel automation projects  \n- will automate your most tedious processes, increase efficiency by 400% \n- will cut costs by 80%  \nRate: negotiable per project, from S$500 for simple tasks to S$7,000 for company-changing excel  \n \nCall or SMS at: number listed in ad     Alex  \nor email: email in ad     ",
        "title": "Excel VBA Macro creation- AUTOMATE company process OR Training Tuition"
    },
    {
        "postid": "5913165809",
        "postingbody": " \n \n QR Code Link to This Post \n  \n \nFast and very experienced in fixing computer and networking problems. \n \nhttp://www.zonetsg.com     ",
        "title": "IT services H/P: 98524686"
    },
    {
        "postid": "5908867760",
        "postingbody": " \n \n QR Code Link to This Post \n  \n \nFast and very experienced in fixing computer and networking problems. \n \nhttp://www.zonetsg.com     ",
        "title": "Computer services H/P: 98524686"
    },
    {
        "postid": "5910395833",
        "postingbody": " \n \n QR Code Link to This Post \n  \n \n8CLICKS Pte Ltd \n \nAs a Singapore Agency, we offer (Affordable, Fresh and Substance filled) web services.  \nWith our experience and expertise, we aim to make your ideas into reality. \nNo point spending so much but no result mah. \n \nCome see below what we have to offer. -Leh Long Leh Long- \n \nContent Management System (CMS) \n- Wordpress based \n- Animated Slide Show (mobile friendly) \n- Services Showcase \n- Contact page with Google Map integrated \n- Mobile Responsiveness \n- Social Media Integration \n- Google Analytics Provided \n \neCommerce System \n- Opencart based  \n- 2 custom made designs for you to choose from \n- up to 1000 products and SKUs \n- Promotions and Coupons deals \n- Third party payment gateway (Paypal) \n- Mobile Responsiveness \n- Social Integration \n- Google Analytics Provided \n \nAdvise: Wooommerce - skip / saim (Wordpress is not meant for ecommerce period.) \n \nCustomer Relation Management \nContact us for a demo. \nConfirm promise no dragon/phoenix talk. Purely demo and share. \n \n \nNo harm to contact us at 6681 6721 or \n  show contact info \n and let's sit down for a cup of Kopi! \nby the way ah quote is free want! \n \nwww.8clicks.com.sg \n8clicks to your ideas coming true.     ",
        "title": "Rock Bottom Price - Web Design Services"
    },
    {
        "postid": "5934398388",
        "postingbody": " \n \n QR Code Link to This Post \n  \n \nWePix Media is have already gained more than five years worth of experience from working with various companies all over the globe. Specialise in web designing and web development. We provide Quality designs that will surely meet your needs. With the quality we provide, the prices are set at a reasonable cost. So let our services take care of your design, budget and needs. \n \nThings that you need to consider in working with us:  \n \n* Money Back Guarantee! \n* The most trusted Freelancer with over 100+ clients internationally  \n* Portfolio and References Available  \n* Reasonable Rates with Quality Services \n \nHead on over to our website now at www.wepixmedia.com for our portfolios.  \n \nOur Key Step to start your project: \n \n* Fill out our Contact form in our portfolio: www.wepixmedia.com or email us: sales @wepixmedia.com or add us on Skype: wepix.media \n* Our customer service will contact you immediately to assist you. \n* Give us more details of your tasks/instructions. \n* We will send you an exact quote. \n* Choose your payment method and pay. \n* We wil start your project asap. \n \nIn Wepix media, WE DELIVER YOUR EXPECTATIONS!     ",
        "title": "Web Design, Graphic Design, UI Design - WePixMedia.com"
    },
    {
        "postid": "5920567107",
        "postingbody": " \n \n QR Code Link to This Post \n  \n \nI design and develop simple &amp; user-friendly website, web app and mobile app that can help to grow your business. \n \nI also can setting up a Computer Networking and Database. \n \n \n8+ years of experience in Website development and Mobile Apps Development. \n8&#24180;&#22810;&#30340;&#32593;&#31449;&#24320;&#21457;&#32463;&#39564;.  \n \nProgramming:HTML5,AngularJS PHP, MySQL, Ajax CMS, ASP.NET, Jquery, CSS3,C# Solutions: Custom built, enterprise level mailing solutions. HTML : Bootstrap, Mobile Compatible, HTML5, fully validated table-less codes. \n \nI can teach software programme.  \n&#25105;&#21487;&#20197;&#25552;&#20379;&#36719;&#20214;&#31243;&#24207;&#25945;&#23398; \n \n \nDemo : http://kennethhutw.github.io/demo/Camping/intro.html \n ",
        "title": "WebSite design&amp; IT"
    },
    {
        "postid": "5943187104",
        "postingbody": " \n \n QR Code Link to This Post \n  \n \nCMS &amp; E-Commerce Website for as low as S$2K. \n \nOwn your All-In-One website inclusive of Content Management System (CMS), E-commerce, Social Media Integration and Responsive Design for different devices with full control of your contents at just only S$2K.  \n- No more yearly maintenance fee \n- No more expensive website \n- Posting of contents anytime, anywhere.  \n- Be in full control \nIsn't it wonderful to do it at a low cost? Talk to us now! We can get your ideas and products to your customers fast! \n--- \nOur Digital Services:  \nWebsite Design &amp; Development \nMobile Application Design &amp; Development \nAugmented &amp; Virtual Reality \nInternet of Things (Tracking Technology) \nE-Commerce \nDigital Marketing (SEO, SEM &amp; SMM) \nDomain Registration &amp; Hosting Service \nTalk to us now \n  show contact info \n.  \nRemember to enter the PROMO CODE 'tdiweb' for the promo package. We will also provide you with guides and free quotation! \nwww.facebook.com/thedesigniconstudio     ",
        "title": "CMS &amp; E-Commerce Website for as low as S$2K."
    },
    {
        "postid": "5949801839",
        "postingbody": " \n \n QR Code Link to This Post \n  \n \ncreate or modify your shopify theme customization as per your requirement.If you want brand new custom theme for your store you are on right place. \nfirst of all i will review your website detail after that we will deside how much quote for your task \n \nWe are provide Below service in shopify  \n \n1) HTML-PSD Development \n2) Html Integration to shopify store \n3) Provide responsive design \n4) Newsletter Integration \n5) Admin manage store \n \nGrow your business with us \n \nBelive in quality work \nThanks \nShopify expert     ",
        "title": "Shopify Expert"
    },
    {
        "postid": "5938355205",
        "postingbody": " \n \n QR Code Link to This Post \n  \n \nCMS &amp; E-Commerce Website for as low as S$2K. \n \nOwn your All-In-One website inclusive of Content Management System (CMS), E-commerce, Social Media Integration and Responsive Design for different devices with full control of your contents at just only S$2K.  \n- No more yearly maintenance fee \n- No more expensive website \n- Posting of contents anytime, anywhere.  \n- Be in full control \n \nIsn't it wonderful to do it at a low cost? Talk to us now! We can get your ideas and products to your customers fast! \n \n--- \nOur Digital Services:  \nWebsite Design &amp; Development \nMobile Application Design &amp; Development \nAugmented &amp; Virtual Reality \nInternet of Things (Tracking Technology) \nE-Commerce \nDigital Marketing (SEO, SEM &amp; SMM) \nDomain Registration &amp; Hosting Service \n \nTalk to us now \n  show contact info \n.  \nRemember to enter the PROMO CODE 'tdiweb' for the promo package. We will also provide you with guides and free quotation! \n \nwww.facebook.com/thedesigniconstudio \n ",
        "title": "CMS &amp; E-Commerce Website for as low as S$2K."
    },
    {
        "postid": "5932907406",
        "postingbody": " \n \n QR Code Link to This Post \n  \n \nThe digital marketing agency in Singapore is growing with a breakneck speed and the growth is continuing unabated. Every business, whether big or small, wants to benefit from this massive size and scale of the internet.  http://digitalmarketing.intrapress.com.sg/     ",
        "title": "Digital Marketing Agency Singapore"
    },
    {
        "postid": "5951437735",
        "postingbody": " \n \n QR Code Link to This Post \n  \n \nFast and very experienced in fixing computer and networking problems. \n \nhttp://www.zonetsg.com     ",
        "title": "PC services H/P: 98524686"
    },
    {
        "postid": "5927635795",
        "postingbody": " \n \n QR Code Link to This Post \n  \n \nFast and very experienced in fixing computer and networking problems. \n \nhttp://www.zonetsg.com     ",
        "title": "IT services H/P: 98524686"
    },
    {
        "postid": "5949045490",
        "postingbody": " \n \n QR Code Link to This Post \n  \n \nInnomedia Technologies Pte. Ltd is one among the Top Web Design and Development and an Online Marketing Company in Singapore serving clients across the Island and worldwide for more than 10 years. Get in touch for all your online business needs. You may reach us call us at +65 9097 9242 visit http://innomediatechnologies.com/web-design-singapore/ \n ",
        "title": "Web Design Company - Singapore"
    },
    {
        "postid": "5957294097",
        "postingbody": " \n \n QR Code Link to This Post \n  \n \nInnomedia Technologies Pte Ltd.  is an affordable web design company offering web design services, web development services, and all type of online marketing services in Singapore. Please contact us for more details and for your business analysis at No Cost and No Obligation.  visit http://innomediatechnologies.com/web-design-singapore/ \n ",
        "title": "Affordable Web Design Services"
    },
    {
        "postid": "5924942332",
        "postingbody": " \n \n QR Code Link to This Post \n  \n \nFast and very experienced in fixing computer and networking problems. \n \nhttp://www.zonetsg.com     ",
        "title": "PC services H/P: 98524686"
    },
    {
        "postid": "5946194078",
        "postingbody": " \n \n QR Code Link to This Post \n  \n \nPromo: CMS &amp; E-Commerce Website for as low as S$2K. \n \nOwn your All-In-One website inclusive of Basic Content Management System (CMS) or Basic E-commerce Package, Social Media Integration and Responsive Design for different devices with full control of your contents for as low as S$2K.  \n- No more yearly maintenance fee \n- No more expensive website \n- Posting of contents anytime, anywhere.  \n- Be in full control \n- Suitable for Start-ups, Entrepreneurs, Freelancers, Small Medium Businesses &amp; even corporate organisations. \nIsn't it wonderful to do it at such a low cost? Talk to us now! We can provide suggestions and get your ideas &amp; products to your customers fast! \n--- \nOur Digital Services:  \nWebsite Design &amp; Development \nMobile Application Design &amp; Development \nAugmented &amp; Virtual Reality \nInternet of Things (Tracking Technology) \nE-Commerce \nDigital Marketing (SEO, SEM &amp; SMM) \nDomain Registration &amp; Hosting Service \nTalk to us now \n  show contact info \n.  \nRemember to enter the PROMO CODE 'tdiweb' for the promo package. We will also provide you with guides and free quotation! \nwww.facebook.com/thedesigniconstudio     ",
        "title": "Promo: CMS &amp; E-Commerce Website for as low as S$2K."
    },
    {
        "postid": "5932973571",
        "postingbody": " \n \n QR Code Link to This Post \n  \n \nAt Innomedia, we have rich experience of theming, installation and customization of Drupal modules. So, if you are looking for a reliable yet\u00a0affordable web development company in Singapore\u00a0to develop or maintain your Drupal website, you can rely on Innomedia. To learn more , logon to http://innomediatechnologies.com/web-design-singapore/drupal-website-development/ \n ",
        "title": "Drupal Website Development"
    },
    {
        "postid": "5926515300",
        "postingbody": " \n \n QR Code Link to This Post \n  \n \nWe provide Computer Services and IT Solutions to customers \nWe fix all kinds of PCs and servers issues &amp; its Connectivity \nInstall patches, troubleshoot problems, upgrade to new servers, replace faulty hardware \n \nWe offer the following services : \n# IT Outsourcing Solution || Data/OS Migration and Integration \n# SAN and NAS Solutions || IT Maintenance Services \n# Exchange Server || Storage and Backup Solution \n# Computer Hardware and Software || LAN and WAN Solutions \n# Office/Site Relocation || Router and firewall \n# IT Products and Services || Network Infrastructure \n# Antivirus and Prevention Maintenance Support || PC and PC Notebook \n# Server Administration || VMWARE \n \nCheck our website: \nhttp://www.dtcsolution.com/ \nor Call us 6904 4826 for further info Thanks!     ",
        "title": "Consulting Services and IT Solution"
    },
    {
        "postid": "5931485666",
        "postingbody": " \n \n QR Code Link to This Post \n  \n \nWith highly skilled network engineers &amp; extensive experience of working within public and private organisations, we provide and propose networking solutions that meets your needs and budget. Contact Entrust Network today to get a free no obligation quote. \n ",
        "title": "Wireless Setup in Singapore"
    },
    {
        "postid": "5943128281",
        "postingbody": " \n \n QR Code Link to This Post \n  \n \nDigital Signage Media Player plays an essential role in the video playing off the company which has the signage running. They can promote their activity with the help of the media elements. For Digital Signage Media Player Call +\n  show contact info \nand more details logon us at http://www.vizansign.com/ \n ",
        "title": "Digital Signage Media Player"
    },
    {
        "postid": "5947559435",
        "postingbody": " \n \n QR Code Link to This Post \n  \n \nBuy Singapore payroll system of SBS Consulting &amp; streamline the tasks. The competitive price, excellent support and trusted name of SBS appeal the clients to buy payroll software Singapore. They are happy with its user-friendly interface &amp; responsive design.  The firm is also acclaimed for developing a unique school management software. \n \nTel: \n  show contact info \n ",
        "title": "Payroll Software Singapore: Get Prompt &amp; Accurate Solutions"
    },
    {
        "postid": "5926328919",
        "postingbody": " \n \n QR Code Link to This Post \n  \n \nDo you require Computer Repair or IT Services that are of good quality but is very affordable at the same time? Would you like your IT problems to be handled by a reliable and efficient company? Do you want to ensure that your IT gadgets are in well experienced and secure hands? Than we are the answer that you are looking for. We are Intelligent Computer Services. We specialize in a whole range of IT services and products. We provide high quality and very reasonably priced services. We offer 24 hour islandwide services so that we can cater to your needs at any time. Do check our website www.intelligence.com.sg for  information on all our services and products or contact us through our phone line Mr. John at 65683853. You can  also WhatsApp us at 94589323. Our prices start from $65. Our IT services include computer repair, data recovery, application development and many more! We also sell a large variety of IT Products from Laptops to customised Desktops!!! You can also send in an enquiry online through our website's live support. We also provide remote support through team viewer so that we can solve certain issues immediately! We also have a members login portal for all our customers to allow customers to view their invoices privately anytime and anywhere! Why wait call us now immediately to solve all your IT problems today!!!     ",
        "title": "Computer repair and IT services by Intelligent Computer Services"
    },
    {
        "postid": "5925080600",
        "postingbody": " \n \n QR Code Link to This Post \n  \n \nFor complete IT managed services in Singapore contact Entrust Network Services, a trusted name in the IT management Services. We provide you 360 degree solution to all sizes of companies based in Singapore. Call us for more information on price and services. \n ",
        "title": "Top IT company in Singapore For IT managed Services"
    },
    {
        "postid": "5915610675",
        "postingbody": " \n \n QR Code Link to This Post \n  \n \nFast and very experienced in fixing computer and networking problems. \n \nhttp://www.zonetsg.com     ",
        "title": "PC services H/P: 98524686"
    },
    {
        "postid": "5922755015",
        "postingbody": " \n \n QR Code Link to This Post \n  \n \nFast and very experienced in fixing computer and networking problems. \n \nhttp://www.zonetsg.com     ",
        "title": "IT services H/P: 98524686"
    },
    {
        "postid": "5914021052",
        "postingbody": " \n \n QR Code Link to This Post \n  \n \nDo you want to create your own website?  \n \nTweaksWeb.com is here to help you to start your online business in no time.  \n \nWith over 500+ template to choose ffrom, just select template, edit content and publish it \n \n1-Click Software installation such as (Wordpress,  PrestaShop, JoomLA and many more!) \n \nVisit our site today! https://tweaksweb.com  \n \nSpeak to our live representative on our site to enquire more!     ",
        "title": "Web Hosting &amp; Web Design"
    },
    {
        "postid": "5950477480",
        "postingbody": " \n \n QR Code Link to This Post \n  \n \nWePixMedia.com specialised in Web Designing, Graphic Designing SEO, SMM, Content Writing &amp; Web development. We provide standard quality services yet affordable that will surely meet your expectation. \n \nWe are a team of diversified location independent freelancer from the Philippines, Malta, Pakistan &amp; Singapore. \n \nThe Team have gained more than Five to Ten Years worth of experience from working with various companies all over the globe.  \n \nMoney Back Guarantee! \n \nTrusted Freelancer team with five to ten years of experience. \n \nPortfolio and References Available.  \n \nReasonable Rates with Quality Services. \n \nFree lifetime support and consultation. \n \n \nSo let our services take care of your project. \n \nHead on over to our website now at www.wepixmedia.com for our portfolios.  \nDirectly contact us on Skype: wepix.media or graphicartistph \nEmail us directly: \n  show contact info \n \n \nIn Wepix media, WE DELIVER YOUR EXPECTATIONS!     ",
        "title": "Web Design, Graphic Design, UI Design - WePixMedia.com"
    },
    {
        "postid": "5930305270",
        "postingbody": " \n \n QR Code Link to This Post \n  \n \nFast and very experienced in fixing computer and networking problems. \n \nhttp://www.zonetsg.com     ",
        "title": "IT services H/P: 98524686"
    }
]