[
    {
        "postid": "5927980461",
        "postingbody": " \n \n QR Code Link to This Post \n  \n \nHiring Female Sg Model/Escort Companions. \nWe have immediate assignment waiting for you ~ we normally get appointments for new girls within 12 hours of meeting them!If you're new to the profession you'll find that escorting is a job like no other. It is a lifestyle. \nIt offers flexibility, freedom from the drudgery of office life and unrivaled potential perks and income. \nYou will achieve financial freedom and will have the time to indulge in your interests, hobbies and more \nYour job is to place great emphasis on meeting the client's needs and requirements to the fullest satisfaction and providing companionship with professional discreet services to our selected clients. \nWork on your free time and earn $200-$800 per assignment \nNo Experience, academic qualifications require \nTraining and coaching will be provided \nWe assured you 100% discreet and safe \n \nBasic Requirements: \n- Aged 18 -- 27 years old \n- Attractive and Sophisticated Enthusiastic \n- Trustworthy &amp; Reliable \n- Outgoing &amp; Friendly Personality \n- Open minded, Fun loving \n- Only Singaporean Chinese Female may apply \n \nIf you are interested in being an escort with us, \nPlease forward a few clear pictures to us with background information on yourself. \nAlternatively whatsapp us at 8287 8096. \nI'm looking forward to hearing from you and we could discuss it further. \nPlease send your information (such as height, weight, age and nationality) \nYour application will be treated in the strictest confidence and will be kept private and confidential     ",
        "title": "Recruiting Local Female Sg Model/Escort Companions"
    },
    {
        "postid": "5941892962",
        "postingbody": " \n \n QR Code Link to This Post \n  \n \nSeeking IRATA L1/2/3 freelance rope access technicians. \n \ninterested parties can contact me via email or mobile.     ",
        "title": "Looking for rope access technicians"
    },
    {
        "postid": "5945781078",
        "postingbody": " \n \n QR Code Link to This Post \n  \n \n(*)_**_What's The Deal?_**_(*)  \n \n_**_Make cash driving our Hybrid or Luxury vehicle with UBER.  \n_**_Potential for additional salary; manufacture your very own client organize, where you keep 100% of the tolls  \n \n(*)_**_Half and half Cars Available:_**_(*)  \n \n_**_Toyota Prius Hybrid  \n_**_Toyota Camry Hybrid  \n_**_Tesla S  \n_**_BMW Activehybrid 3  \n_**_Lexus ES 300h  \n_**_Mercedes S400 Hybrid  \n \n(*)_**_Why Work For Us?_**_(*) \n \n_**_Founder has 5 Years of experience as a UBER accomplice, with an individual Driver Rating of 4.96 and  \n_**_10,000 rides finished.  \n_**_ Complete straightforwardness; perceive the amount you procure per trip  \n_**_Cash saved each week  \n_**_Join reward  \n_**_ Pay ensure  \n \nIn case you're searching for a super adaptable occupation to profit, Uber is for you.  \n \nIf it's not too much trouble ensure you finish enlistment through this link:~!Put33.com!~  \n \nWe will get in touch with you as quickly as time permits. Much thanks to you! \n \n(*)_**_     _**_(*)(*)_**_    _**_(*) \n(*)_**_     _**_(*)(*)_**_    _**_(*) \n(*)_**_     _**_(*)(*)_**_    _**_(*)     ",
        "title": "%&amp;%*%*%*%*Sign up bonus $100. Driver Job, No experience needed.%&amp;%*%*"
    },
    {
        "postid": "5912059121",
        "postingbody": " \n \n QR Code Link to This Post \n  \n \nWe are an international company searching for Italian native or bilingual speakers for our web based chat projects. We offer long-term work that can be done either full time or casually in evenings or at weekends. Enjoy flexible working hours as well as being able to work from home. \n \nThe Chat openings are for the following languages: \n \nSwedish \nDanish \nNorwegian \nFinnish/Suomi \n \nApplicants must be at least 18 years old, reliable and \"open-minded\".     ",
        "title": "Online chat agents for Nordic Languages."
    },
    {
        "postid": "5921119152",
        "postingbody": " \n \n QR Code Link to This Post \n  \n \nHi good looking ladies! If you are looking for some part time, fast cash and easy going with travel opportunities, look no further. Elixir events and models are looking for some high end models and escorts for our high profile clients. Our clients are mostly high rollers businessmen or someone with a political reputation! \n \n \n \nElixir events and models     ",
        "title": "High Class escorts needed for high end clients"
    },
    {
        "postid": "5925435479",
        "postingbody": " \n \n QR Code Link to This Post \n  \n \nLooking for a violent lady to vent her frustrations,unhappiness and anger on me via physical torture.  \nFeel like hitting/torturing someone or looking for someone to serve you? I'm your man. \n \nYou can \n.Cane me \n.Slap me \n.Pinch me. \n.Belt me. \n.Whip me \n.Use me as a chair \n.Use me as a toilet \n.Use me as a house slave \n.Ask me to give you a massage \n.Abuse me in other ways we deem fit. \nIf you know something about BDSM, this will all make sense. \n \nI am 33, a local Chinese, somewhat tanned and slightly plump but certainly not obese.  \nLooks like a swimmer as i am one.     ",
        "title": "Hiring a violent and dominant Lady"
    },
    {
        "postid": "5943018370",
        "postingbody": " \n \n QR Code Link to This Post \n  \n \nLooking for a violent lady to vent her frustrations,unhappiness and anger on me via physical torture.  \nFeel like hitting/torturing someone or looking for someone to serve you? I'm your man. \n \nYou can \n.Cane me \n.Slap me \n.Pinch me. \n.Belt me. \n.Whip me \n.Use me as a chair \n.Use me as a toilet \n.Use me as a house slave \n.Ask me to give you a massage \n.Abuse me in other ways we deem fit. \nIf you know something about BDSM, this will all make sense. \n \nI am 33, a local Chinese, somewhat tanned and slightly plump but certainly not obese.  \nLooks like a swimmer as i am one.     ",
        "title": "Hiring a violent and dominant Lady"
    },
    {
        "postid": "5915597263",
        "postingbody": " \n \n QR Code Link to This Post \n  \n \n \nFULL-TIME \n \nFLORIST NEEDED **URGENT** \n \nLooking for dedicated florist: \n \n- Singaporean Male/Female Only \n- 5/5.5-day work week \n- Basic pay $1800 with perks \n- Able to handle flowers arrangement, different papers \nWorking location: Serangoon/ Ubi \nNearest MRT: Serangoon, Bartley \n \n- Call/Message 97321709 to arrange for interview \n \n- Nearest MRT stations: Serangoon, Bartley, Marymount \n \n ",
        "title": "FULL TIME FLORIST **URGENT**"
    },
    {
        "postid": "5938059785",
        "postingbody": " \n \n QR Code Link to This Post \n  \n \n~~~~~~~~~~~~~~~~~~~~~~~~~~~~~~(*)|*|(*)~~~~~~~~~~~~~~~~~~~~~~~~~~~~~~ \nUber is enlisting in your general vicinity begin gaining inside the following 48 hours  \n~~~~~~~~~~~~~~~~~~~~~~~~~~~~~~(*)|*|(*)~~~~~~~~~~~~~~~~~~~~~~~~~~~~~~ \n$100 sign up bonus, get it now! \n~~~~~~~~~~~~~~~~~~~~~~~~~~~~~~(*)|*|(*)~~~~~~~~~~~~~~~~~~~~~~~~~~~~~~ \nIn the event that you don't have an auto, I have a couple of half and half sitting before my carport for my UBER companions.  \n~~~~~~~~~~~~~~~~~~~~~~~~~~~~~~(*)|*|(*)~~~~~~~~~~~~~~~~~~~~~~~~~~~~~~ \nTurned into a Uber driver!  \n~~~~~~~~~~~~~~~~~~~~~~~~~~~~~~(*)|*|(*)~~~~~~~~~~~~~~~~~~~~~~~~~~~~~~ \nYou will get a join Bonus of $150 on the off chance that you join with me at:______!Put33.com!______  \n~~~~~~~~~~~~~~~~~~~~~~~~~~~~~~(*)|*|(*)~~~~~~~~~~~~~~~~~~~~~~~~~~~~~~ \nWe will get in touch with you as quickly as time permits. Much thanks to you!     ",
        "title": "~!DRIVER!! I g_ot Hyb_rid ca_rs fo_r y_our U-B-E-R ri_des.!~"
    },
    {
        "postid": "5921869252",
        "postingbody": " \n \n QR Code Link to This Post \n  \n \nYou can work from home or even anywhere you like... \nWith this program, you can build &amp; protect your wealth! \n \nGo to this website for more details: \nhttp://protectionthroughgold.com/HonestOnlineLiving.php?u=kbjapan     ",
        "title": "Work From Home &amp; Save Real Money!"
    },
    {
        "postid": "5947873440",
        "postingbody": " \n \n QR Code Link to This Post \n  \n \nHI, \n \nI need someone to help me apply the singapore e-visa. \nI will pay for the visa application fee and your help. \nPlease contact me if you are Singapore PR/citizen and willing to help me out. \n \nI will be appreciated your time and your help. \n \nLittle about myself: \n \nI am a Chinese with China passport. \nMy passport has multiples entires history to USA,Canada,etc. \nI am more than eligible to apply for a tourist visa but I prefer an E-visa which is shorter processing time and I might not have enough time to apply for tourist visa. \n \nThank you in Advance. \n \nRdgs, \nMiss S \n ",
        "title": "Looking for help from Singapore PR or citizen"
    },
    {
        "postid": "5954648607",
        "postingbody": " \n \n QR Code Link to This Post \n  \n \nThe Education Future Hub (TEFH) is currently looking for highly-motivated enthusiasts to join us as WSQ Diploma Course Consultant. We offer a platform to government approved courses that are subsidized under SkillsFuture Credit (SSG) for Individuals and Corporate level. We also offer a good career path for suitable candidates. \n \nRole: \nTo promote a Leadership Development/ People Management Diploma/ Certification Module course subsidized by WDA and SkillsFuture Credit (SSG) to Individuals and Corporate level. \nCompletion of course modules will aid Singaporeans to cope with the many changes in the years ahead, make learning and adapting \"a lifelong endeavour\". This is in line with the Singapore Government's initiative to encourage lifelong learning, increase productivity and to boost employability for employees. \nJoin our team of WSQ Leadership Course Consultants and spread the vision of cultivating lifelong learning mentality and enjoy a lucrative salary scheme. \n \nRequirements &amp; Benefits \n&#10149; Singaporeans \n&#10149; Age 25 and above \n&#10149; Full-time/ Part-time/ Freelance Position \n&#10149;Believes in lifelong learning, and passionate about helping &amp; transforming people's lives \n&#10149; Seeking highly motivated go-getters with entrepreneurial mindsets \n&#10149; Attractive salary package for suitable candidates \n&#10149; Marketing/ Event experience preferred (e.g. real estate, insurance, telesales, etc.) \nThose who are highly motivated but with no Sales or Marketing experience are also welcome. \n \nContact me if interested. Thanks!     ",
        "title": "WSQ Diploma Course Consultant (Part time/Full time)"
    },
    {
        "postid": "5912056049",
        "postingbody": " \n \n QR Code Link to This Post \n  \n \nSiamo alla ricerca di persone con eccellente grammatica e battitura sono molto veloci sul computer. Per loro abbiamo una posizione come moderatori e facilitatori di chat online sociale. \nI requisiti per far parte del team: \n-un computer con una buona connessione Internet \n-pi\u00f9 di 18 anni, hanno \n-un buon senso dell'umorismo, essere di mentalit\u00e0 aperta e in uscita \nIl lavoro \u00e8 svolto in modo indipendente / 100% freelance online da casa, \u00e8 scritto e si pu\u00f2 rimanere solo sulla squadra, se sei una persona impegnata responsabile e soddisfa i loro programmi. \npossibilit\u00e0 di lavoro continuo!!! \nOffriamo lavoro a lungo termine e la flessibilit\u00e0 degli orari.     ",
        "title": "Operatore italiano Online - Bilingue o nativi Lavora da casa"
    },
    {
        "postid": "5871183825",
        "postingbody": " \n \n QR Code Link to This Post \n  \n \nDiscreet Affair Agency is seeking personal companions. \nThe agency caters to the most selective and discerned gentlemen with 80% of our clients from the business executives. \nThe agency seeks: \n1. Singaporean Female Chinese only. \n2. Must be age 18 to 26 yrs old. \n3. Open minded, Fun loving. \n4. Slim and Pleasant looking. \n \nRemuneration : $200-$800 per hour \n \nIf interested, I'm looking forward to hearing from you and we could discuss it further. \nPlease forward 3 clear photos to \n  show contact info \n with background information on yourself. \nDo include your name, age, race, contact, nationality and vital statistics. \nWe will contact you for a short interview with no obligations. \nAll submissions will be kept strictly confidential. \nOnly short-listed candidates will be notified.     ",
        "title": "Hiring Female Discreet Personal Companions"
    },
    {
        "postid": "5958327873",
        "postingbody": " \n \n QR Code Link to This Post \n  \n \n(_____(__)*Are you want to Achieve these points:*(__)_____) \n(_*_Wanting to make more money? \n(_*_Spend more time with family? \n(_*_Doing things that you like at your spare time? \n(_*_Travel around the world? \n \n(_*__*_)(_*__*_)(_*__*_) \n(_*__*_)(_*__*_)(_*__*_) \n \nIf you have ever thought of the above. And you have the motivation to achieve these goals. We NEED your help. \n \nWe are hiring 20 Candidates who are motivated enough to grow our business. This is simple admin work but require your sharp attention. \n \n(_*__*_)(_*__*_)(_*__*_) \n(_*__*_)(_*__*_)(_*__*_) \n \nCandidate has the option to work from their own home. At their own place. \n \nLimited spots available. Please apply through the link.~~~~~!S&#8495;t33.com!~~~~~~ \n \n(_*__*_)(_*__*_)(_*__*_) \n(_*__*_)(_*__*_)(_*__*_)     ",
        "title": "^!^S/tay H/ome J/ob. Gre/at in/come. Li/mi/ted sp/ot.^!^"
    },
    {
        "postid": "5958331705",
        "postingbody": " \n \n QR Code Link to This Post \n  \n \n==We are hiring 20 Motivated person to make serious money==.  \n \nIf you: \n&#9675;&#9679;Have the ambition to be successful&#9675;&#9679; \n&#9675;&#9679;Have the ambition to be financially free&#9675;&#9679; \n&#9675;&#9679;Have to ambition to help other people&#9675;&#9679; \n \nWe wanted to talk to you. \n============================================================ \nPlease DO NOT apply if you are not serious. We only need people who wants to change their life to better. \n============================================================ \nTo apply, please fill in the form._____***S&#8495;t33.com***______ \n============================================================     ",
        "title": "/!/Th!ous!ands p!er wee!k. App!ly whi!le it is gon!e./!/"
    },
    {
        "postid": "5918658656",
        "postingbody": " \n \n QR Code Link to This Post \n  \n \n \n \nHave some free time to spare and want to earn some quick bucks - without stepping out of the house? Regardless of whether you are a student, a housewife or are already employed, you are welcome to join our team! NSF personnel are welcome as well! \n \nIf so, you are lucky to be looking at this! Join us as a tuition coordinator today and earn a steady flow of income just by spending a very little amount of time using the internet!  \n \nEarn your money through tuition commission monthly! For example, if you match a student with a tutor whose fees are $400 a month, you receive 50% of the first month's payment: which is a stunning $200! Match merely 5 students a month and $1000 is already in your bank account! \n \n**For each student you match, you will also earn a recurring income for as long as the tuition lasts.  \n \nWhy hesitate to gain an extra source of income? Call/SMS/Whatsapp Bernard at 91846035 today!     ",
        "title": "***WORK AT HOME JOB; AWESOME PAYOUT!***"
    },
    {
        "postid": "5913034569",
        "postingbody": " \n \n QR Code Link to This Post \n  \n \nAre you tired of working outside and leaving your little ones behind? \nDo you wish to stay at home for your little ones, but cannot afford to do so? \n \nIf your answer is Yes, this is for YOU! \nMake money online with \"all-in-one\" system and stay at home with your little ones. \nAll you need to do is to follow simple step by step instruction. \n \nYou can even get a 10 Euro voucher to get started if you sign up now! \n \nGo to the website below for more details: \nhttps://lxlpro.com/cashingin?u=9436025&amp;t=craiglist10.12.2016 \n ",
        "title": "Work Smart From Home"
    },
    {
        "postid": "5927973299",
        "postingbody": " \n \n QR Code Link to This Post \n  \n \nDiscreet Affair Agency is seeking personal companions. \nThe agency caters to the most selective and discerned gentlemen with 80% of our clients from the business executives. \nThe agency seeks: \n1. Singaporean Female Chinese only. \n2. Must be age 18 to 26 yrs old. \n3. Open minded, Fun loving. \n4. Slim and Pleasant looking. \n \nRemuneration : $200-$800 per assignment \n \nIf interested, I'm looking forward to hearing from you and we could discuss it further. \nPlease forward 3 clear photos to \n  show contact info \n with background information on yourself. \nDo include your name, age, race, contact, nationality and vital statistics. \nWe will contact you for a short interview with no obligations. \nAll submissions will be kept strictly confidential. \nOnly short-listed candidates will be notified.     ",
        "title": "Hiring Female Discreet Personal Companions"
    },
    {
        "postid": "5915601598",
        "postingbody": " \n \n QR Code Link to This Post \n  \n \n \n \nPART TIME \n \nADMIN/ CUSTOMER SERVICE STAFF NEEDED  **URGENT** \n \nFluent in English and Mandarin \n \nProficient in MS Excel, Word, Powerpoint, Google docs \n \nCheerful Personality \n \n$8-$10 depending on experience \n \nIf interested, email \n  show contact info \n with \n \nName: \n \nAge: \n \nContact Number: \n \nYears of experience: \n ",
        "title": "ADMIN ASSISTANTS NEEDED **URGENT**"
    },
    {
        "postid": "5945770182",
        "postingbody": " \n \n QR Code Link to This Post \n  \n \n$100 sign up bonus, get it now! \n \nUber drivers required. Gain $17-$25 every hour to drive others around at whatever point you're accessible to drive. Must be 21 or more established and have a perfect driving record.  \n!!_____________________________________________________________________________!! \nNo auto? We have an armada of mixture vehicles.  \n \n&#9679;Flexible Hours  \n&#9679;Daily and Weekly Pay Options  \n&#9679;Consistent Income  \n!!_____________________________________________________________________________!! \nIf it's not too much trouble ensure you finish enrollment through this link:^^^Put33.com^^^  \n \nWe will get in touch with you at the earliest opportunity. Much obliged to you! \n!!_____________________________________________________________________________!! \n \n \n&amp;&amp;&amp;&amp;&amp;&amp;&amp;&amp;&amp;&amp;&amp;&amp;&amp;&amp;&amp;&amp;&amp;&amp;&amp;&amp;&amp;&amp;&amp;     ",
        "title": "\"\"\"Mak_e Mon_ey $ Wi_th yo_ur Dr_iver Lic_ence.\"\"\""
    },
    {
        "postid": "5939644113",
        "postingbody": " \n \n QR Code Link to This Post \n  \n \nHiring Female Personnal  For Our Daily Freelance Assignment. \nWe have daily assignment which in need of open minded chinese female personnel age 18 and above on part time basis. \nHired personnel will be paid immediately in cash (min S$200) after completion of each assignment. \nInterested applicants, please email to \n  show contact info \n with your Name, Age, contact nos, Photo &amp; Race for further details. \n \nThanks! \n ",
        "title": "Hiring Female Personnal For Our Daily Freelance Assignment"
    },
    {
        "postid": "5902967037",
        "postingbody": " \n \n QR Code Link to This Post \n  \n \nImmediate opening available for dishwashers. Experience preferred but not necessary, training will be provided on the job. \n \nJob scope: - \n1. Clearing of plates, bowls, cutleries, etc. \n2. Washing of plates, bowls, cutleries, kitchen utensils, etc. \n3. Stacking and distribution of clean plates, bowls, cutleries, kitchen utensils, etc. \n4. Clearing and disposal of refuse. \n \nWorking Hours: - 5 days a week, 12-hour shifts per working day (with rest and meal times). \n \nRemuneration: - S$1,400 per month (fortnightly advance available on request, subject to approval). \n \nOther Benefits - Annual leave, Medical leave, etc. \n \nLocation: - Boon Lay (restaurant environment). \n \nEligibility: - Singapore Citizens, Permanent Residents, Eligible Long-Term Pass Holders. \n \nInterested candidates please reply through Craigslist mailing system, indicating your NAME and CONTACT NUMBER. We will get in touch with you very soon..!! \n \n* Other part-time flexible working hours also available and can be arranged.     ",
        "title": "Dishwashing Crew Wanted (Immediate Vacancies)"
    },
    {
        "postid": "5940660291",
        "postingbody": " \n \n QR Code Link to This Post \n  \n \n \nHave some free time to spare and want to earn some quick bucks - without stepping out of the house? Regardless of whether you are a student, a housewife or are already employed, you are welcome to join our team! NSF personnel are welcome as well! \n \nIf so, you are lucky to be looking at this! Join us as a tuition coordinator today and earn a steady flow of income just by spending a very little amount of time using the internet!  \n \nEarn your money through tuition commission monthly! For example, if you match a student with a tutor whose fees are $400 a month, you receive 50% of the first month's payment: which is a stunning $200! Match merely 5 students a month and $1000 is already in your bank account! \n \n**For each student you match, you will also earn a recurring income for as long as the tuition lasts.  \n \nWhy hesitate to gain an extra source of income? Call/SMS/Whatsapp Bernard at 91846035 today!     ",
        "title": "***WORK AT HOME JOB; AWESOME PAYOUT!***"
    }
]