[
    {
        "postid": "5926478623",
        "postingbody": " \n \n QR Code Link to This Post \n  \n \n&#9733;&#9733;(REASONABLE PRICE FOR VAN SERVICE)&#9733;&#9733; \n \n&#9733;&#9733;(QUOTATION THRU SMS ONLY)&#9733;&#9733; \n \nFor enquiries pls SMS your: (1) Detail of items. (2) Both address with post code. \n(3) Are both add,at lift level? (4) Date &amp; time. \n \nSERVICE: (1) Transport without labour. (2) Transport with driver assist. (3) Transport with driver and labour assist. \n \nHAVING DIFFICULTY IN GETTING CHEAPEST CHARGE? I CAN PROVIDE YOU A COVERED TOYOTA HIACE VAN, FROM $40 ONWARDS.SMS ME (ALIF) AT MY MOBILE (84005231),FOR FURTHER INQUIRY. \n \n&#9733;&#9733;(Your BUDGET is always my PRIORITY)&#9733;&#9733; \n \n[[ SERVICES THAT I PROVIDE ]] \n \n&#9733; MINOR ROOM SHIFTING.  \n \n&#9733; DISPOSAL SERVICE. \n \n&#9733; TRANSPORT ITEM FROM IKEA. \n \n&#9733; TRIP TO CHANGI AIRPORT. \n \n&#9733; EVENT AND EXHIBITIONS: (EG: KARAOKE ENTERTAINMENT, CATERING) \n \nLAST BUT NOT LEAST,ANYTHING THAT NEEDS TO TRANSPORT USING VAN, IM HERE SINCERELY WAITING FOR YOUR CALL. SAVE MY NUMBERS, AS IT WILL BE USEFUL FOR YOUR FUTURE NEEDS.  \n \n&#9733;&#9733;(Your SATISFACTION is my GAIN)&#9733;&#9733;     ",
        "title": "MOVER SVCS,ALIF 84005231.mover,disposal,tv console,coffee table."
    },
    {
        "postid": "5892583555",
        "postingbody": " \n \n QR Code Link to This Post \n  \n \nWe are proud to be pioneer in Singapore for party toys since 2008!  \nOur Motto: \nRenting Branded Toys! Bring the Best to All Children at Affordable Price! \nWe do our absolute best to achieve it! \nBesides renting top quality toys from major toys makers, we specialise in party and play day packages which we have in store that are unique and exciting not only to children but to parents.  \n \nYou can never find these branded items for rent at vast variety elsewhere!  \nExplore our website, You name toys of your interest, we package for you at your budget! \ncheck out now! \nwww.toys4rent.sg  \n \nFactors to decide choice of toys for your party; \n1. Number of children invited \n2. Age range of the children in party \n3. Party venue and space limitation. \n \nOur 5-Step cleaning process: \nStep 1: Inspect &amp; maintain  \nStep 2: Clean \nStep 3: Sterilize \nStep 4: Disinfect &amp; Dry \nStep 5: Wrap or package . \n \nCheck it out! \nNew website is on its way; new toys, new party packages, 100% PVC material commercial grade castle at Nylon castle price! \nFascinating balloon sculpture artists, professional magician &amp; freshly made ice cream right in front of you!! \n ",
        "title": "Rent Branded toys for party at affordable price"
    },
    {
        "postid": "5927931342",
        "postingbody": " \n \n QR Code Link to This Post \n  \n \nDiverse Transport &amp; Logistic Services has been in the business of transport &amp; logistics for 10 years now.  We are an establishing enterprise with an excellent track record for satisfactory and pleasant customer satisfaction and client appraisal.  \n \nWe GUARANTEE: \n \n1. 24/7 Service with QUALITY  \n \n2. Quick &amp; Efficient transport &amp; delivery service \n \n3. No matter the hindrance, job will be completed \n \n4. Reliable &amp; Experienced workers \n \n5. ISLANDWIDE Service \n \n6. NO GST payable \n \nWE SPECIALISE IN:  \n \nIslandwide pickup &amp; delivery (Ad-hoc delivery) \nResidential/Industrial/Commercial relocation and moving  \nEvents/Exhibition set-up \nTransporting of palletised cargo/goods \nContractual delivery  \nWarehouse transportation/delivery \nTransporting bulky equipment \nLorry rental WITH DRIVER (hourly/half daily/daily/monthly) \n \nWE ALSO PROVIDE: \nHandyman Services \n \nVALUE ADDED SERVICES: \nFREE SITE SURVEY \nFREE QUOTATION  \nFREE TROLLEY for easier and efficient moving  \n \nWe have a fleet of 10ft/14ft/24ft covered trucks with and without tailgate. Our price is competitive in the market. We charge variably depending on the nature of the job.  \n \nCALL US NOW FOR AN INQUIRY OR A FREE QUOTATION. CALL US AT 9348 3773.  \n \nWe await your call and look forward to doing business with you.     ",
        "title": "NEED TRANSPORT FOR EVENTS? CALL 93483773"
    },
    {
        "postid": "5917275866",
        "postingbody": " \n \n QR Code Link to This Post \n  \n \n&#9733;&#9733;(REASONABLE PRICE FOR VAN SERVICE)&#9733;&#9733; \n \n&#9733;&#9733;(QUOTATION THRU SMS ONLY)&#9733;&#9733; \n \nFor enquiries pls SMS your: (1) Detail of items. (2) Both address with post code. \n(3) Are both add,at lift level? (4) Date &amp; time. \n \nSERVICE: (1) Transport without labour. (2) Transport with driver assist. (3) Transport with driver and labour assist. \n \nHAVING DIFFICULTY IN GETTING CHEAPEST CHARGE? I CAN PROVIDE YOU A COVERED TOYOTA HIACE VAN, FROM $40 ONWARDS.SMS ME (ALIF) AT MY MOBILE (84005231),FOR FURTHER INQUIRY. \n \n&#9733;&#9733;(Your BUDGET is always my PRIORITY)&#9733;&#9733; \n \n[[ SERVICES THAT I PROVIDE ]] \n \n&#9733; MINOR ROOM SHIFTING.  \n \n&#9733; DISPOSAL SERVICE. \n \n&#9733; TRANSPORT ITEM FROM IKEA. \n \n&#9733; TRIP TO CHANGI AIRPORT. \n \n&#9733; EVENT AND EXHIBITIONS: (EG: KARAOKE ENTERTAINMENT, CATERING) \n \nLAST BUT NOT LEAST,ANYTHING THAT NEEDS TO TRANSPORT USING VAN, IM HERE SINCERELY WAITING FOR YOUR CALL. SAVE MY NUMBERS, AS IT WILL BE USEFUL FOR YOUR FUTURE NEEDS.  \n \n&#9733;&#9733;(Your SATISFACTION is my GAIN)&#9733;&#9733;     ",
        "title": "MOVER SVCS,ALIF 84005231.mover,disposal,tv console,coffee table."
    },
    {
        "postid": "5937079550",
        "postingbody": " \n \n QR Code Link to This Post \n  \n \nProfessional &amp; Experienced Female DJ \nHouse / Disco / Indie / Techno / Top40s / Lounge / Bar \nAvailable for shows, parties, corporate events etc \nStill available for New Years Eve. \n ",
        "title": "DJ Services"
    },
    {
        "postid": "5932165938",
        "postingbody": " \n \n QR Code Link to This Post \n  \n \n&#9733; Unique cars for Events! &#9733; \n \nClassic Mercedes 280S \n \nClassic Volkswagen Beetle \n \nClassic Austin Mini Estate Wagon  \n \nJapanese Funly Mod Kombi Style Van \n \nAvailable for events, pre wedding photoshoot, car boot sale, fleamart, filming, display etc.. \n \n \n \nSms/Whatsapp : 98719393 \nwww.facebook.com/bts.sg     ",
        "title": "&#9733; Unique cars for Events! &#9733;"
    },
    {
        "postid": "5947852233",
        "postingbody": " \n \n QR Code Link to This Post \n  \n \nPhuket Makeup Artist for Weddings. \nBridal Hair &amp; Makeup for Pre Wedding Shoots in Krabi,Phuket,Khao Lak. \nwww.weddingmakeupinphuket.com  \nAirbrush makeup available. \n \nVisiting Service. \nHair Stylist for Weddings &amp; Events in Thailand. \nPhuket Makeup Artist (facebook)     ",
        "title": "Makeup Artist Phuket H&M; Wedding"
    },
    {
        "postid": "5909154744",
        "postingbody": " \n \n QR Code Link to This Post \n  \n \nAttn: Valued customers, Principals, HOD, supervisor. \n \nDear SIR/MDM, \n \n\"WORLD IN YOUR HANDS\" \n \nRE: WORLD ETHNIC MUSICAL INSTRUMENTS, Volume 1 \n \nGreetings!!!! \n \nWe have come out with a unique concept of getting world ethnic musical instruments in a box, ranging from Tibet, South America,Indonesia,Peru,India,Africa and many more...... total 9 to 10 musical instruments, includes instruction booklet, straw basket all are hand crafted and hand drawn . \n \nWe would like to introduce to your establishment/schools/kindergartens/events. \n \nWe have send you the order form ' \n \nPlace your order fast, Bulk orders accepted. \n \nPROMOTIONAL price $128/- book early. \n \nAfter promotional cost will be $168/- \n \nWe also tailor make school concert costumes, mascots, t shirts, tote bags etc \n \nAwaiting your soonest reply. \n \nThanks and best regards \n \nAny queries \n \nCall GLOBAL MASTERS (SINGAPORE) \n \n83764313 \n \n show contact info \n ",
        "title": "world music"
    },
    {
        "postid": "5957351837",
        "postingbody": " \n \n QR Code Link to This Post \n  \n \nPhuket Makeup Artist for Weddings. \nBridal Hair &amp; Makeup for Pre Wedding Shoots in Krabi,Phuket,Khao Lak. \nwww.weddingmakeupinphuket.com  \nAirbrush makeup available. \nVisiting Service. \nHair Stylist for Weddings &amp; Events in Thailand. \nWow Make Up in Phuket (facebook)     ",
        "title": "Makeup Artist Phuket Wedding"
    },
    {
        "postid": "5946213292",
        "postingbody": " \n \n QR Code Link to This Post \n  \n \nSOUND SYSTEM FOR ALL EVENTS - CONFERENCE/MEETINGS.SEMINARS! \n \n \nYour One-Stop Event Service Company providing all that you are looking for. \n \n \nWe are a one -stop Events Planning company fully equipped to produce a range of events. \n \n \nDinner &amp; dance, \ngrand openings,  \nproduct launches,  \nbenefits,  \nincentive events,  \nmeetings,  \noffice parties, \nsocial events and galas. \n \n \nAn event company of audio visual services, equipment and technicians to operate and maintain all equipment. \n \n \nCall 8282 7210 for more info! \nPlease visit our website: www.at-eventsgroup.sg \nFacebook fan page: www.facebook.com/ateventsgroup \n ",
        "title": "SOUND SYSTEM FOR ALL EVENTS - CONFERENCE/MEETINGS.SEMINARS!"
    },
    {
        "postid": "5905789267",
        "postingbody": " \n \n QR Code Link to This Post \n  \n \nWe believe that when you use our service, we are representing you as the point of contact with your clients. \nTherefore, it is important to us to provide Effective and Reliable delivery to ensure you have a peace of mind. \n \nOur Service: \n- Warehouse to Retail Outlet \n- Warehouse to Warehouse \n- Contractual Delivery \n- Ad Hoc Delivery \n \nOur Fleet: \n- 14 Ft Box Truck \n- 10 Ft Box Truck \n- Long Van \n \nPlease Call or SMS us at 9620 4215 \nVisit our Website: primus.bravesites.com \nVisit our Facebook: www.facebook.com/Primus.llp     ",
        "title": "Delivery Services (Ad Hoc/Cargo Delivery/Transportation)"
    },
    {
        "postid": "5906080986",
        "postingbody": " \n \n QR Code Link to This Post \n  \n \nDEAR VALUED CUSTOMERS \n \nHO HO HO CHRISTMAS IS COMING SOON \n \n \n \nGreetings!!! from House of Costumes \n \nwe have  \n \na)santa claus costumes for rental ,comes with 12 items , \nitems include top blouse,pants ,glasses,gloves,bell,belt,bag,beard,wig,prize bag,boot cover and hat \ncostumes price Material fur/wool $160/-cash \n \nb) Santa Rina outfits comes with top,hat,shoe cover ,gloves \ncost $90/- per set \n \nc)Santa Claus with talent $300 per hour \nneed additional 100% deposit cash to the amount which will be refunded amount collection of costumes \ndelivery and collection ,to and fro ,FOC \n \nd) ELVES Costumes \ncost $90/- per set \ndelivery and collection ,to and fro ,FOC \n \nfor rental booking fees $50/-cash  \n \n \nwe also have Christmas tree mascot and  frosty the snowmen mascot ,pics attached.great for parties and events . \n cost per hour /per talent =$280 each with costume and talent \nonly the mascot $180/- for rental \n \ndelivery and collection to doorstep FOC. \n \ncall us fast before all is gone  \n \nK.Sudas  \n83764313  \n show contact info \n ",
        "title": "santa claus costumes,christmas mascot costumes"
    },
    {
        "postid": "5909233796",
        "postingbody": " \n \n QR Code Link to This Post \n  \n \nFor Wedding - Wedding Banquet Gift \n \nA personalized pair of chopsticks is the must-have party favor for a Chinese banquet and a popular giveaway for any Asian themed event. \n \nOur chopsticks are made of high quality natural wood, and each is engraved with the couple's names and date or a personal message of your choice. You can even have your names and date engraved on one chopstick and a special thank you message engraved on the other. \n \nhttp://www.bestgiftsforwedding com \nhttps://www.etsy.com/shop/BestGiftsforWedding \nhttp://www.facebook.com/bestgiftsforweddingproducts     ",
        "title": "Chinese Wedding Favor - Engraved Personalized Fine Wood Chopsticks"
    },
    {
        "postid": "5903230953",
        "postingbody": " \n \n QR Code Link to This Post \n  \n \nProfessional Sound System For ALL Conference/Seminars/ Events Needs \n \nAT EVENTS GROUP rents the complete AV solution for your special event.  \nOur staff can set-up and operate the equipment, or you can do it yourself.  \n \n \nWhether it is a backyard party, wedding, graduation, corporate meeting or company party, let us provide the necessary equipment to make it a success. \n \nCall us at 8282 7210 for more details \nWebsite: www.at-eventsgroup.sg  \nFB : www.facebook.com/ateventsgroup  \n \n \nAT EVENTS GROUP: backdrop, banners, printing, collateral, event company,  \nevent planning, dinner &amp; dance, party package, birthday party, entertainments,  \nevents, roadshows, emcee services, sound systems, audio visual rental, lightings rental,  \nDJ service, professional sound systems, conferences, seminars, meetings,  \ncorporate events, team building \n ",
        "title": "Professional Sound System For ALL Conference/Seminars/ Events Needs"
    },
    {
        "postid": "5934104760",
        "postingbody": " \n \n QR Code Link to This Post \n  \n \nEvent Management / Event Organiser / Event Marketing / Event Branding / Event Company In Singapore \n \n \n \nAbsolute One Solutions Pte Ltd, your one stop Event Management / Event Organiser / Event Marketing / Event Branding / Event Company In Singapore.  \n \n \n \nOur Services Includes of: \n \nEvent Organising  \nEvent Management \nMarketing and Branding \nEvent Equipment Rental  \nEvent Services  \nand more....  \n \nContact us now at: \nEmail: \n  show contact info \n \nContact: 9008 0280 \nWebsite: www.aos.sg \nFacebook: www.facebook.com/absoluteonesolutions     ",
        "title": "Event Management / Event Organiser / Event Marketing / Event Branding"
    },
    {
        "postid": "5903228284",
        "postingbody": " \n \n QR Code Link to This Post \n  \n \nParty Planner - Private Parties for VIPs!  \n \nAll the complementary services that will turn the event into a real experience.  \nWe are there to advise you on your journey from beginning to end... \n \nEvents: \nSeminars/Meetings/Conference \nProduct Launch \nRoadshows \nDinner &amp; Dance \nLive Events \n \nServices: \nEmcee \nDJ \nEntertainers \nStage Shows \n \n \nEquipments: \nAudio &amp; Visual \nLightings \nStage \nBackdrop/Banners/Printings \nTentage/Tables/Chairs \n \nALL events related stuff! \n \n \n \nSo HURRY! Call us at 8282 7210 NOW! \nPlease visit our website: www.at-eventsgroup.sg \nFacebook fan page: www.facebook.com/ateventsgroup \n \n \nAT EVENTS GROUP: backdrop, banners, printing, collateral, event company,  \nevent planning, dinner &amp; dance, party package, birthday party, entertainments,  \nevents, roadshows, emcee services, sound systems, audio visual rental, lightings rental,  \nDJ service, professional sound systems, conferences, seminars, meetings,  \ncorporate events, team building \n ",
        "title": "Party Planner - Private Parties for VIPs!"
    },
    {
        "postid": "5921523233",
        "postingbody": " \n \n QR Code Link to This Post \n  \n \nLive Sound Systems and Projectors For Conference/Seminars/Events \n \nRyful Trading rents the complete AV package for your events  \n(e.g. corporate D&amp;D party, wedding, graduation, corporate meeting, etc.) \n \nSeminar Package: Projector &amp; Live Sound only $550/day! \n \nCall us at 9236-9281 or 9653-6287 for more details \nwww.event-av-pa.com \n \nRyful Trading provides  \nPA sound systems, wireless projectors, audio visual rental, lighting rental, MC services, professional sound systems for conferences, seminars, meetings, corporate events, etc. \n ",
        "title": "Live Sound System &amp; Projector Rentals"
    },
    {
        "postid": "5892585089",
        "postingbody": " \n \n QR Code Link to This Post \n  \n \nWe are proud to be pioneer in Singapore for party toys since 2008!  \nOur Motto: \nRenting Branded Toys! Bring the Best to All Children at Affordable Price! \nWe do our absolute best to achieve it! \nBesides renting top quality toys from major toys makers, we specialise in party and play day packages which we have in store that are unique and exciting not only to children but to parents.  \n \nYou can never find these branded items for rent at vast variety elsewhere!  \nExplore our website, You name toys of your interest, we package for you at your budget! \ncheck out now! \nwww.toys4rent.sg  \n \nFactors to decide choice of toys for your party; \n1. Number of children invited \n2. Age range of the children in party \n3. Party venue and space limitation. \n \nOur 5-Step cleaning process: \nStep 1: Inspect &amp; maintain  \nStep 2: Clean \nStep 3: Sterilize \nStep 4: Disinfect &amp; Dry \nStep 5: Wrap or package . \n \nCheck it out! \nNew website is on its way; new toys, new party packages, 100% PVC material commercial grade castle at Nylon castle price! \nFascinating balloon sculpture artists, professional magician!!     ",
        "title": "Rent Branded toys for party at affordable price"
    },
    {
        "postid": "5934133710",
        "postingbody": " \n \n QR Code Link to This Post \n  \n \nSingapore Expo &amp; Max Atria Learn about how Singapore Convention and Exhibition Centre will connect you to everything you need for a successful events Meetings &amp; Incentives, Conferences. \nEXPO events Singapore EXPO has been established in March 2012 with a total space of 100,000 square meters and with additional meeting space 12,000 square meters from Trade show organizer MAX Atria. \n \nvisit our site:-http://singaporeexpo.com.sg/     ",
        "title": "Singapore conference center"
    },
    {
        "postid": "5903238951",
        "postingbody": " \n \n QR Code Link to This Post \n  \n \nNeed tables n chairs for your events pls contact us at \n  show contact info \n \nWe even have tentage portable toilets for your needs     ",
        "title": "Table n chair rental"
    },
    {
        "postid": "5929055859",
        "postingbody": " \n \n QR Code Link to This Post \n  \n \nBalloon sculpting Singapore services are one of the many services Tommillusions provide, bringing fun to kids. Other party games for kids too, visit http://tommillusions.com/ now to see other services available!     ",
        "title": "Balloon Sculpting Singapore Services &amp; Party Games For Kids"
    },
    {
        "postid": "5909220100",
        "postingbody": " \n \n QR Code Link to This Post \n  \n \nChinese Style Wedding Favor - Wedding Banquet Gift \n \nPersonalized Wedding Tea Coin / Tea Cake \n-- 2 faces of personalization -- text/logo/special symbol included \n \nOur Personalized Tea Coin are made of high quality Puer Tea, and each face of tea coin can be personalized (by laser engraver) with the couple's names and date or a personal message of your choice \n \n**Specifications** \nTea: Puer tea \nTea Size: Around 6.5cm diameter * 1cm thick \nWeight: Around 50g per coin \n \nhttp://www.bestgiftsforwedding com \nhttps://www.etsy.com/shop/BestGiftsforWedding \nhttp://www.facebook.com/bestgiftsforweddingproducts     ",
        "title": "Chinese Wedding Favor - Engraved Personalized Tea Coin"
    },
    {
        "postid": "5911829544",
        "postingbody": " \n \n QR Code Link to This Post \n  \n \n- Iron Man Mark 43 (Avengers Age of Ultron) 100% Movie replica costume available to do events, shows, Dinner/Dances, Kids Birthday parties etc. \n \nComes with electronic helmet and back wing flaps to give your guests the \"wow\" factor! \n \n(Suit was used in Singapore Science Centre's Avengers S.T.A.T.I.O.N) \n \n- Only available for rent with handler in costume \n-Handler/Minder provided  \n \nSGD250/- Price includes 1hr of appearance with photo opportunity     ",
        "title": "Iron Man Costume for Shows/Events"
    },
    {
        "postid": "5909212320",
        "postingbody": " \n \n QR Code Link to This Post \n  \n \nFor Wedding - Wedding Banquet Gift \n \nThe Korean Stainless Steel Wedding Chopsticks &amp; Spoon can have the names of the bride and groom along with the wedding date lasered right into the stainless steel handles to make this a very unique favor. \n \nhttp://www.bestgiftsforwedding \nhttps://www.etsy.com/shop/BestGiftsforWedding \nhttp://www.facebook.com/bestgiftsforweddingproducts     ",
        "title": "Korean Wedding Favor - Engraved Stainless Steel Chopsticks &amp; Spoon"
    },
    {
        "postid": "5907539191",
        "postingbody": " \n \n QR Code Link to This Post \n  \n \nThundermilk Studio is a video production company based in Singapore offering videography &amp; photography services for the following: \n \nCheck out our WEBSITE http://www.thundermilkstudio.com/ and \nSUBSRIBE to our YOUTUBE channel @ rebrand.ly/thundermilkstudiofb \n \n \nCorporate: (https://www.youtube.com/watch?v=WwsuNqYepHM) \n \nWedding: (https://www.youtube.com/watch?v=tCY6qvtyPZU) \n \nEvent coverage: (https://www.youtube.com/watch?v=E3WS09OCfJ8) \n \nWe use professional FULL HD camera systems with additional services like: \n \n\u2022\tAerial Videography : (https://www.youtube.com/watch?v=lbhVHdgPa4o) \n\u2022\tMusic video style coverage: (jalil wedding video) \n\u2022\t2D &amp; 3D animation: (https://www.youtube.com/watch?v=7pcGAr4K7pQ) \n \n \nPackages: \n \n\u2022\t2 x videographers - 1 day coverage SGD 2500 (inclusive of GST) \n\u2022\t1 x videographer + 1 photographer  - 1 day coverage SGD 2000 \n\u2022\tPhotography only -- 1 day coverage SGD 1300 \n \n**All video packages include edit and delivery of 1 highlights version and 1 long version.  \n***All photography packages include premium album prints with 150 shots and digital copies delivered on DVD. \n \nFor more details on packages and pricing, head on over to : (http://www.thundermilkstudio.com/) \n \nFor immediate bookings and special offers: EMAIL to us @\n  show contact info \n \n \n$100 OFF when you subscribe to our YouTube channel @ rebrand.ly/thundermilkstudio \n and like our FaceBook Page @ rebrand.ly/thundermilkstudiofb \n ",
        "title": "wedding, event videography &amp; photography services"
    },
    {
        "postid": "5927692321",
        "postingbody": " \n \n QR Code Link to This Post \n  \n \nSound system rental for all kinds of events.(indoor/outdoor) \n \n \nSound System &amp; PA System Package Rental for Public Address,  \nSeminars, Conference, Presentation, Weddings, Solemnisation,  \nEvents, Functions and more.. \n \nRentals: \nAV rental, Sound rental, ...  \nAudio Visual Rental,  \nAV Rental,  \nSound equipment rental,  \nPA system,  \nProjector &amp; Screen rental . . . \n \n \n \n \nSo HURRY! Call us at 8282 7210 NOW! \nPlease visit our website: www.at-eventsgroup.sg \nFacebook fan page: www.facebook.com/ateventsgroup \n \n \nAT EVENTS: backdrop, banners, printing, collateral, event company,  \nevent planning, dinner &amp; dance, party package, birthday party, entertainments,  \nevents, roadshows, emcee services, sound systems, audio visual rental, lightings rental,  \nDJ service, professional sound systems, conferences, seminars, meetings,  \ncorporate events, team building \n ",
        "title": "Sound system rental for all kinds of events.(indoor/outdoor)"
    },
    {
        "postid": "5905876988",
        "postingbody": " \n \n QR Code Link to This Post \n  \n \nMobile Sound System Rental from S$300 onwards  \n \nInclusive of: \n-02 units of 600watt Speakers with Heavy Duty Stand \n-01 unit of 16-Channel Mixer \n-01 unit of Dual CD-Player \n-02 units of Ultra-High Frequency Wireless Microphone  \n \nDo drop us an email at: mobilesoundrental@gmail. com     ",
        "title": "Mobile Sound System Rental fr S$300 onwards"
    },
    {
        "postid": "5942060372",
        "postingbody": " \n \n QR Code Link to This Post \n  \n \nCONFERENCE &amp; EVENT SERVICES - Audio Visual Lights Production \n \n \nWe have all the services you need to hold your corporate events! \n \nCorporate Conference/Seminars Venues, Buffet Dinners &amp; Drinks, Audio Visual Productions, \nLightings, Event Logistics, Event Furniture, Event Managements... \n \nServices: \nSound systems \nLighting systems \nBackdrop/Staging/Event Logistics \nEmcee  \nStage performance \nTalent / Entertainer \nFinge activities \nEvent decor and many more... \n \n \nBook your next event with confidence, and you will be able to focus on the program  \nwhile we take care of all of the details.  \n \nYour effortless event begins with AT EVENTS GROUP. \n \n \n \nCall us at 8282 7210 for enquiry \nWeb: www.at-eventsgroup.sg \nFacebook page: www.facebook.com/ateventsgroup \n \n ",
        "title": "CONFERENCE &amp; EVENT SERVICES - Audio Visual Lights Production"
    },
    {
        "postid": "5918616923",
        "postingbody": " \n \n QR Code Link to This Post \n  \n \nPlan your destination wedding in Singapore and Maldives with your lovely bride, guest and family members. Dreamz Wedding Planner is top wedding planner and decorator company in India     ",
        "title": "Destination wedding in Singapore | Maldives"
    },
    {
        "postid": "5932165602",
        "postingbody": " \n \n QR Code Link to This Post \n  \n \nSoft Serve Ice Cream/Yoghurt on Demand!  \n \nLive Station from $488 \n \nSms/Whatsapp 98719393 for more details. \n www.facebook.com/bts.sg     ",
        "title": "&#9733; Soft Ice Cream/Yoghurt On Demand! &#9733;"
    },
    {
        "postid": "5937008803",
        "postingbody": " \n \n QR Code Link to This Post \n  \n \nSound Systems, Disco Light, Karaoke services, DJ service? \n \nLooking for a place to host your birthday party/  \nprivate party / family gathering / company parties ?  \n \nCheck out the interesting venue options -  \nfrom the tested to the unusual...indoors, outdoors and ... \n \n \nWe do the planning for you.... \n \n \n \nCall us now at 8282 7210 for enquiry \nPlease visit our website: www.at-eventsgroup.sg \nFacebook fan page: www.facebook.com/ateventsgroup  \n \n ",
        "title": "Sound Systems, Disco Light, Karaoke services, DJ service?"
    },
    {
        "postid": "5944691573",
        "postingbody": " \n \n QR Code Link to This Post \n  \n \nCharter a Yacht for Valentines Day! \n \nChampagne and Chocolates included, of course! A Honeymoon on a yacht is the ideal way to spend quality time with your loved one, in an exclusive, discreet, and luxurious environment. \n \nDo something special for your loved one, for a valentines day you will never forget!You will be able to relax, swim, sightsee and sail away into the gorgeous sunsets while being pampered by an attentive crew.  \nYou will have everything you need and also all the privacy you need for this most special of holidays! \n \nLock-in the booking now!! \nText/WhatsApp : 9362-3228 \nEmail: \n  show contact info \n ",
        "title": "Romantic Honeymoon Yacht Charter on EagleWings"
    },
    {
        "postid": "5937010378",
        "postingbody": " \n \n QR Code Link to This Post \n  \n \nPlanning for your upcoming Corporate Team Building &amp; Family Day?  \n \nIf you have an event coming up, you want it to be memorable.  \nThere are many different things you can do to make this happen,  \nhowever, if you are looking at having a awesome event, there are many things to think about. \n \nYou probably want to start of your event with something memorable.  \n \nWe provide: \nEmcee \nStage shows \nLive band \nDJ service \nSound systems \nAV Equipments \nLightings \nBackdrop/Banners \nPrinting \n \nServices: \nEvent planning \nAudio Visual Production \nStage Lighting/Event Lighting \nEntertainments \nStage Shows \nand many more... \n \n \n \nFor more details: \nSimply Call our HOTLINE 8282 7210 for more details! \nWebsite: www.at-eventsgroup.sg  \nFacebook fan page: www.facebook.com/ateventsgroup  \n \n ",
        "title": "Planning for your upcoming Corporate Team Building &amp; Family Day?"
    },
    {
        "postid": "5944494724",
        "postingbody": " \n \n QR Code Link to This Post \n  \n \nEagleWIngs II accommodates up to 6 guests in 3 well-appointed cabins and is available for the charter in the stunning waters of our neighbouring countries - Indonesia, Malaysia &amp; Thailand Island. \n \n \n15 guest for a small party, gathering cruising along the coastline of Singapore and southern islands, relax in the pristine turquoise waters or on the white sand beach.  \n \n \nAccommodation  \n- Number of cabins: 3  \n- Cabin configuration: 2 Double, 1 Twin  \n- Bed configuration: 2 Queen, 2 Single  \n- Number of guests: 6-15  \n \n \nAll cabins have ensuite bathrooms.  \nThe saloon space is typical of Sunseeker, offering open space enjoying floods of natural light due to large windows.  \nEntertainment system, Air Con, Water toys  \n \n \nThe main deck houses the dining and lounge were you can connect with music systems from your personal devices and watch on LCD screen.  \nThe upper deck has an open air dining space and day beds at the back and front of the yacht. The view of water splashing as the yacht sailed was eye-catching.  \nDay beds that are cushioned allows room for ultimate relaxation throughout the sail.  \n \n \nCustom events on the yacht away from distractions of the city...  \n... bring your dream to life!!  \n \n \nFor more info.  \nemail : \n  show contact info \n&#8232;  \nText/WhatsApp : \n  show contact info \n ",
        "title": "Having a small PRIVATE PARTY?? Charter EagleWings Yacht...."
    },
    {
        "postid": "5954266207",
        "postingbody": " \n \n QR Code Link to This Post \n  \n \nLim Yong Kien Productions, Quality Assured - Don't trust my words, trust your eyes!  \n \nVisit my portfolio here: www.limyongkien.com (I do video too! Different rates, message me, I'll give you a quote!)  \n \n \n \nWhat you're getting out of hiring me: \nMOE Recognised and Appreciated photography skills \nPhotographer with multiple newspaper publications \n \n \nServices Offered: \nPhotography for EVENTS (Office party, Birthday Party, ROM, SD Wedding PG etc) \nVideography (Filmmaker, Director, Camera Operator, Script writing etc) \nCLASSICAL MUSIC STRINGS QUARTET @ 400SGD \n \n \n \nPricing/Rates: \n \nPhotography: \n \n1HR Event - 80 SGD/hr \n \n2HR Event - 75 SGD/hr \n \n3+HR Event - 70SGD/hr \n \n \nVideo: \n \n \nPer hour: 120SGD \nPer video: 100SGD \n \n(Email \n  show contact info \n for more details!) \n \n \n \nUNLIMITED PHOTOS \n \nI take as many photos as possible/ as per instructed. \n \n \n \nDelivery of Photos \n \nDetails regarding the delivery of final compiled shots can be discussed, but usually it will be through cloud transfer/DVD. Photos will be edited within 3-4 DAYS from shoot. \n \nContact: \n \nemail -- \n  show contact info \n \nphone -- 98243142 \n \nYou can leave me a message \n \n \nHumblest Regards, \n \nYong Kien     ",
        "title": "BUDGET - Photo/Videographer for ANY event at $70/hr, quality promised"
    },
    {
        "postid": "5927697387",
        "postingbody": " \n \n QR Code Link to This Post \n  \n \nKaraoke House Party for Xmas Party, New Year, and all festives \n \n \nWith our DVD quality touch screen karaoke system with wide KTV songs library.  \nFREE delivery, FREE set up and FREE pick up.  \n \n \nSuitable for all kinds of occasion. \n \n \nRental of karaoke system for 21st birthday? \nRental of karaoke system for Family gathering? \nRental of karaoke system for company Dinner &amp; Dance? \nRental of karaoke system for private function? \nRental of karaoke system for wedding? \nRental of karaoke system for Get-together? \n \n \n \nServices we provide: \n \n- Karaoke system rental \n- PA Sound system rental \n- Emcee service \n- DJ service \n- Lightings rental \n- Photography &amp; Videography services and many more... \n \n \nSo HURRY! Call us at 8282 7210 NOW! \nPlease visit our website: www.at-eventsgroup.sg  \nFacebook fan page: www.facebook.com/ateventsgroup     ",
        "title": "Karaoke House Party for Xmas Party, New Year, and all festives"
    },
    {
        "postid": "5944484259",
        "postingbody": " \n \n QR Code Link to This Post \n  \n \nEagleWIngs II accommodates up to 6 guests in 3 well-appointed cabins and is available for the charter in the stunning waters of our neighbouring countries - Indonesia, Malaysia &amp; Thailand Island. \n \n \n15 guest for a small party, gathering cruising along the coastline of Singapore and southern islands, relax in the pristine turquoise waters or on the white sand beach.  \n \n \nAccommodation  \n- Number of cabins: 3  \n- Cabin configuration: 2 Double, 1 Twin  \n- Bed configuration: 2 Queen, 2 Single  \n- Number of guests: 6-15  \n \n \nAll cabins have ensuite bathrooms.  \nThe saloon space is typical of Sunseeker, offering open space enjoying floods of natural light due to large windows.  \nEntertainment system, Air Con, Water toys  \n \n \nThe main deck houses the dining and lounge were you can connect with music systems from your personal devices and watch on LCD screen.  \nThe upper deck has an open air dining space and day beds at the back and front of the yacht. The view of water splashing as the yacht sailed was eye-catching.  \nDay beds that are cushioned allows room for ultimate relaxation throughout the sail.  \n \n \nCustom events on the yacht away from distractions of the city...  \n... bring your dream to life!!  \n \n \nFor more info.  \nemail : \n  show contact info \n&#8232;  \nText/WhatsApp : \n  show contact info \n ",
        "title": "Boat Booking for Events Venue"
    },
    {
        "postid": "5905877270",
        "postingbody": " \n \n QR Code Link to This Post \n  \n \nMobile Sound System Rental from S$300 onwards  \n \nInclusive of: \n-02 units of 600watt Speakers with Heavy Duty Stand \n-01 unit of 16-Channel Mixer \n-01 unit of Dual CD-Player \n-02 units of Ultra-High Frequency Wireless Microphone  \n \nDo drop us an email at: mobilesoundrental@gmail. com     ",
        "title": "Mobile Sound System Rental fr S$300 onwards"
    },
    {
        "postid": "5944727092",
        "postingbody": " \n \n QR Code Link to This Post \n  \n \nNoel Boyd is a dynamic master of ceremonies that has performed in Singapore, Malaysia, Jakarta, Thailand and India. His fun personality enables him to emcee and command the attention of his audience at every event! He enjoys emceeing as his motto goes \"Live and breathe to entertain, that's exactly what I was born to do\". \n \nNoel began hosting corporate events in 2004. He has done an array of corporate events from dinner and dances, carnivals, awards nights, theme parties and roadshows. His spontaneous, creative and quirky character always adds value to an event and allows him to easily adapt to all types of audiences. Twelve years of emceeing experience allows Noel to read his audience and think on his feet which ensures every show is a success.     ",
        "title": "Emcee Noel Boyd"
    },
    {
        "postid": "5950265796",
        "postingbody": " \n \n QR Code Link to This Post \n  \n \nNeed a PA system for your event? We have the perfect solution for all your event needs. Simple but powerful PA system with an audio technician to make sure everything sounds perfect. Weddings, road-shows, AGMs, you name it. We have been providing these affordable sound-system rental packages for some years now, always leaving clients more than satisfied with our audio services. Check out our Facebook page for all the successful events we have done.  \n \nFor Bookings and enquiries, please call us at 9 8 1 1 9 5 8 8 or visit https://www.facebook.com/akelasystems     ",
        "title": "Professional Sound System Available For Rental"
    },
    {
        "postid": "5909157590",
        "postingbody": " \n \n QR Code Link to This Post \n  \n \nHi Valued Customers, \n \nGreetings from House of Costumes!!!!! GONG XI FA CAI Happy Chinese New Year! \nChinese New Year is coming soon, \nBook your God of fortune costumes or mascot soon, Costumes could be for rental 3 days or to purchase. FOR GOD OF FORTUNE COSTUMES Early birds customer, booked EARLY \nRental for god of fortune ADULT for 2 days= $180/- \n \nRental for god of fortune CHILDREN for 2 days= $160/- \n \nRental of GOD OF FORTUNE MASCOT To rent $288/- \nper hour with talent MASCOT AND TALENT =$388/- \n \nRental of FU LU SHOU MASCOT To rent $288/- \nper hour with talent MASCOT AND TALENT =$388/- \n \nAll includes delivery and collection doorstep,  \ndeposit 100% which will be refundable upon collection of costumes. Booking fees is $50/- \nTo purchase GOD of fortune costumes $680/- complete set with top, neck pc, head gear, inner pants, shoes, beard, pics attached \nTo purchase GOD of FORTUNE MASCOT or FU LU SHOU mascots each $1280/- pics attached  \nBook fast your god of fortune costume/mascot before all is gone,  \n \nGet back fast for confirmation 83764313 \n  show contact info \n ",
        "title": "god of fortune costumes"
    },
    {
        "postid": "5900255600",
        "postingbody": " \n \n QR Code Link to This Post \n  \n \nBaby Swimming Teacher Training Course \nBirthlight infant aquatics courses bring together principles of body balance in water, swimming teaching techniques, research on the teaching of water safety skills for babies and the positive effects of joyful parent-baby interaction on overall child development. \n \nDate: 10 - 14 January 2017 \nTime: 9am - 5pm \nLocation : Singapore \n \nTots Swimming Teacher Training Course \nTo equip Baby Swimming teachers with resources to  \na) effectively integrate toddlers new to water in aquatic classes  \nb) offer toddlers with experience of baby swimming classes skills and incentives to progress to fully independent swimming \n \nTo establish best foundations for body balance and strokes, using birthlight techniques for teaching rotations and surfacing to breathe \n \nTo impart life-saving skills through progressive techniques for jumping and turning back to raft or poolside \n \nTo enhance physical wellbeing and stimulates communication between parents and their children in ways that nourish the spirit and strengthen family bonds. Songs and games based on years of teaching experience are used to facilitate effective skill integration in a playful and relaxed atmosphere. \n \nDate: 15 - 16 January 2017 \nTime: 9am - 5pm \nLocation : Singapore \n \nFor enquiries, contact Inspire Mum &amp; Baby at: \nCall: 9234 1866 \nEmail: \n  show contact info \n \n \n ",
        "title": "Baby &amp; Tots Swimming Teacher Training Course - January 2017"
    },
    {
        "postid": "5958604198",
        "postingbody": " \n \n QR Code Link to This Post \n  \n \nHaven't found a photo booth that suits your budget at the same time capture those special moments of your loved ones?  \nHaving an event and you are craving for those sweet desserts to sweeten your guest and youself?    \n \nWell now you can with a reasonable package given by us.Pm us for more inquiries. Alternatively, you can visit our Facebook page at Paradise Aisle Events Co.     ",
        "title": "Photo booth &amp; Dessert Corner"
    },
    {
        "postid": "5952743218",
        "postingbody": " \n \n QR Code Link to This Post \n  \n \nPhuket Makeup Artist for Weddings. \nBridal Hair &amp; Makeup for Pre Wedding Shoots in Krabi,Phuket,Khao Lak. \nwww.weddingmakeupinphuket.com  \nAirbrush makeup available. \nVisiting Service. \nHair Stylist for Weddings &amp; Events in Thailand. \nWow Make Up in Phuket (facebook)     ",
        "title": "Makeup Artist Phuket Wedding"
    },
    {
        "postid": "5920128520",
        "postingbody": " \n \n QR Code Link to This Post \n  \n \nAre you having a Wedding or Event in Phuket,Krabi,Khao Lak,Thailand. \nIf you need a Makeup Artist or Hair Stylist,please let us know.  \nWe offer Airbrush Makeup. \n \nwww.weddingmakeupinphuket.com  \nPhuket Makeup Artist  \nBridal Hair and Makeup Phuket.     ",
        "title": "Wedding Hair and Makeup in Phuket Thailand"
    },
    {
        "postid": "5906076789",
        "postingbody": " \n \n QR Code Link to This Post \n  \n \nDEAR VALUED CUSTOMERS \n \nHO HO HO CHRISTMAS IS COMING SOON \n \n \n \nGreetings!!! from House of Costumes \n \nwe have  \n \na)santa claus costumes for rental ,comes with 12 items , \nitems include top blouse,pants ,glasses,gloves,bell,belt,bag,beard,wig,prize bag,boot cover and hat \ncostumes price Material fur/wool $160/-cash \n \nb) Santa Rina outfits comes with top,hat,shoe cover ,gloves \ncost $90/- per set \n \nc)Santa Claus with talent $300 per hour \nneed additional 100% deposit cash to the amount which will be refunded amount collection of costumes \ndelivery and collection ,to and fro ,FOC \n \nd) ELVES Costumes \ncost $90/- per set \ndelivery and collection ,to and fro ,FOC \n \nfor rental booking fees $50/-cash  \n \n \nwe also have Christmas tree mascot and  frosty the snowmen mascot ,pics attached.great for parties and events . \n cost per hour /per talent =$280 each with costume and talent \nonly the mascot $180/- for rental \n \ndelivery and collection to doorstep FOC. \n \ncall us fast before all is gone  \n \nK.Sudas  \n83764313  \n show contact info \n ",
        "title": "santa claus costumes,christmas mascot costumes"
    },
    {
        "postid": "5944723071",
        "postingbody": " \n \n QR Code Link to This Post \n  \n \nPlanning for your next Team Building? Call us now \nWe can help make your company Team Building Event / D&D; a memorable experience. \nEvents: \n-Team Building, \n-Dinner &amp; Dance, \n-Meetings &amp; Seminars, \n-Conferences, \n-Private function, \n-Company retreat, \n-Family Day... \n \nOther Services: \n-Stage performance \n- Pre cocktail activities \n- Photobooth \n- Sound system rental \n- Emcee service \n- DJ service \n- Lightings rental \n- Backdrop/Banner printing services and many more... \n \nCall us at 8282 7210 for more details \n \nWebsite: www.at-eventsgroup.sg  \nFB : www.facebook.com/ateventsgroup  \n ",
        "title": "Planning for your next Team Building? Call us now"
    },
    {
        "postid": "5905877154",
        "postingbody": " \n \n QR Code Link to This Post \n  \n \nMobile Sound System Rental from S$300 onwards  \n \nInclusive of: \n-02 units of 600watt Speakers with Heavy Duty Stand \n-01 unit of 16-Channel Mixer \n-01 unit of Dual CD-Player \n-02 units of Ultra-High Frequency Wireless Microphone  \n \nDo drop us an email at: mobilesoundrental@gmail. com     ",
        "title": "Mobile Sound System Rental fr S$300 onwards"
    },
    {
        "postid": "5920079181",
        "postingbody": " \n \n QR Code Link to This Post \n  \n \nMorning Charters Promotion from $1700.. \n \nBoasting an incredible living space of 300 square metres, EagleWings is one of Singapore's largest catamarans -- a truly majestic location for any party or wedding. \n \nWith its majestic exterior, the boat is even more impressive inside with sleek and modern furnishings such as spacious decks, a jacuzzi, fully-equipped bar, 10-seater dining space, and four luxurious cabins for overnight stays.  \n \nAvailable for hourly, breakfast, lunch, dinner or full-day charters to short get-away. \nEagleWings can hold up to 50 guests onboard. \n&#8203; \nWater toys (Seadoo S&#8203;ea Scooter, Sea Eagle&#8203; Kayak, Island Hopper Banana Whale Boat) are included.  \nIdeal for family, friends and team-bonding.  \n \n** &#8203;We welcome you to visit&#8203; our fleet&#8203; at ONE\u00b015 Marina, Sentosa. \nBook now for early celebration!! \n \n# Limited period ONLY!!     ",
        "title": "Special Promo on EagleWings Yacht Charters"
    },
    {
        "postid": "5927687738",
        "postingbody": " \n \n QR Code Link to This Post \n  \n \nPlanning for a Private Dance Party? -Disco Lights,AV Sound system,DJs \n \n \nYour One-Stop Event Service Company providing all that you are looking for.. \n \nAT EVENTS GROUP is a one -stop Events Planning company  \nfully equipped to produce a range of events. \n \ndinner &amp; dance, \ngrand openings,  \nproduct launches,  \nbenefits,  \nincentive events,  \nmeetings,  \noffice parties, \nsocial events and galas. \n \n \nEvent such as: \n \n- Company Dinner and Dance \n- Gala Dinners \n- Private Functions \n- Birthdays \n- Wedding \n- Prom Nights \n \n \nCall us at 8282 7210 for more details! \nPlease visit our website: www.at-eventsgroup.sg \nFacebook fan page: www.facebook.com/ateventsgroup \n \n \n \nAT EVENTS: backdrop, banners, printing, collateral, event company,  \nevent planning, dinner &amp; dance, party package, birthday party, entertainments,  \nevents, roadshows, emcee services, sound systems, audio visual rental, lightings rental,  \nDJ service, professional sound systems, conferences, seminars, meetings,  \ncorporate events, team building \n ",
        "title": "Planning for a Private Dance Party? -Disco Lights,AV Sound system,DJs"
    },
    {
        "postid": "5908653713",
        "postingbody": " \n \n QR Code Link to This Post \n  \n \nClassrooms for rent starting at $17/hr. \n \nSpacious and quality furniture - Adjustable hydraulic chairs \nConveniently located - 5 mins walk from Nex \nLow hourly rates - As low as $17/Hr \n \n \nFind out more at: \nhttp://www.classroomrentalsingapore.com/ \n \nOr Chat to discuss \n \n*Minimum 2 Hrs     ",
        "title": "Classrooms Rental $17/Hr"
    },
    {
        "postid": "5902834897",
        "postingbody": " \n \n QR Code Link to This Post \n  \n \nSurprise your friends &amp; family for Christmas, birthday,saintValentine ,weddings,groom and any special party in Montreal! \n \nSend your nice &amp; delicious cakes to Montreal and be diffrent! \n \nYou are searching a fantastic cake for any occasion (birthday, anniversary, valentine and marriage and so on ..) to send as a surprise to a friend in Montreal , canada?!  \n \nwe invite you to take a look at our cake gallery page in our website : www.patisserielavande.com \n \nEggs free , gluten free &amp; sugar free are available also.We are sure that you will find your one. \n \nPlus cake model, you can choose all details about your cake. \nEvery things are HALAL. \nFrom base cake, filling taste, topping, nut &amp; fruit, the note on the cake to the accessory you want on delivery (greeting card, candle, balloons, magic sparkler, etc...) \n \nEven you can send us your cake model, and then our chef will take your idea to reality!! \n \nTax included! no delivery fee for Montreal Island and Laval. \n \nWe accept any credit cards as well as PayPal for online payment. \n \nwww.patisserielavande.com \n \n \n \n****************************************************************************** \n \nVous \u00eates en train de chercher un g\u00e2teau fantastique pour n'importe quelle occasion (anniversaire, Saint-Valentin et le mariage et ainsi de suite..) ??? \n \nNous vous invitons \u00e0 jeter un coup d'\u0153il \u00e0 notre galerie page de g\u00e2teau dans notre site Web: www.patisserielavande.com \n \nNous sommes s\u00fbrs que vous trouverez v\u00f4tre.les g\u00e2teau sans eaufs , sans gluten et sans sucre sont disponible. \n \nEn plus de mod\u00e8le de g\u00e2teau, vous pouvez aussi choisir tous les d\u00e9tails sur votre g\u00e2teau. \n \nComme : le g\u00e2teau de base, remplissage et go\u00fbt, garniture, de noix et de fruits, la note sur le g\u00e2teau, m\u00eame l'accessoire que vous d\u00e9sirez avoir lorsque la livraison (comme carte de v\u0153ux, bougies, ballons, magique cires, etc.) \n \nVous pouvez aussi nous envoyer votre mod\u00e8le de g\u00e2teau, puis notre chef prendra votre id\u00e9e \u00e0 la r\u00e9alit\u00e9 !! \n \nTax inclus, aucun frais de livraison pour l'\u00eele de Montr\u00e9al et de Laval. \n \nOn accepte toutes les cartes de cr\u00e9dit ainsi que PayPal pour effectuer le paiement en ligne. \n \n \n \nwww.patisserielavande.com     ",
        "title": "Send your nice &amp; fresh cakes to Montreal!"
    },
    {
        "postid": "5951530895",
        "postingbody": " \n \n QR Code Link to This Post \n  \n \n \n \nPhotography services: \n \n- Actual Day Wedding / Pre-Wedding  \n- ROM / Solemnisation  \n- Couple photoshoot /Family photoshoot  \n- Maternity / Newborn  \n- Birthday parties  \n- Corporate/private events  \n- Graduation ceremonies  \n \nContact Chlo at 96461011 or email \n  show contact info \n \n \nFacebook: www.facebook.com/ChlographySG     ",
        "title": "Photography Services (Wedding/Birthday/Events..)"
    },
    {
        "postid": "5906066667",
        "postingbody": " \n \n QR Code Link to This Post \n  \n \nDEAR VALUED CUSTOMERS \n \nHO HO HO CHRISTMAS IS COMING SOON \n \nGreetings!!! from House of Costumes \n \nwe have  \n \na)santa claus costumes for rental ,comes with 12 items , \nitems include top blouse,pants ,glasses,gloves,bell,belt,bag,beard,wig,prize bag,boot cover and hat \ncostumes price Material fur/wool $160/-cash \n \nb) Santa Rina outfits comes with top,hat,shoe cover ,gloves \ncost $90/- per set \n \nc)Santa Claus with talent $300 per hour \nneed additional 100% deposit cash to the amount which will be refunded amount collection of costumes \ndelivery and collection ,to and fro ,FOC \n \nd) ELVES Costumes \ncost $90/- per set \ndelivery and collection ,to and fro ,FOC \n \nfor rental booking fees $50/-cash  \n \n \nwe also have Christmas tree mascot and  frosty the snowmen mascot ,pics attached.great for parties and events . \n cost per hour /per talent =$280 each with costume and talent \nonly the mascot $180/- for rental \n \ndelivery and collection to doorstep FOC. \n \ncall us fast before all is gone  \n \nK.Sudas  \n83764313  \n show contact info \n ",
        "title": "santa claus costumes,christmas mascot costumes"
    }
]