[
    {
        "postid": "5918666156",
        "postingbody": " \n \n QR Code Link to This Post \n  \n \nMaison Ikkoku looking for full time positions of:- \n \n1. Supervisor \n2. Bartender / Mixologist \n \nplease email detail CV with recent photo to \n  show contact info \n ",
        "title": "Supervisor and Mixologist Wanted"
    },
    {
        "postid": "5914655504",
        "postingbody": " \n \n QR Code Link to This Post \n  \n \nLooking for ad-hof Chef assistant!! \nIf you have a hygiene cert, don't wait contact me now!! \nYou will be outsourced to our client's location at Changi Airport!! \n \n- Jobs slots available immediately! \n- Time slot: 14 Dec Wed 8am-8pm, 15 Dec Thur 10am-10pm \n- $8/hr, payout in 1 week \n- Meals provided \n- Attire: Black pants and black safety shoes \n \nLooking for more income? \nContact Tze Ming via sms or whatsapp @ 96404711 now!! \nPlease include the following details for faster reply: \n- Code: KITDec14 \n- Name \n- Age \n- Citizenship \n \n** Payout on the 1 week after the work week **     ",
        "title": "Looking for ad-hof Chef assistant!!"
    },
    {
        "postid": "5943339672",
        "postingbody": " \n \n QR Code Link to This Post \n  \n \nLooking for multiple F&B; service crews, servers and Kitchen assistants!! \nNo need to pay registration fee but there is a compulsory interview!! \nOutsourced to client location!! \n \nBanquet and restaurant jobs available weekly!! \nSlots this week: \nPayout on 13-Jan(within 1 week)!! \n- 5/1 Thur 8am-8pm Changi Airport $8/hr (need kitchen experience) \n- 6/1 Fri 12pm-10pm Changi Airport $8/hr (need kitchen experience) \n- 7/1 Sat 9am-9pm Changi Airport $8/hr (need kitchen experience) \n- 7/1 Sat 6pm-11pm Outram $8.50/hr (banquet) \n- 8/1 Sun 6pm-11pm Outram $8.50/hr (banquet) \n \nMonthly payout(stable restaurant work): \n- Mondays to Sundays at Changi Airport \n- Timings: 8am-1pm, 6pm-11pm \n- Pay: $8/hr \n- Job scope: Clearing plates, serving drinks and ad hoc duties \n \nMonthly payout(stable restaurant work): \n- Mondays to Sundays near City Hall Mrt \n- Timings: 8am-7pm, 12pm-10pm, 2pm-12am \n- Pay: $8/hr \n- Job scope: Clearing plates, serving food and drinks and ad hoc duties \n \nWeekdays and weekends jobs available!! \nFlexible work, you can just book the work when you are free to work!! \nNo experience needed,if required, we do have in house training!! \nTransport home after 12 am is provided. \nAttire: black pants, black shoes, black socks \nTop provided. \n \nIf interested, contact Kelvin @ 96404711 to chop your spot now!! \nDo include the following for replies, if not, replies will have to wait: \n1) Code: F&BJan5; \n2) Name \n3) Age \n4) Citizenship \n \n** Good grooming and good attitude is a must for front of house service crew!! **     ",
        "title": "&#8203;Looking for multiple F&B; service crews, servers and Kitchen assistant"
    },
    {
        "postid": "5915855732",
        "postingbody": " \n \n QR Code Link to This Post \n  \n \n&#9812;Banquet Service Crew Needed&#9812;$8.50-$9/hr&#9812;Flexible Hour&#9812;PART-TIME&#9812; \n&#9812;Outsourcing To Clients Islandwide&#9812; \n&#9812;Pay &amp; Scheme&#9812;: \n- $8.5 ~ $9 /HR \n\u2022 Various hotels and restaurants at town areas. \n\u2022 You can choose your preferred timing and outlet. \nHaving your holidays? \nFinding a part time job? \nWant to work with your friends ? \nJoin us ! \n \n ",
        "title": "&#9812;Banquet Service Crew Needed&#9812;"
    },
    {
        "postid": "5901836385",
        "postingbody": " \n \n QR Code Link to This Post \n  \n \nChinese Restaurant at Katong Area looking for full-time and part-time service crew.  \n \nJob Requirements: \n\u2022\tCustomer service orientated  \n\u2022\tPleasant, pro-active and with a good attitude \n\u2022\tAble to work on weekends and public holidays  \n \nIf interested, please call, sms or WhatsApp: Jacque @ 96726363 for interview. \nInclude these for faster reply: \n- Name \n- Age \n- Citizenship     ",
        "title": "Looking for F&B; service crew (Full Time &amp; Part Time)"
    },
    {
        "postid": "5932364082",
        "postingbody": " \n \n QR Code Link to This Post \n  \n \nLooking for multiple F&B; service crews, servers and Kitchen assistants Up to $9.50/hr!! \nNo need to pay registration fee but there is a compulsory interview!! \nOutsourced to client location!! \n \nBanquet and restaurant jobs available weekly!! \nSlots this week: \nPayout on 6-Jan(within 1 week)!! \n- 31/12 Sat 12pm-10pm City Hall $9.50/hr \n- 31/12 Sat 3pm-12am City Hall $9.50/hr \n- 31/12 Sat 3pm-12am City Hall $9.50/hr \n- 31/12 Sat 3pm-2am City Hall $9.50/hr \n- 31/12 Sat 8pm-3am City Hall $9.50/hr \n- 31/12 Sat 8am-8pm Changi Airport $9.50/hr(Need Kitchen experience) \n- 01/01 Sun 7am-12pm Changi Airport $9.50/hr(Need Kitchen experience) \n \nMonthly payout(stable restaurant work): \n- Mondays to Sundays at Changi Airport \n- Timings: 7am-12pm, 8am-1pm, 6pm-11pm \n- Pay: $8/hr \n- Job scope: Clearing plates, serving drinks and ad hoc duties \n \nWeekdays and weekends jobs available!! \nFlexible work, you can just book the work when you are free to work!! \nNo experience needed,if required, we do have inhouse trainings!! \nTransport home after 12am is provided. \nAttire: black pants, black shoes, black socks \nTop provided. \n \nIf interested, contact Kelvin @ 96404711 to chop your spot now!! \nDo include the following for replies, if not, replies will have to wait: \n1) Code: F&BDec31; \n2) Name \n3) Age \n4) Citizenship \n \n** Good grooming and good attitude is a must for front of house service crew!! **     ",
        "title": "Looking for multiple F&B; service crews, servers and Kitchen assistants"
    },
    {
        "postid": "5913101065",
        "postingbody": " \n \n QR Code Link to This Post \n  \n \nThe responsibilities of the full time cafe manager position includes: \n \n- Managing all F&amp;B and day-to-day operations within budget and to the highest standards \n- Ensuring excellent levels of internal and external customer service \n- Leading F&amp;B team by attracting, recruiting, training and appraising talented personnel \n- Preserve excellent levels of internal and external customer service \n- Comply with all health and safety regulations \n- Report on management regarding sales results and productivity \n \nJob brief \n \nWe are looking for a professional food and beverage manager to be responsible for managing all F&amp;B operations and for delivering an excellent guest experience. The successful candidate will be able to forecast, plan and manage all F&amp;B orders, staff and finance. The goal is to maximize sales and revenue through customer satisfaction and employee engagement. \n \nRequirements \n- Singaporean or SPR (foreigners are open to apply: Korean, Malaysian, Taiwanese) \n- Ability to spot and resolve problems efficiently \n- Communication and leadership skills \n- Up to date with food and beverages trends and best practices \n- A good team-player \n \nDrop us an email at shyuhaila (a) gmail.com     ",
        "title": "Full Time Staff in Dessert Cafe"
    },
    {
        "postid": "5952995876",
        "postingbody": " \n \n QR Code Link to This Post \n  \n \n1.prata master \n2. Mee goreng/Nasi goreng/etc \nor \n3. South indian food cook \ncall 96395855     ",
        "title": "Indian cook"
    },
    {
        "postid": "5938395237",
        "postingbody": " \n \n QR Code Link to This Post \n  \n \nLooking for part time service crew with preferably f&b; experience and able to work weekend especially Sat and Sun. \nAge 18-35yrs \nPaying $8/hr, staff meal provided and transport provided after 12am. \nWill pay more for good looking and pretty staff. \nWorking hours 6pm-12am/1am, may need to work late when there is EPL match. \nOnly Singaporean and PR can apply. \nPlease text at 9180 3079.     ",
        "title": "SERVICE CREW REQUIRE FOR KITCHEN AND BAR AT EAST COAST AREA"
    },
    {
        "postid": "5913318832",
        "postingbody": " \n \n QR Code Link to This Post \n  \n \n&#8203;Looking for multiple hotel F&B; service crew, servers and Kitchen assistant up to $8.50/hr!! \nNo need to pay registration fee!! \n \nOutsourced to client location!! \n \nBanquet and restaurant jobs available weekly!! \n \nSlots this week: \n \n- Fri 10am-6pm $8.50/hr City Hall \n \n- Fri 11am-7pm $8.50/hr City Hall  \n \n- Fri 5pm-11pm $8.50/hr Outram \n \n- Sat 5pm-11pm $8.50/hr Outram \n \n- Sat 7pm-1am $8.50/hr City Hall \n \n- Sun 11am-7pm $8.50/hr City Hall \n \nKitchen assitant (need kitchen experience / Hygiene cert) \n \n- Wed 8am-8pm $8/hr Changi Airport \n \n- Thur 10am-10pm $8/hr Changi Airport \n \nWeekdays and weekends jobs available!! \n \nFlexible work, you can just book the work when you are free to work!! \n \nNo experience needed, if keen, we do have inhouse trainings!! \n \nTransport home after 12am is provided. \n \nAttire: black pants, black shoes, black socks \n \nTop provided. \n \nIf interested, contact Kelvin @ 96404711 to chop your spot now!! \n \nDo include the following for faster replies: \n \n1) Code: F&BDec12; \n \n2) Name \n \n3) Age \n \n4) Citizenship \n \n** Good grooming and good attitude is a must for front of house service crew!! **     ",
        "title": "Looking for multiple hotel F&B; servers and kitchen assistant!!"
    },
    {
        "postid": "5923997589",
        "postingbody": " \n \n QR Code Link to This Post \n  \n \nAt least a Polytechnic Diploma \nAt least 2 year's work experience \nWork hours: 9.00 am to 5.00 pm \nSalary: $2,200 - $2,800 depending on qualification(s) and experience. \n \nCall 91325055     ",
        "title": "Administrative &amp; HR Manager"
    },
    {
        "postid": "5923997537",
        "postingbody": " \n \n QR Code Link to This Post \n  \n \nExperience preferred \nWork hours: hours: (a) 6.30 am to 2.30 pm OR (b) 3.00 pm to 11.00 pm \nSalary: $1,000 - $1,700 per month depending on experience \n4 positions available \n \nCall 91325055     ",
        "title": "Waiters/Waitresses"
    },
    {
        "postid": "5946172284",
        "postingbody": " \n \n QR Code Link to This Post \n  \n \nWell known Vegetarian Restaurant Looking for Temp Staff!! \n \nSalary: $8/hr \nWorking Hrs: 11.00am - 10.00pm \nLocation: Tanjong Katong Road \nDuration: Jan 2017 -- Feb 2017 (must be able to commit during CNY period) \n \nDuties: \n\u2022\tProvide excellent customer services that promote satisfaction \n\u2022\tGreet customers and present menu \n\u2022\tMake recommendations or share additional information upon request \n\u2022\tTake and serve food/drinks orders \n\u2022\tArrange table settings and maintain tables clean and tidy \n\u2022\tDeliver checks and collect payments \n\u2022\tCooperate with all serving and kitchen staff \n\u2022\tFollow all relevant health department rules/regulations and all customer service guidelines \n \nTo apply, please WHATSAPP \"TEMP Waiter/waitress\" @ 91161126 with Name  \n \nThank you,     ",
        "title": "Part Time Waiter/Waitress"
    },
    {
        "postid": "5923996218",
        "postingbody": " \n \n QR Code Link to This Post \n  \n \nAt least 2 years' experience working in a restaurant kitchen. \nWork hours: 3.30 pm to 11.00 pm \nSalary: $1,800 - $2,300 per month depending on experience \n2 positions available \n \nCall 91325055     ",
        "title": "Assistant Cooks"
    },
    {
        "postid": "5950226013",
        "postingbody": " \n \n QR Code Link to This Post \n  \n \nHostel Housekeeper &amp; Front Desk Position \n \nOnly for SINGAPOREAN &amp; PR!!! \n \nPlease WHATAPP or Call +\n  show contact info \n(From 9am to 9pm) to arrange for the interview.     ",
        "title": "Wanted - Front Desk &amp; Housekeeper"
    },
    {
        "postid": "5903479094",
        "postingbody": " \n \n QR Code Link to This Post \n  \n \nWe are hiring Waiters/ Waitresses for full-time positions. \nMust be able to work from 7pm-3/4am. \nFun environment.Contact today. \n**Only locals     ",
        "title": "Full Timers and Part Timers needed for Night Club"
    },
    {
        "postid": "5938397724",
        "postingbody": " \n \n QR Code Link to This Post \n  \n \nKitchen and Bar at Joo Chiat Road looking for full time service crew with preferably f&b; experience. \n6days week, Tue-Sun \nAge 18-35yrs. \nTiming: 3.30pm-12.30am Tue-Thurs, 3.30pm-1.30am Fri-Sun \nSalary negotiable, staff meal provided and transport provided after 12am. \nOnly Singaporean and PR can apply. \nPlease text at 9180 3079.     ",
        "title": "FULL TIME SERVICE STAFF REQUIRE AT EAST COAST AREA"
    },
    {
        "postid": "5950374645",
        "postingbody": " \n \n QR Code Link to This Post \n  \n \nLooking for multiple F&B; service crews, servers and Kitchen assistants!! \nNo need to pay registration fee but there is a compulsory interview!! \nOutsourced to client location!! \n \nBanquet and restaurant jobs available weekly!! \nSlots this week: \nPayout on 20-Jan(within 1 week)!! \n- 11/1 Wed 6pm-11pm Outram $8.50/hr \n- 12/1 Thur 9am-4pm City Hall $9/hr \n- 12/1 Thur 4pm-12am City Hall $9/hr \n- 13/1 Fri 6pm-11pm Outram $8.50/hr \n- 14/1 Sat 6pm-11pm Outram $8.50/hr \n- 15/1 Sun 11am-7pm City Hall $8.50/hr \n \nMonthly payout(stable restaurant work): \n- Mondays to Sundays at Changi Airport \n- Timings: 8am-1pm, 6pm-11pm \n- Pay: $8/hr \n- Job scope: Clearing plates, serving drinks and ad hoc duties \n \nMonthly payout(stable restaurant work): \n- Mondays to Sundays near City Hall Mrt \n- Timings: 8am-7pm, 12pm-10pm, 2pm-12am \n- Pay: $8/hr \n- Job scope: Clearing plates, serving food and drinks and ad hoc duties \n \nWeekdays and weekends jobs available!! \nFlexible work, you can just book the work when you are free to work!! \nNo experience needed,if required, we do have in house training!! \nTransport home after 12 am is provided. \nAttire: black formal pants, black formal shoes, black long socks, no color hair \nTop provided. \n \nIf interested, contact Kelvin @ 96404711 to chop your spot now!! \nDo include the following for replies, if not, replies will have to wait: \n1) Code: F&BJan5; \n2) Name \n3) Age \n4) Citizenship \n \n** Good grooming and good attitude is a must for front of house service crew!! **     ",
        "title": "Looking for multiple F&B; service crews, servers and Kitchen assistants"
    },
    {
        "postid": "5951558205",
        "postingbody": " \n \n QR Code Link to This Post \n  \n \nKitchen/Service Crew \n \nPart Time :$8-$10/hr \n \n*Food Hygiene course supported \n \nW.H.11:00am--11:00pm /Good benefit provided \n \nLocation : Wisma Atria, Orchard     ",
        "title": "Kitchen/Service Crew Japanese Tempra Restaurant"
    },
    {
        "postid": "5940791502",
        "postingbody": " \n \n QR Code Link to This Post \n  \n \nI am a professional Chef and Entrepreneur, with a very High curiosity, Knowledge and Passion about Food and Wine. I will open a Bistro / Wine Merchant in Singapore and I looking for like minded person as Business Partners with a genuine interest in Food and willing to create something special, unique and profitable. \nYou can have whatever background, the most important thing for me you should be a creative, a foodie person and love hospitality. \n \nI looking forward to hearing from you !     ",
        "title": "Start-UP : Bistro looking for Business Partners and Staff\""
    }
]