[
    {
        "postid": "5950287544",
        "postingbody": " \n \n QR Code Link to This Post \n  \n \noutdoor furniture &amp; bulky item delivery/transport/removal service \n \n10ft open lorry with driver &amp; mover to deliver, load &amp; unload the outdoor furniture &amp; plant from location A to location B for you! \n \ngarden swing? trampoline? outdoor table? rattan table? potted plant? outdoor sofa? bbq? no problem! \n \nJust sms me more detail of the item you want us to deliver for a quote. And is both address lift level? \n \n \n \nSms or call mr liu@9788 9276 for enquiries     ",
        "title": "outdoor furniture &amp; bulky item delivery/transport/removal service"
    },
    {
        "postid": "5873026512",
        "postingbody": " \n \n QR Code Link to This Post \n  \n \nAvailable transport any items now 42/7 \ndisposal anythings \nIkea /transport \nfridge,sofa,tv,bed,wash machine BBQ pit.etc.etc \n \nlorry rental /driver.90158959 \n \ncall me any time 24/7 \n \ncall c.s.low 90158959 \n \n90158959     ",
        "title": "disposal service/transport"
    },
    {
        "postid": "5944603684",
        "postingbody": " \n \n QR Code Link to This Post \n  \n \nLooking for quality Tree Pruning Service in Singapore? Complete Services is the right choice for you.Grass pruning or trimming is done once again by the help of machines both manual and electric. Our price quotation is inclusive of the manual labor, tools and other equipment, permitted fertilizers like insecticides and similar ones that are a necessity with respect to garden keeping. \n \n \nContact Us : \n \n \nBizlink Centre, \n59 Ubi Ave 1 #04-15, \nSingapore - 048938 \n \nTel  :  \n  show contact info \n \nTel  :  \n  show contact info \n \nFax  :  \n  show contact info \n \n \nEmail :  \n  show contact info \n \nWeb   :  http://www.completeservices.com.sg/ \n ",
        "title": "Tree pruning"
    }
]