[
    {
        "postid": "5954270354",
        "postingbody": " \n \n QR Code Link to This Post \n  \n \nHello \n \nI am contacting you directly with a view to an investment opportunity with you and or your organization. It is a business that requires a capable partner. I am currently in the uk at the moment in pursuit of this venture and we could meet or discuss things further on the phone should you be interested. We will be interested in any secure and profitable ventures you may advise as partner. I shall be available for further deliberation if you are interested in exploring this possibility \nContact us today E-mail     ",
        "title": "LOAN AVAILABLE!!! LOAN AVAILABLE!!! LOAN AVAILABLE!!!"
    },
    {
        "postid": "5945997429",
        "postingbody": " \n \n QR Code Link to This Post \n  \n \n \nWe provide personal loans for debt consolidation, bad credit loans, unsecured loans, loans for bad credit and instant secured loans with cheap rates Do you have a firm or company that need loan to start up a business or need,personal loan, Debt consolidation? For more information. We will provide you with loan to meet your needs. For more information contact us:+1-6474-864-724 (Call/Whats app) \n ",
        "title": "GET YOUR ONLINE LOANS FAST AND EASY FINANCE FOR SINGAPOREANS APPLY NOW"
    },
    {
        "postid": "5957519948",
        "postingbody": " \n \n QR Code Link to This Post \n  \n \nHave you been online looking for a legit and genuine Loan to pay off your Bills or Start Up a \nBusiness of your own? Have you being turn down by your Bank or other Lender's online? Here is \na place were you can get QUICK and EASY LOAN without any delay or problem, apply today and contact us via email below for more information and get funded asap with any amount you need as Loan today: \n \nLOAN APPLICATION INFORMATION FORM \n \nFirst name: \nMiddle name: \nDate of birth (yyyy-mm-dd): \nGender: \nMarital status: \nTotal Amount Needed: \nTime Duration: \nAddress: \nCity: \nState/province: \nZip/postal code: \nCountry: \nPhone: \nMobile/cellular: \nMonthly Income: \nOccupation: \nWhich sites did you know about us..... \n \nThank you all as you apply now urgent     ",
        "title": "LOAN CLICK HERE TO APPLY NOW URGENT"
    },
    {
        "postid": "5954246630",
        "postingbody": " \n \n QR Code Link to This Post \n  \n \nHello \n \nI am contacting you directly with a view to an investment opportunity with you and or your organization. It is a business that requires a capable partner. I am currently in the uk at the moment in pursuit of this venture and we could meet or discuss things further on the phone should you be interested. We will be interested in any secure and profitable ventures you may advise as partner. I shall be available for further deliberation if you are interested in exploring this possibility \nContact us today E-mail     ",
        "title": "LOAN IS AVAILABLE IN LESS THAN 24 HOURS!!!"
    },
    {
        "postid": "5930439929",
        "postingbody": " \n \n QR Code Link to This Post \n  \n \nWe offer varieties of loans to our customers. What ever loan you need,large or small, personal or mortgage, we are ready to talk with you about how we can meet your financial needs. and put an end to your financial problems and how you can get this loan online transfer to your account and fast durable affordable just email us and your problem is solve     ",
        "title": "BUSINESS AND PERSONAL LOAN"
    },
    {
        "postid": "5939531727",
        "postingbody": " \n \n QR Code Link to This Post \n  \n \nWe offer varieties of loans to our customers. What ever loan you need,large or small, personal or mortgage, we are ready to talk with you about how we can meet your financial needs. and put an end to your financial problems and how you can get this loan online transfer to your account and fast durable affordable just email us and your problem is solve     ",
        "title": "LOAN AVAILABLE!!! LOAN AVAILABLE!!! LOAN AVAILABLE!!!"
    },
    {
        "postid": "5951248414",
        "postingbody": " \n \n QR Code Link to This Post \n  \n \nHello \n \nI am contacting you directly with a view to an investment opportunity with you and or your organization. It is a business that requires a capable partner. I am currently in the uk at the moment in pursuit of this venture and we could meet or discuss things further on the phone should you be interested. We will be interested in any secure and profitable ventures you may advise as partner. I shall be available for further deliberation if you are interested in exploring this possibility \nContact us today E-mail \n ",
        "title": "LOAN IS AVAILABLE IN LESS THAN 24 HOURS!!!"
    },
    {
        "postid": "5936835517",
        "postingbody": " \n \n QR Code Link to This Post \n  \n \nWe offer varieties of loans to our customers. What ever loan you need,large or small, personal or mortgage, we are ready to talk with you about how we can meet your financial needs. and put an end to your financial problems and how you can get this loan online transfer to your account and fast durable affordable just email us and your problem is solve     ",
        "title": "LOAN IS AVAILABLE IN LESS THAN 24 HOURS!!!"
    },
    {
        "postid": "5957239660",
        "postingbody": " \n \n QR Code Link to This Post \n  \n \nHello \n \nI am contacting you directly with a view to an investment opportunity with you and or your organization. It is a business that requires a capable partner. I am currently in the uk at the moment in pursuit of this venture and we could meet or discuss things further on the phone should you be interested. We will be interested in any secure and profitable ventures you may advise as partner. I shall be available for further deliberation if you are interested in exploring this possibility \nContact us today E-mail     ",
        "title": "LOAN IS AVAILABLE IN LESS THAN 24 HOURS!!!"
    },
    {
        "postid": "5945554466",
        "postingbody": " \n \n QR Code Link to This Post \n  \n \nHello Everyone, I am Suzana Abdullah by name and i live in SINGAPORE ,i will like to talk about the goodness of Allah in my life after so many months of trying to get a loan on the internet and was been scammed so i became desperate in getting a loan from a legit lender online. But as Allah would have it, i saw a comment from a friend called Norwati bte Ranai and she talked about this legit loan company where she got her loan fast and easy without any \nstress so he introduced me to a man called Ibrahim Mueen who controls a firm called Mr Ibrahim Mueen Loan Company, So i applied for a loan sum of ($300,000.00) with low interest rate of 3%, so the loan was approved and deposited into my bank account in less than 48hrs, that was how i was able to get my loan to keep my broken business running and also to pay off my bills so i am advising everyone of you who is interested in getting a loan fast and easy to kindly contact them, to get any kind of loan you need today, thanks as you read the greatest testimony of my life.     ",
        "title": "FAST LOAN APPROVAL AT LOW INTEREST RATE"
    },
    {
        "postid": "5948986533",
        "postingbody": " \n \n QR Code Link to This Post \n  \n \nHello \n \nI am contacting you directly with a view to an investment opportunity with you and or your organization. It is a business that requires a capable partner. I am currently in the uk at the moment in pursuit of this venture and we could meet or discuss things further on the phone should you be interested. We will be interested in any secure and profitable ventures you may advise as partner. I shall be available for further deliberation if you are interested in exploring this possibility \nContact us today E-mail \n \n ",
        "title": "LOAN IS AVAILABLE IN LESS THAN 24 HOURS!!!"
    },
    {
        "postid": "5952793318",
        "postingbody": " \n \n QR Code Link to This Post \n  \n \n \nApply Now and Get the Lowest Rate \nSalary Transfer Loans for All Nationals \nInterest rates starting from 4.99% reducing or 2.63% flat p.a. \nLoan amounts up to SGD3,000,000. \nEasy process and simple documentation. \nloans to get your optimum personal loan from over 70 loans  \napply for a call back from the selected bank to have it within 48 hours. \n?Loans Without Salary Transfer \u00b7 ?Most Popular \u00b7 ?Islamic Personal Finance \nPhone number :+1-6474-864-724 (Call/Whats app)     ",
        "title": "APPLY FOR CREDIT CARD LOAN AND PERSONAL LOAN NOW ALL SINGAPOREANS"
    },
    {
        "postid": "5918658246",
        "postingbody": " \n \n QR Code Link to This Post \n  \n \nWe offer varieties of loans to our customers. What ever loan you need,large or small, personal or mortgage, we are ready to talk with you about how we can meet your financial needs. and put an end to your financial problems and how you can get this loan online transfer to your account and fast durable affordable just email us and your problem is solve     ",
        "title": "BUSINESS AND PERSONAL LOAN"
    },
    {
        "postid": "5945551997",
        "postingbody": " \n \n QR Code Link to This Post \n  \n \nHello Everyone, I am Suzana Abdullah by name and i live in SINGAPORE ,i will like to talk about the goodness of Allah in my life after so many months of trying to get a loan on the internet and was been scammed so i became desperate in getting a loan from a legit lender online. But as Allah would have it, i saw a comment from a friend called Norwati bte Ranai and she talked about this legit loan company where she got her loan fast and easy without any \nstress so he introduced me to a man called Ibrahim Mueen who controls a firm called Mr Ibrahim Mueen Loan Company, So i applied for a loan sum of ($300,000.00) with low interest rate of 3%, so the loan was approved and deposited into my bank account in less than 48hrs, that was how i was able to get my loan to keep my broken business running and also to pay off my bills so i am advising everyone of you who is interested in getting a loan fast and easy to kindly contact them, to get any kind of loan you need today, thanks as you read the greatest testimony of my life.     ",
        "title": "FAST LOAN APPROVAL AT LOW INTEREST RATE"
    },
    {
        "postid": "5952834535",
        "postingbody": " \n \n QR Code Link to This Post \n  \n \nHello \n \nI am contacting you directly with a view to an investment opportunity with you and or your organization. It is a business that requires a capable partner. I am currently in the uk at the moment in pursuit of this venture and we could meet or discuss things further on the phone should you be interested. We will be interested in any secure and profitable ventures you may advise as partner. I shall be available for further deliberation if you are interested in exploring this possibility \nContact us today E-mail     ",
        "title": "LOAN IS AVAILABLE IN LESS THAN 24 HOURS!!!"
    },
    {
        "postid": "5958642722",
        "postingbody": " \n \n QR Code Link to This Post \n  \n \nwe are committed to providing easily accessible credit to all customers without any bias. We appreciate that emergencies can arise any time and our customised\u00a0personal loan packages are designed to offset short-term monetary needs. We are one of the\u00a0top finance company with years of experience in the financial industry, making us the best alternative to traditional banks. Our team of financial consultants\u00a0is always ready to provide clients with information that will help them make the right decisions.\u00a0We are the premier bad credit personal loan Singapore company and our expertise in this market makes us your first point of call. \n \nCall me @ 82628785 OR Whatsapp me @ 82628785 Kenny \n ",
        "title": "Quick loan"
    },
    {
        "postid": "5919239585",
        "postingbody": " \n \n QR Code Link to This Post \n  \n \nWe offer varieties of loans to our customers. What ever loan you need,large or small, personal or mortgage, we are ready to talk with you about how we can meet your financial needs. and put an end to your financial problems and how you can get this loan online transfer to your account and fast durable affordable just email us and your problem is solve     ",
        "title": "BUSINESS AND PERSONAL LOAN"
    },
    {
        "postid": "5931547466",
        "postingbody": " \n \n QR Code Link to This Post \n  \n \nWe offer varieties of loans to our customers. What ever loan you need,large or small, personal or mortgage, we are ready to talk with you about how we can meet your financial needs. and put an end to your financial problems and how you can get this loan online transfer to your account and fast durable affordable just email us and your problem is solve     ",
        "title": "BUSINESS AND PERSONAL LOAN"
    },
    {
        "postid": "5941737753",
        "postingbody": " \n \n QR Code Link to This Post \n  \n \nWe offer varieties of loans to our customers. What ever loan you need, large or small, personal or mortgage, we are ready to talk with you about how we can meet your financial needs. and put an end to your financial problems and how you can get this loan online transfer to your account and fast durable affordable just email us and your problem is solve     ",
        "title": "LOAN AVAILABLE!!! LOAN AVAILABLE!!! LOAN AVAILABLE!!!"
    },
    {
        "postid": "5919515754",
        "postingbody": " \n \n QR Code Link to This Post \n  \n \nI am Jafar Abudan, I, my wife and friends have a very important message to share with everyone after what myself and my wife went through in the hands of some pathetic hoodlums claiming to offer some sort of loans. we are happy today when a friend on Internet introduce us to a genuine lender It's very difficult to get a genuine lender and thanks God we found one who helped me, my families and friends without having to send out money for unending fees. write me if you need my help.     ",
        "title": "Stop dealing with scammers, I know a genuine lender who'd help you."
    },
    {
        "postid": "5944249757",
        "postingbody": " \n \n QR Code Link to This Post \n  \n \nDo you need a personal loan? OR A business loan to start up a business of your own? We offer loans to individuals and companies at worldwide level. Our Well Known Financial Company Has Earned a Huge Goodwill in Providing Venture Capital Finance Services to Our Clients. Our Capital Financial Company Provides Financial Solutions for Big Projects like It, Surface Transportation, Medical Infrastructure and So On. If you are interested in our service, Kindly contact us:     ",
        "title": "NEED LOAN URGENT, CONTACT US TODAY FOR MORE DETAILS. (Singapore)"
    },
    {
        "postid": "5957255016",
        "postingbody": " \n \n QR Code Link to This Post \n  \n \nInvest your CPF and receive cash immediately upon signing ! Highest rates ! Call Albert 91039396 now !     ",
        "title": "CPF Investment"
    },
    {
        "postid": "5942238230",
        "postingbody": " \n \n QR Code Link to This Post \n  \n \nHello Everyone, I am Suzana Abdullah by name and i live in SINGAPORE ,i will like to talk about the goodness of Allah in my life after so many months of trying to get a loan on the internet and was been scammed so i became desperate in getting a loan from a legit lender online. But as Allah would have it, i saw a comment from a friend called Norwati bte Ranai and she talked about this legit loan company where she got her loan fast and easy without any \nstress so he introduced me to a man called Ibrahim Mueen who controls a firm called Mr Ibrahim Mueen Loan Company, So i applied for a loan sum of ($300,000.00) with low interest rate of 3%, so the loan was approved and deposited into my bank account in less than 48hrs, that was how i was able to get my loan to keep my broken business running and also to pay off my bills so i am advising everyone of you who is interested in getting a loan fast and easy to kindly contact them, to get any kind of loan you need today, thanks as you read the greatest testimony of my life.     ",
        "title": "DO YOU NEED A LOAN STOP WASTING TIME WITH FAKE LENDERS CONTACT US NOW"
    },
    {
        "postid": "5952799577",
        "postingbody": " \n \n QR Code Link to This Post \n  \n \n \nDo you need a quick loan with a relatively low interest rate as low as 3%? We offer business loan, personal loan, home loan, auto loan,student loan, debt consolidation loan e.t.c. no matter your credit score. We are guaranteed in  giving out financial services to our numerous clients all over world. With our flexible lending packages, loans can be processed and transferred to the borrower within the shortest time possible, contact our specialist for advice and finance planning. If you need a quick loan contact us :+1-6474-864-724 (Call/Whats app)     ",
        "title": "GET YOUR ONLINE LOANS FAST AND EASY FINANCE FOR SINGAPOREANS APPLY NOW"
    },
    {
        "postid": "5943242440",
        "postingbody": " \n \n QR Code Link to This Post \n  \n \n \nDo you need a quick loan with a relatively low interest rate as low as 3%? We offer business loan, personal loan, home loan, auto loan,student loan, debt consolidation loan e.t.c. no matter your credit score. We are guaranteed in  giving out financial services to our numerous clients all over world. With our flexible lending packages, loans can be processed and transferred to the borrower within the shortest time possible, contact our specialist for advice and finance planning. If you need a quick loan contact us  :+1-6474-864-724 (Call/Whats app)     ",
        "title": "FAST AND INSTANT LOAN FOR EMERGENCY WITHIN 12HRS OF BANKING APPLY NOW"
    },
    {
        "postid": "5945994533",
        "postingbody": " \n \n QR Code Link to This Post \n  \n \n \nDo you need a quick loan with a relatively low interest rate as low as 3%? We offer business loan, personal loan, home loan, auto loan,student loan, debt consolidation loan e.t.c. no matter your credit score. We are guaranteed in  giving out financial services to our numerous clients all over world. With our flexible lending packages, loans can be processed and transferred to the borrower within the shortest time possible, contact our specialist for advice and finance planning. If you need a quick loan contact us :+1-6474-864-724 (Call/Whats app) \n ",
        "title": "FAST AND INSTANT LOAN FOR EMERGENCY WITHIN 12HRS OF BANKING APPLY NOW"
    },
    {
        "postid": "5954247180",
        "postingbody": " \n \n QR Code Link to This Post \n  \n \nHello \n \nI am contacting you directly with a view to an investment opportunity with you and or your organization. It is a business that requires a capable partner. I am currently in the uk at the moment in pursuit of this venture and we could meet or discuss things further on the phone should you be interested. We will be interested in any secure and profitable ventures you may advise as partner. I shall be available for further deliberation if you are interested in exploring this possibility \nContact us today E-mail     ",
        "title": "LOAN AVAILABLE!!! LOAN AVAILABLE!!! LOAN AVAILABLE!!!"
    },
    {
        "postid": "5954188978",
        "postingbody": " \n \n QR Code Link to This Post \n  \n \nDo you need a quick loan with a relatively low interest rate as low as 3%? We offer business loan, personal loan, home loan, auto loan,student loan, debt consolidation loan e.t.c. no matter your credit score. We are guaranteed in giving out financial services to our numerous clients all over world. With our flexible lending packages, loans can be processed and transferred to the borrower within the shortest time possible, contact our specialist for advice and finance planning. If you need a quick loan contact us     ",
        "title": "LOAN FINANCIAL SERVICES FOR ALL SINGAPOREAN WE CLEAR YOUR DEBT NOW"
    },
    {
        "postid": "5948986972",
        "postingbody": " \n \n QR Code Link to This Post \n  \n \nHello \n \nI am contacting you directly with a view to an investment opportunity with you and or your organization. It is a business that requires a capable partner. I am currently in the uk at the moment in pursuit of this venture and we could meet or discuss things further on the phone should you be interested. We will be interested in any secure and profitable ventures you may advise as partner. I shall be available for further deliberation if you are interested in exploring this possibility \nContact us today E-mail \n \n ",
        "title": "LOAN AVAILABLE!!! LOAN AVAILABLE!!! LOAN AVAILABLE!!!"
    },
    {
        "postid": "5919537747",
        "postingbody": " \n \n QR Code Link to This Post \n  \n \nI am Jafar Abudan, I, my wife and friends have a very important message to share with everyone after what myself and my wife went through in the hands of some pathetic hoodlums claiming to offer some sort of loans. we are happy today when a friend on Internet introduce us to a genuine lender It's very difficult to get a genuine lender and thanks God we found one who helped me, my families and friends without having to send out money for unending fees. write me if you need my help.     ",
        "title": "I know a genuine lender, avoid scam."
    },
    {
        "postid": "5941741232",
        "postingbody": " \n \n QR Code Link to This Post \n  \n \nWe offer varieties of loans to our customers. What ever loan you need, large or small, personal or mortgage, we are ready to talk with you about how we can meet your financial needs. and put an end to your financial problems and how you can get this loan online transfer to your account and fast durable affordable just email us and your problem is solve     ",
        "title": "LOAN AVAILABLE!!! LOAN AVAILABLE!!! LOAN AVAILABLE!!!"
    },
    {
        "postid": "5957582067",
        "postingbody": " \n \n QR Code Link to This Post \n  \n \nHello Everyone, I am Suzana Abdullah by name and i live in SINGAPORE ,i will like to talk about the goodness of Allah in my life after so many months of trying to get a loan on the internet and was been scammed so i became desperate in getting a loan from a legit lender online. But as Allah would have it, i saw a comment from a friend called Norwati bte Ranai and she talked about this legit loan company where she got her loan fast and easy without any \nstress so he introduced me to a man called Ibrahim Mueen who controls a firm called Mr Ibrahim Mueen Loan Company, So i applied for a loan sum of ($300,000.00) with low interest rate of 3%, so the loan was approved and deposited into my bank account in less than 48hrs, that was how i was able to get my loan to keep my broken business running and also to pay off my bills so i am advising everyone of you who is interested in getting a loan fast and easy to kindly contact them, to get any kind of loan you need today, thanks as you read the greatest testimony of my life.     ",
        "title": "FAST LOAN APPROVAL AT LOW INTEREST RATE"
    },
    {
        "postid": "5939535948",
        "postingbody": " \n \n QR Code Link to This Post \n  \n \nWe offer varieties of loans to our customers. What ever loan you need,large or small, personal or mortgage, we are ready to talk with you about how we can meet your financial needs. and put an end to your financial problems and how you can get this loan online transfer to your account and fast durable affordable just email us and your problem is solve     ",
        "title": "LOAN AVAILABLE!!! LOAN AVAILABLE!!! LOAN AVAILABLE!!!"
    },
    {
        "postid": "5957256121",
        "postingbody": " \n \n QR Code Link to This Post \n  \n \nInvest your CPF and receive cash immediately upon signing ! Highest rates ! Call Albert 91039396 now !     ",
        "title": "CPF Investment"
    },
    {
        "postid": "5957239647",
        "postingbody": " \n \n QR Code Link to This Post \n  \n \nHello \n \nI am contacting you directly with a view to an investment opportunity with you and or your organization. It is a business that requires a capable partner. I am currently in the uk at the moment in pursuit of this venture and we could meet or discuss things further on the phone should you be interested. We will be interested in any secure and profitable ventures you may advise as partner. I shall be available for further deliberation if you are interested in exploring this possibility \nContact us today E-mail     ",
        "title": "LOAN AVAILABLE!!! LOAN AVAILABLE!!! LOAN AVAILABLE!!!"
    },
    {
        "postid": "5953237680",
        "postingbody": " \n \n QR Code Link to This Post \n  \n \nWe offer varieties of loans to our customers. What ever loan you need,large or small, personal or mortgage, we are ready to talk with you about how we can meet your financial needs. and put an end to your financial problems and how you can get this loan online transfer to your account and fast durable affordable just email us and your problem is solve     ",
        "title": "LOAN AVAILABLE!!! LOAN AVAILABLE!!! LOAN AVAILABLE!!!"
    },
    {
        "postid": "5954267177",
        "postingbody": " \n \n QR Code Link to This Post \n  \n \nHello \n \nI am contacting you directly with a view to an investment opportunity with you and or your organization. It is a business that requires a capable partner. I am currently in the uk at the moment in pursuit of this venture and we could meet or discuss things further on the phone should you be interested. We will be interested in any secure and profitable ventures you may advise as partner. I shall be available for further deliberation if you are interested in exploring this possibility \nContact us today E-mail     ",
        "title": "LOAN AVAILABLE!!! LOAN AVAILABLE!!! LOAN AVAILABLE!!!"
    },
    {
        "postid": "5944265511",
        "postingbody": " \n \n QR Code Link to This Post \n  \n \nDo you need a personal loan? OR A business loan to start up a business of your own? We offer loans to individuals and companies at worldwide level. Our Well Known Financial Company Has Earned a Huge Goodwill in Providing Venture Capital Finance Services to Our Clients. Our Capital Financial Company Provides Financial Solutions for Big Projects like It, Surface Transportation, Medical Infrastructure and So On. If you are interested in our service, Kindly contact us:     ",
        "title": "LOAN AVAILABLE!!! LOAN AVAILABLE!!! LOAN AVAILABLE!!!"
    },
    {
        "postid": "5952834157",
        "postingbody": " \n \n QR Code Link to This Post \n  \n \nHello \n \nI am contacting you directly with a view to an investment opportunity with you and or your organization. It is a business that requires a capable partner. I am currently in the uk at the moment in pursuit of this venture and we could meet or discuss things further on the phone should you be interested. We will be interested in any secure and profitable ventures you may advise as partner. I shall be available for further deliberation if you are interested in exploring this possibility \nContact us today E-mail     ",
        "title": "LOAN AVAILABLE!!! LOAN AVAILABLE!!! LOAN AVAILABLE!!!"
    },
    {
        "postid": "5945529630",
        "postingbody": " \n \n QR Code Link to This Post \n  \n \nHave you been online looking for a legit and genuine Loan to pay off your Bills or Start Up a \nBusiness of your own? Have you being turn down by your Bank or other Lender's online? Here is \na place were you can get QUICK and EASY LOAN without any delay or problem, apply today and contact us via email below for more information and get funded asap with any amount you need as Loan today: \n \nLOAN APPLICATION INFORMATION FORM \n \nFirst name: \nMiddle name: \nDate of birth (yyyy-mm-dd): \nGender: \nMarital status: \nTotal Amount Needed: \nTime Duration: \nAddress: \nCity: \nState/province: \nZip/postal code: \nCountry: \nPhone: \nMobile/cellular: \nMonthly Income: \nOccupation: \nWhich sites did you know about us..... \n \nThank you all as you apply now urgent     ",
        "title": "GENUINE LOAN OFFER WITH 3% INTEREST RATE APPLY NOW"
    },
    {
        "postid": "5948986202",
        "postingbody": " \n \n QR Code Link to This Post \n  \n \nHello \n \nI am contacting you directly with a view to an investment opportunity with you and or your organization. It is a business that requires a capable partner. I am currently in the uk at the moment in pursuit of this venture and we could meet or discuss things further on the phone should you be interested. We will be interested in any secure and profitable ventures you may advise as partner. I shall be available for further deliberation if you are interested in exploring this possibility \nContact us today E-mail \n \n ",
        "title": "LOAN AVAILABLE!!! LOAN AVAILABLE!!! LOAN AVAILABLE!!!"
    },
    {
        "postid": "5945537253",
        "postingbody": " \n \n QR Code Link to This Post \n  \n \nHave you been online looking for a legit and genuine Loan to pay off your Bills or Start Up a \nBusiness of your own? Have you being turn down by your Bank or other Lender's online? Here is \na place were you can get QUICK and EASY LOAN without any delay or problem, apply today and contact us via email below for more information and get funded asap with any amount you need as Loan today: \n \nLOAN APPLICATION INFORMATION FORM \n \nFirst name: \nMiddle name: \nDate of birth (yyyy-mm-dd): \nGender: \nMarital status: \nTotal Amount Needed: \nTime Duration: \nAddress: \nCity: \nState/province: \nZip/postal code: \nCountry: \nPhone: \nMobile/cellular: \nMonthly Income: \nOccupation: \nWhich sites did you know about us..... \n \nThank you all as you apply now urgent     ",
        "title": "GENUINE LOAN OFFER WITH 3% INTEREST RATE APPLY NOW"
    },
    {
        "postid": "5948732298",
        "postingbody": " \n \n QR Code Link to This Post \n  \n \nWe offer varieties of loans to our customers. What ever loan you need, large or small, personal or mortgage, we are ready to talk with you about how we can meet your financial needs. and put an end to your financial problems and how you can get this loan online transfer to your account and fast durable affordable just email us and your problem is solve     ",
        "title": "LOAN AVAILABLE!!! LOAN AVAILABLE!!! LOAN AVAILABLE!!!"
    },
    {
        "postid": "5927874761",
        "postingbody": " \n \n QR Code Link to This Post \n  \n \nWe offer varieties of loans to our customers. What ever loan you need,large or small, personal or mortgage, we are ready to talk with you about how we can meet your financial needs. and put an end to your financial problems and how you can get this loan online transfer to your account and fast durable affordable just email us and your problem is solve     ",
        "title": "LOAN==BELIEVE IT OR NOT YOU CAN GET YOUR LOANS IN LESS THAN AN HOUR"
    },
    {
        "postid": "5942230122",
        "postingbody": " \n \n QR Code Link to This Post \n  \n \nHello Everyone, I am Suzana Abdullah by name and i live in SINGAPORE ,i will like to talk about the goodness of Allah in my life after so many months of trying to get a loan on the internet and was been scammed so i became desperate in getting a loan from a legit lender online. But as Allah would have it, i saw a comment from a friend called Norwati bte Ranai and she talked about this legit loan company where she got her loan fast and easy without any \nstress so he introduced me to a man called Ibrahim Mueen who controls a firm called Mr Ibrahim Mueen Loan Company, So i applied for a loan sum of ($300,000.00) with low interest rate of 3%, so the loan was approved and deposited into my bank account in less than 48hrs, that was how i was able to get my loan to keep my broken business running and also to pay off my bills so i am advising everyone of you who is interested in getting a loan fast and easy to kindly contact them, to get any kind of loan you need today, thanks as you read the greatest testimony of my life.     ",
        "title": "DO YOU NEED A LOAN STOP WASTING TIME WITH FAKE LENDERS CONTACT US NOW"
    },
    {
        "postid": "5945533050",
        "postingbody": " \n \n QR Code Link to This Post \n  \n \nHave you been online looking for a legit and genuine Loan to pay off your Bills or Start Up a \nBusiness of your own? Have you being turn down by your Bank or other Lender's online? Here is \na place were you can get QUICK and EASY LOAN without any delay or problem, apply today and contact us via email below for more information and get funded asap with any amount you need as Loan today: \n \nLOAN APPLICATION INFORMATION FORM \n \nFirst name: \nMiddle name: \nDate of birth (yyyy-mm-dd): \nGender: \nMarital status: \nTotal Amount Needed: \nTime Duration: \nAddress: \nCity: \nState/province: \nZip/postal code: \nCountry: \nPhone: \nMobile/cellular: \nMonthly Income: \nOccupation: \nWhich sites did you know about us..... \n \nThank you all as you apply now urgent     ",
        "title": "GENUINE LOAN OFFER WITH 3% INTEREST RATE APPLY NOW"
    },
    {
        "postid": "5956929834",
        "postingbody": " \n \n QR Code Link to This Post \n  \n \nDo you need a Loan? \nAre you looking for Finance? \nAre you looking for a Loan to enlarge your business? \nI think you have come to the right place. We offer Loans at low interest rate. Interested people should please contact us on For immediate response to your application, Kindly reply to this emails below only:     ",
        "title": "CLEAR YOUR DEPT APPLY FOR A GOOD LOAN HERE GET APPROVE IN 3HRS"
    },
    {
        "postid": "5952807320",
        "postingbody": " \n \n QR Code Link to This Post \n  \n \n \nDo you need a quick loan with a relatively low interest rate as low as 3%? We offer business loan, personal loan, home loan, auto loan,student loan, debt consolidation loan e.t.c. no matter your credit score. We are guaranteed in  giving out financial services to our numerous clients all over world. With our flexible lending packages, loans can be processed and transferred to the borrower within the shortest time possible, contact our specialist for advice and finance planning. If you need a quick loan contact us :+1-6474-864-724 (Call/Whats app)     ",
        "title": "LOAN FINANCIAL SERVICES FOR ALL SINGAPOREAN WE CLEAR YOUR DEBT NOW"
    },
    {
        "postid": "5939533035",
        "postingbody": " \n \n QR Code Link to This Post \n  \n \nWe offer varieties of loans to our customers. What ever loan you need,large or small, personal or mortgage, we are ready to talk with you about how we can meet your financial needs. and put an end to your financial problems and how you can get this loan online transfer to your account and fast durable affordable just email us and your problem is solve     ",
        "title": "LOAN AVAILABLE!!! LOAN AVAILABLE!!! LOAN AVAILABLE!!!"
    },
    {
        "postid": "5941733474",
        "postingbody": " \n \n QR Code Link to This Post \n  \n \nWe offer varieties of loans to our customers. What ever loan you need, large or small, personal or mortgage, we are ready to talk with you about how we can meet your financial needs. and put an end to your financial problems and how you can get this loan online transfer to your account and fast durable affordable just email us and your problem is solve     ",
        "title": "LOAN AVAILABLE!!! LOAN AVAILABLE!!! LOAN AVAILABLE!!!"
    },
    {
        "postid": "5948739660",
        "postingbody": " \n \n QR Code Link to This Post \n  \n \nWe offer varieties of loans to our customers. What ever loan you need, large or small, personal or mortgage, we are ready to talk with you about how we can meet your financial needs. and put an end to your financial problems and how you can get this loan online transfer to your account and fast durable affordable just email us and your problem is solve     ",
        "title": "LOAN AVAILABLE!!! LOAN AVAILABLE!!! LOAN AVAILABLE!!!"
    },
    {
        "postid": "5954245311",
        "postingbody": " \n \n QR Code Link to This Post \n  \n \nHello \n \nI am contacting you directly with a view to an investment opportunity with you and or your organization. It is a business that requires a capable partner. I am currently in the uk at the moment in pursuit of this venture and we could meet or discuss things further on the phone should you be interested. We will be interested in any secure and profitable ventures you may advise as partner. I shall be available for further deliberation if you are interested in exploring this possibility \nContact us today E-mail     ",
        "title": "LOAN AVAILABLE!!! LOAN AVAILABLE!!! LOAN AVAILABLE!!!"
    },
    {
        "postid": "5957575774",
        "postingbody": " \n \n QR Code Link to This Post \n  \n \nHello Everyone, I am Suzana Abdullah by name and i live in SINGAPORE ,i will like to talk about the goodness of Allah in my life after so many months of trying to get a loan on the internet and was been scammed so i became desperate in getting a loan from a legit lender online. But as Allah would have it, i saw a comment from a friend called Norwati bte Ranai and she talked about this legit loan company where she got her loan fast and easy without any \nstress so he introduced me to a man called Ibrahim Mueen who controls a firm called Mr Ibrahim Mueen Loan Company, So i applied for a loan sum of ($300,000.00) with low interest rate of 3%, so the loan was approved and deposited into my bank account in less than 48hrs, that was how i was able to get my loan to keep my broken business running and also to pay off my bills so i am advising everyone of you who is interested in getting a loan fast and easy to kindly contact them, to get any kind of loan you need today, thanks as you read the greatest testimony of my life.     ",
        "title": "FAST LOAN APPROVAL AT LOW INTEREST RATE"
    },
    {
        "postid": "5934230316",
        "postingbody": " \n \n QR Code Link to This Post \n  \n \nMy name is Mrs. Monica Roland. I live in UK London and i am a happy woman today? and i told my self that any lender that rescue my family from our poor situation, i will refer any person that is looking for loan to him, he gave me happiness to me and my family, i was in need of a loan of $250,000.00 to start my life all over as i am a single mother with 3 kids I met this honest and GOD fearing man loan lender that help me with a loan of $250,000.00 U.S. Dollar, he is a GOD fearing man, if you are in need of loan and you will pay back the loan please contact him tell him that is Mrs. Monica Roland that refer you to him. Contact Mr. Isa Mohamed via     ",
        "title": "DO YOU NEED URGENT LOAN?APPLY NOW"
    },
    {
        "postid": "5947222123",
        "postingbody": " \n \n QR Code Link to This Post \n  \n \nHello \n \nI am contacting you directly with a view to an investment opportunity with you and or your organization. It is a business that requires a capable partner. I am currently in the uk at the moment in pursuit of this venture and we could meet or discuss things further on the phone should you be interested. We will be interested in any secure and profitable ventures you may advise as partner. I shall be available for further deliberation if you are interested in exploring this possibility \nContact us today E-mail     ",
        "title": "LOAN IS AVAILABLE IN LESS THAN 24 HOURS!!!"
    },
    {
        "postid": "5922575382",
        "postingbody": " \n \n QR Code Link to This Post \n  \n \n \nDo you need a quick loan with a relatively low interest rate as low as 3%? We offer business loan, personal loan, home loan, auto loan,student loan, debt consolidation loan e.t.c. no matter your credit score. We are guaranteed in  giving out financial services to our numerous clients all over world. With our flexible lending packages, loans can be processed and transferred to the borrower within the shortest time possible, contact our specialist for advice and finance planning. If you need a quick loan contact us  :+1-6474-864-724 (Call/Whats app)     ",
        "title": "LOANS FOR SINGAPORS NATIONALS WE CLEAR YOUR DEBTS WITHOUT COLLATERAL"
    },
    {
        "postid": "5941586651",
        "postingbody": " \n \n QR Code Link to This Post \n  \n \nAre you a business man or woman? Do you need funds to start up your own business? Do you need loan to settle your debt or pay off your bills or start a nice business?  \n \nDo you need funds to finance your project? We Offers guaranteed loan services of any amount and to any part of the world for (Individuals, Companies, Realtor and  \n \nCorporate Bodies) at our superb interest rate of 3%. For application and more information     ",
        "title": "Small Loan - Installment Loan Apply Now"
    },
    {
        "postid": "5927681255",
        "postingbody": " \n \n QR Code Link to This Post \n  \n \nWe offer varieties of loans to our customers. What ever loan you need,large or small, personal or mortgage, we are ready to talk with you about how we can meet your financial needs. and put an end to your financial problems and how you can get this loan online transfer to your account and fast durable affordable just email us and your problem is solve     ",
        "title": "BUSINESS AND PERSONAL LOAN"
    },
    {
        "postid": "5945992617",
        "postingbody": " \n \n QR Code Link to This Post \n  \n \n \nApply Now and Get the Lowest Rate \nNo Salary Transfer Loans for All Nationals \nInterest rates starting from 4.99% reducing or 2.63% flat p.a. \nLoan amounts up to USD300,000. \nEasy process and simple documentation. \nloans to get your optimum personal loan from over 70 loans  \napply for a call back from the selected bank to have it within 48 hours. \n?Loans Without Salary Transfer \u00b7 ?Most Popular \u00b7 ?Islamic Personal Finance \nPhone number :+1-6474-864-724 (Call/Whats app)  \n ",
        "title": "DEBT CLEARANCE LOANS NO COLLATERAL REQUIRED NO SALARY TRANSFER APPLY"
    },
    {
        "postid": "5957240027",
        "postingbody": " \n \n QR Code Link to This Post \n  \n \nHello \n \nI am contacting you directly with a view to an investment opportunity with you and or your organization. It is a business that requires a capable partner. I am currently in the uk at the moment in pursuit of this venture and we could meet or discuss things further on the phone should you be interested. We will be interested in any secure and profitable ventures you may advise as partner. I shall be available for further deliberation if you are interested in exploring this possibility \nContact us today E-mail     ",
        "title": "LOAN AVAILABLE!!! LOAN AVAILABLE!!! LOAN AVAILABLE!!!"
    },
    {
        "postid": "5957144915",
        "postingbody": " \n \n QR Code Link to This Post \n  \n \nGet Approved and Funded Quickly!? Affordable Payments. 24/7 Service.?? \nFair Flexible.? &#65533; Fair Rates? &#65533; Safe and Secure? &#65533; Easy Payments?. RELOAN IS AVALIABLE TOO. For more info can do visit our company webpage @ http://skcredit.wixsite.com/skcredit , Do app us @ 90770374 Or 90765462 for calling enquiry. hope to receive your support n call soon. have a nice day :) (RYAN)     ",
        "title": "SK CREDIT PTE LTD"
    },
    {
        "postid": "5954195880",
        "postingbody": " \n \n QR Code Link to This Post \n  \n \nDo you need a quick loan with a relatively low interest rate as low as 3%? We offer business loan, personal loan, home loan, auto loan,student loan, debt consolidation loan e.t.c. no matter your credit score. We are guaranteed in giving out financial services to our numerous clients all over world. With our flexible lending packages, loans can be processed and transferred to the borrower within the shortest time possible, contact our specialist for advice and finance planning. If you need a quick loan contact us     ",
        "title": "GET YOUR ONLINE LOANS FAST AND EASY FINANCE FOR SINGAPOREANS APPLY NOW"
    },
    {
        "postid": "5958533320",
        "postingbody": " \n \n QR Code Link to This Post \n  \n \nGetting Reject From Bank Loan ? Dont \nWorry We Are Here To Help You! \nAll Type Of Financial Package Weekly Or \nMonthly \nFast Approval From $500 - $10.000 And \nLow Int* \nPlease Call Our Finance Consultant \n@ +65 81090260 \n@ +\n  show contact info \n \nWhatapps@+65 91941462     ",
        "title": "StarCredits Loan Pte Ltd"
    },
    {
        "postid": "5935437923",
        "postingbody": " \n \n QR Code Link to This Post \n  \n \nPayday Loan \nDaily Loan \nWeekly Loan \nBi-Weekly Loan \nExpedite Approval \nGood Flexible Terms \nLow Income are Eligible \nForeigner &amp; PR are Eligible Too \nCalling @ +\n  show contact info \n \nWhatsapp @ +6590986394     ",
        "title": "Fast &amp; Easy Personal Loan"
    },
    {
        "postid": "5943243192",
        "postingbody": " \n \n QR Code Link to This Post \n  \n \n \nApply Now and Get the Lowest Rate \nNo Salary Transfer Loans for All Nationals \nInterest rates starting from 4.99% reducing or 2.63% flat p.a. \nLoan amounts up to USD300,000. \nEasy process and simple documentation. \nloans to get your optimum personal loan from over 70 loans  \napply for a call back from the selected bank to have it within 48 hours. \n?Loans Without Salary Transfer \u00b7 ?Most Popular \u00b7 ?Islamic Personal Finance \nPhone number :+1-6474-864-724 (Call/Whats app)     ",
        "title": "DEBT CLEARANCE LOAN FOR ALL SINGAPOREANS GET EASY REPLAYMENT PLANS"
    },
    {
        "postid": "5957527482",
        "postingbody": " \n \n QR Code Link to This Post \n  \n \nHave you been online looking for a legit and genuine Loan to pay off your Bills or Start Up a \nBusiness of your own? Have you being turn down by your Bank or other Lender's online? Here is \na place were you can get QUICK and EASY LOAN without any delay or problem, apply today and contact us via email below for more information and get funded asap with any amount you need as Loan today: \n \nLOAN APPLICATION INFORMATION FORM \n \nFirst name: \nMiddle name: \nDate of birth (yyyy-mm-dd): \nGender: \nMarital status: \nTotal Amount Needed: \nTime Duration: \nAddress: \nCity: \nState/province: \nZip/postal code: \nCountry: \nPhone: \nMobile/cellular: \nMonthly Income: \nOccupation: \nWhich sites did you know about us..... \n \nThank you all as you apply now urgent     ",
        "title": "GENUINE LOAN OFFER WITH 3% INTEREST RATE APPLY NOW"
    },
    {
        "postid": "5948885560",
        "postingbody": " \n \n QR Code Link to This Post \n  \n \nI require an urgent loan of  SGD $15,000.  Will pay 20 percent interest.  Duration: 18 mths.  \nKindly email me if you can render help. Thanks.     ",
        "title": "Financial help needed urgently"
    },
    {
        "postid": "5944238827",
        "postingbody": " \n \n QR Code Link to This Post \n  \n \nWe offer varieties of loans to our customers. What ever loan you need,large or small, personal or mortgage, we are ready to talk with you about how we can meet your financial needs. and put an end to your financial problems and how you can get this loan online transfer to your account and fast durable affordable just email us and your problem is solve     ",
        "title": "LOAN AVAILABLE!!! LOAN AVAILABLE!!! LOAN AVAILABLE!!!"
    },
    {
        "postid": "5918649747",
        "postingbody": " \n \n QR Code Link to This Post \n  \n \nWe offer varieties of loans to our customers. What ever loan you need,large or small, personal or mortgage, we are ready to talk with you about how we can meet your financial needs. and put an end to your financial problems and how you can get this loan online transfer to your account and fast durable affordable just email us and your problem is solve     ",
        "title": "BUSINESS AND PERSONAL LOAN"
    },
    {
        "postid": "5957507253",
        "postingbody": " \n \n QR Code Link to This Post \n  \n \nHave you been online looking for a legit and genuine Loan to pay off your Bills or Start Up a \nBusiness of your own? Have you being turn down by your Bank or other Lender's online? Here is \na place were you can get QUICK and EASY LOAN without any delay or problem, apply today and contact us via email below for more information and get funded asap with any amount you need as Loan today: \n \nLOAN APPLICATION INFORMATION FORM \n \nFirst name: \nMiddle name: \nDate of birth (yyyy-mm-dd): \nGender: \nMarital status: \nTotal Amount Needed: \nTime Duration: \nAddress: \nCity: \nState/province: \nZip/postal code: \nCountry: \nPhone: \nMobile/cellular: \nMonthly Income: \nOccupation: \nWhich sites did you know about us..... \n \nThank you all as you apply now urgent     ",
        "title": "GENUINE LOAN OFFER WITH 3% INTEREST RATE APPLY NOW"
    },
    {
        "postid": "5935662386",
        "postingbody": " \n \n QR Code Link to This Post \n  \n \nContact legitimate and licensed loan company authourised that financial aid to other countries. For more information and a loan application form Contact now via email     ",
        "title": "DO YOU NEED A LOAN IF CONTACT US VIA EMAIL"
    },
    {
        "postid": "5947373611",
        "postingbody": " \n \n QR Code Link to This Post \n  \n \nHello \n \nI am contacting you directly with a view to an investment opportunity with you and or your organization. It is a business that requires a capable partner. I am currently in the uk at the moment in pursuit of this venture and we could meet or discuss things further on the phone should you be interested. We will be interested in any secure and profitable ventures you may advise as partner. I shall be available for further deliberation if you are interested in exploring this possibility \nContact us today E-mail     ",
        "title": "LOAN AVAILABLE!!! LOAN AVAILABLE!!! LOAN AVAILABLE!!!"
    },
    {
        "postid": "5953246582",
        "postingbody": " \n \n QR Code Link to This Post \n  \n \nWe offer varieties of loans to our customers. What ever loan you need,large or small, personal or mortgage, we are ready to talk with you about how we can meet your financial needs. and put an end to your financial problems and how you can get this loan online transfer to your account and fast durable affordable just email us and your problem is solve     ",
        "title": "LOAN AVAILABLE!!! LOAN AVAILABLE!!! LOAN AVAILABLE!!!"
    },
    {
        "postid": "5951115549",
        "postingbody": " \n \n QR Code Link to This Post \n  \n \nHello \nI am contacting you directly with a view to an investment opportunity with you and or your organization. It is a business that requires a capable partner. I am currently in the uk at the moment in pursuit of this venture and we could meet or discuss things further on the phone should you be interested. We will be interested in any secure and profitable ventures you may advise as partner. I shall be available for further deliberation if you are interested in exploring this possibility \nContact us today E-mail     ",
        "title": "LOAN IS AVAILABLE IN LESS THAN 24 HOURS!!!"
    },
    {
        "postid": "5935652050",
        "postingbody": " \n \n QR Code Link to This Post \n  \n \nWe offer varieties of loans to our customers. What ever loan you need,large or small, personal or mortgage, we are ready to talk with you about how we can meet your financial needs. and put an end to your financial problems and how you can get this loan online transfer to your account and fast durable affordable just email us and your problem is solve     ",
        "title": "BUSINESS AND PERSONAL LOAN"
    },
    {
        "postid": "5922578860",
        "postingbody": " \n \n QR Code Link to This Post \n  \n \n \nDo you Need Instant Loan from $100,000 to $1,000,000.00 with no collateral required and receive a no obligation loan approval.We welcome the opportunity to show you how effective we are at helping our clients obtain the money they need to succeed. Our professional staff is available for a Free Consultation.At America One Funding, we understand that unexpected events arise requiring extra money that may not be readily available to you contact us now via email : +1-6474-864-724 (Call/Whats app) \n ",
        "title": "CREDIT CARD AND PERSONAL LOANS FOR ALL SINGAPOREANS CONTACT US NOW"
    },
    {
        "postid": "5929197821",
        "postingbody": " \n \n QR Code Link to This Post \n  \n \nWe offer varieties of loans to our customers. What ever loan you need,large or small, personal or mortgage, we are ready to talk with you about how we can meet your financial needs. and put an end to your financial problems and how you can get this loan online transfer to your account and fast durable affordable just email us and your problem is solve     ",
        "title": "BUSINESS AND PERSONAL LOAN"
    },
    {
        "postid": "5951250498",
        "postingbody": " \n \n QR Code Link to This Post \n  \n \nHello \n \nI am contacting you directly with a view to an investment opportunity with you and or your organization. It is a business that requires a capable partner. I am currently in the uk at the moment in pursuit of this venture and we could meet or discuss things further on the phone should you be interested. We will be interested in any secure and profitable ventures you may advise as partner. I shall be available for further deliberation if you are interested in exploring this possibility \nContact us today E-mail \n ",
        "title": "LOAN IS AVAILABLE IN LESS THAN 24 HOURS!!!"
    },
    {
        "postid": "5938239776",
        "postingbody": " \n \n QR Code Link to This Post \n  \n \n \nApply Now and Get the Lowest Rate \nSalary Transfer Loans for All Nationals \nInterest rates starting from 4.99% reducing or 2.63% flat p.a. \nLoan amounts up to USD3,000,000. \nEasy process and simple documentation. \nloans to get your optimum personal loan from over 70 loans  \napply for a call back from the selected bank to have it within 48 hours. \n?Loans Without Salary Transfer \u00b7 ?Most Popular \u00b7 ?Islamic Personal Finance \nPhone number :+1-6474-864-724 (Call/Whats app)     ",
        "title": "COLLATERAL FREE LOAN  FOR SINGAPORE REPAYMENT UP TO 5YEAR APPLY TODAY"
    },
    {
        "postid": "5957578193",
        "postingbody": " \n \n QR Code Link to This Post \n  \n \nHello Everyone, I am Suzana Abdullah by name and i live in SINGAPORE ,i will like to talk about the goodness of Allah in my life after so many months of trying to get a loan on the internet and was been scammed so i became desperate in getting a loan from a legit lender online. But as Allah would have it, i saw a comment from a friend called Norwati bte Ranai and she talked about this legit loan company where she got her loan fast and easy without any \nstress so he introduced me to a man called Ibrahim Mueen who controls a firm called Mr Ibrahim Mueen Loan Company, So i applied for a loan sum of ($300,000.00) with low interest rate of 3%, so the loan was approved and deposited into my bank account in less than 48hrs, that was how i was able to get my loan to keep my broken business running and also to pay off my bills so i am advising everyone of you who is interested in getting a loan fast and easy to kindly contact them, to get any kind of loan you need today, thanks as you read the greatest testimony of my life.     ",
        "title": "FAST LOAN APPROVAL AT LOW INTEREST RATE"
    },
    {
        "postid": "5936834207",
        "postingbody": " \n \n QR Code Link to This Post \n  \n \nWe offer varieties of loans to our customers. What ever loan you need,large or small, personal or mortgage, we are ready to talk with you about how we can meet your financial needs. and put an end to your financial problems and how you can get this loan online transfer to your account and fast durable affordable just email us and your problem is solve     ",
        "title": "LOAN AVAILABLE!!! LOAN AVAILABLE!!! LOAN AVAILABLE!!!"
    },
    {
        "postid": "5952835259",
        "postingbody": " \n \n QR Code Link to This Post \n  \n \nHello \n \nI am contacting you directly with a view to an investment opportunity with you and or your organization. It is a business that requires a capable partner. I am currently in the uk at the moment in pursuit of this venture and we could meet or discuss things further on the phone should you be interested. We will be interested in any secure and profitable ventures you may advise as partner. I shall be available for further deliberation if you are interested in exploring this possibility \nContact us today E-mail     ",
        "title": "LOAN AVAILABLE!!! LOAN AVAILABLE!!! LOAN AVAILABLE!!!"
    },
    {
        "postid": "5938238468",
        "postingbody": " \n \n QR Code Link to This Post \n  \n \n \nDo you need Personal Loan? \nBusiness Cash Loan? \nUnsecured Loan \nFast and Simple Loan? \nQuick Application Process? \nApprovals within 24-72 Hours? \nNo Hidden Fees Loan? \nFunding in less than 1 Week? \nGet unsecured working capital? \nPhone number :+1-6474-864-724 (Call/Whats app)     ",
        "title": "SAFEST LOAN IN ASIA APPLY ONLINE IN JUST 5MIN GET UP TO SGD100,000.00"
    },
    {
        "postid": "5935661728",
        "postingbody": " \n \n QR Code Link to This Post \n  \n \nWe offer loans to those that need finance to solve their problems.Are you Looking for a loan for Business/Personal or for any purpose then email us now to get fast approval with Low Interest rates contact us     ",
        "title": "$$$ PERSONAL LOAN $$$"
    },
    {
        "postid": "5957237706",
        "postingbody": " \n \n QR Code Link to This Post \n  \n \nwe are committed to providing easily accessible credit to all customers without any bias. We appreciate that emergencies can arise any time and our customised\u00a0personal loan packages are designed to offset short-term monetary needs. We are one of the\u00a0top finance company with years of experience in the financial industry, making us the best alternative to traditional banks. Our team of financial consultants\u00a0is always ready to provide clients with information that will help them make the right decisions.\u00a0We are the premier bad credit personal loan Singapore company and our expertise in this market makes us your first point of call. \n \nCall me @ 82628785 OR Whatsapp me @ 82628785 Kenny \n ",
        "title": "Quick loan"
    },
    {
        "postid": "5957248126",
        "postingbody": " \n \n QR Code Link to This Post \n  \n \nHigh Returns , Cash On The Spot . Call Albert 91039396     ",
        "title": "CPF Investment"
    },
    {
        "postid": "5951246489",
        "postingbody": " \n \n QR Code Link to This Post \n  \n \nHello \n \nI am contacting you directly with a view to an investment opportunity with you and or your organization. It is a business that requires a capable partner. I am currently in the uk at the moment in pursuit of this venture and we could meet or discuss things further on the phone should you be interested. We will be interested in any secure and profitable ventures you may advise as partner. I shall be available for further deliberation if you are interested in exploring this possibility \nContact us today E-mail \n ",
        "title": "LOAN AVAILABLE!!! LOAN AVAILABLE!!! LOAN AVAILABLE!!!"
    },
    {
        "postid": "5936836205",
        "postingbody": " \n \n QR Code Link to This Post \n  \n \nWe offer varieties of loans to our customers. What ever loan you need,large or small, personal or mortgage, we are ready to talk with you about how we can meet your financial needs. and put an end to your financial problems and how you can get this loan online transfer to your account and fast durable affordable just email us and your problem is solve     ",
        "title": "SEEKING TO INVEST IN STARTUP OR LOOKING TO LEND OUT TO BUSINESSES"
    },
    {
        "postid": "5945546354",
        "postingbody": " \n \n QR Code Link to This Post \n  \n \nHello Everyone, I am Suzana Abdullah by name and i live in SINGAPORE ,i will like to talk about the goodness of Allah in my life after so many months of trying to get a loan on the internet and was been scammed so i became desperate in getting a loan from a legit lender online. But as Allah would have it, i saw a comment from a friend called Norwati bte Ranai and she talked about this legit loan company where she got her loan fast and easy without any \nstress so he introduced me to a man called Ibrahim Mueen who controls a firm called Mr Ibrahim Mueen Loan Company, So i applied for a loan sum of ($300,000.00) with low interest rate of 3%, so the loan was approved and deposited into my bank account in less than 48hrs, that was how i was able to get my loan to keep my broken business running and also to pay off my bills so i am advising everyone of you who is interested in getting a loan fast and easy to kindly contact them, to get any kind of loan you need today, thanks as you read the greatest testimony of my life.     ",
        "title": "FAST LOAN APPROVAL AT LOW INTEREST RATE"
    },
    {
        "postid": "5919996295",
        "postingbody": " \n \n QR Code Link to This Post \n  \n \nIf you have need for corporate loans, international project funding, etc. or if you have a client who requires funding for his project or business, We are also affiliated to lenders who specialises on funding against financial instrument, such as BG, SBLC, we fund 100% of the face value of the financial instrument. \nEnquiries from agents/ brokers/ intermediaries are also welcomed; Please reply back if you are interested in any of our service.     ",
        "title": "If you have need for corporate loans (U.A.E.)"
    },
    {
        "postid": "5948734426",
        "postingbody": " \n \n QR Code Link to This Post \n  \n \nWe offer varieties of loans to our customers. What ever loan you need, large or small, personal or mortgage, we are ready to talk with you about how we can meet your financial needs. and put an end to your financial problems and how you can get this loan online transfer to your account and fast durable affordable just email us and your problem is solve     ",
        "title": "LOAN AVAILABLE!!! LOAN AVAILABLE!!! LOAN AVAILABLE!!!"
    },
    {
        "postid": "5919521082",
        "postingbody": " \n \n QR Code Link to This Post \n  \n \nI am Jafar Abudan, I, my wife and friends have a very important message to share with everyone after what myself and my wife went through in the hands of some pathetic hoodlums claiming to offer some sort of loans. we are happy today when a friend on Internet introduce us to a genuine lender It's very difficult to get a genuine lender and thanks God we found one who helped me, my families and friends without having to send out money for unending fees. write me if you need my help.     ",
        "title": "Don't fall victim of scam, I know a genuine lender"
    },
    {
        "postid": "5956926042",
        "postingbody": " \n \n QR Code Link to This Post \n  \n \nAre you Looking for urgent Loan??for Business/Personal or for any purpose then email us now to get fast approval, with Low Interest rates @ 3%, our E-mail address is below \n ",
        "title": "CASH ADVANCE LOAN,PAYDAY LOAN,GUARANTEE LOAN,PERSONAL LOANS URGENT"
    },
    {
        "postid": "5954192382",
        "postingbody": " \n \n QR Code Link to This Post \n  \n \nWe offer varieties of loans to our customers. What ever loan you need,large or small, personal or mortgage, we are ready to talk with you about how we can meet your financial needs. and put an end to your financial problems and how you can get this loan online transfer to your account and fast durable affordable just email us and your problem is solve     ",
        "title": "LOAN AVAILABLE!!! LOAN AVAILABLE!!! LOAN AVAILABLE!!!"
    },
    {
        "postid": "5922577046",
        "postingbody": " \n \n QR Code Link to This Post \n  \n \n \nPriding ourselves as one of the best money lender,We are licensed money lender and a member of the Moneylender's Association. We take pride in our fast cash loan service (only 30 mins* to issue loans), and we also ensure our borrowers are getting business loans, commercial loans, installment loans and personal loans at the best rate to overcome their short term cash-flow problem. Get a quick cash loan from us today!Contact us today to find out how to borrow money from us easily!via :+1-6474-864-724 (Call/Whats app)     ",
        "title": "DEBT CLEARANCE LOANS NO COLLATERAL REQUIRED NO SALARY TRANSFER APPLY"
    },
    {
        "postid": "5938241145",
        "postingbody": " \n \n QR Code Link to This Post \n  \n \n \nDo you need a quick loan with a relatively low interest rate as low as 3%? We offer business loan, personal loan, home loan, auto loan,student loan, debt consolidation loan e.t.c. no matter your credit score. We are guaranteed in  giving out financial services to our numerous clients all over world. With our flexible lending packages, loans can be processed and transferred to the borrower within the shortest time possible, contact our specialist for advice and finance planning. If you need a quick loan contact us  :+1-6474-864-724 (Call/Whats app) \n ",
        "title": "GROW YOUR BUSINESS WITH US GET UP TO USD550K COLLATERAL FREE LOAN NOW"
    },
    {
        "postid": "5942243998",
        "postingbody": " \n \n QR Code Link to This Post \n  \n \nHello Everyone, I am Suzana Abdullah by name and i live in SINGAPORE ,i will like to talk about the goodness of Allah in my life after so many months of trying to get a loan on the internet and was been scammed so i became desperate in getting a loan from a legit lender online. But as Allah would have it, i saw a comment from a friend called Norwati bte Ranai and she talked about this legit loan company where she got her loan fast and easy without any \nstress so he introduced me to a man called Ibrahim Mueen who controls a firm called Mr Ibrahim Mueen Loan Company, So i applied for a loan sum of ($300,000.00) with low interest rate of 3%, so the loan was approved and deposited into my bank account in less than 48hrs, that was how i was able to get my loan to keep my broken business running and also to pay off my bills so i am advising everyone of you who is interested in getting a loan fast and easy to kindly contact them, to get any kind of loan you need today, thanks as you read the greatest testimony of my life.     ",
        "title": "DO YOU NEED A LOAN STOP WASTING TIME WITH FAKE LENDERS CONTACT US NOW"
    },
    {
        "postid": "5958463596",
        "postingbody": " \n \n QR Code Link to This Post \n  \n \ngood day, I am looking for a genuine loan lender.  I am willing to pay upto SGD1,000 monthly for a period of 10 to 15 years, if so required.  Please note I am really serious and due to bad experiences before, I WILL NOT BE ABLE TO TRANSFER OR MAKE ANY ADVANCE PAYMENT until I received the loan in my account.  If any genuine lenders, please contact me soonest as it is very urgent ( am very desperate).  I am willing to do anything and everything to repay your assistance.     ",
        "title": "GENUINE LOAN WANTED"
    },
    {
        "postid": "5930440130",
        "postingbody": " \n \n QR Code Link to This Post \n  \n \nWe offer loans to those that need finance to solve their problems.Are you Looking for a loan for Business/Personal or for any purpose then email us now to get fast approval with Low Interest rates contact us     ",
        "title": "$$$ PERSONAL LOAN $$$"
    },
    {
        "postid": "5943243993",
        "postingbody": " \n \n QR Code Link to This Post \n  \n \n \nApply Now and Get the Lowest Rate \nNo Salary Transfer Loans for All Nationals \nInterest rates starting from 4.99% reducing or 2.63% flat p.a. \nLoan amounts up to USD300,000. \nEasy process and simple documentation. \nloans to get your optimum personal loan from over 70 loans  \napply for a call back from the selected bank to have it within 48 hours. \n?Loans Without Salary Transfer \u00b7 ?Most Popular \u00b7 ?Islamic Personal Finance \nPhone number :+1-6474-864-724 (Call/Whats app)     ",
        "title": "WE OFFER DEBT CLEARANCE LOANS TO SINGAPOREANS AT LOW RATE APPLY NOW"
    }
]