[
    {
        "postid": "5940060287",
        "postingbody": " \n \n QR Code Link to This Post \n  \n \nConnectUpz is an online business networking platform for Entrepreneurs, Professionals &amp; Business Owners to connect with each other. \n \nJoin the millions of members to link up, get referrals and to grow your business through online connections. \n \nCreate a FREE account today. \n \nOnline Business Networking Portal -  http://connectupz.com   ",
        "title": "Online Business Networking Platform - Connectupz"
    },
    {
        "postid": "5939792758",
        "postingbody": " \n \n QR Code Link to This Post \n  \n \nHi ladies,  \nIf you are looking to meet new girlfriends in Singapore to meet on regular base and to have a ladies night only. Well, than this group could be yours. We are looking to organise (for free of course) every 2 weeks a ladies night in our apartment. For us it doesn't matter what your age, believe or nationality is. We would like to build a strong friendship with everybody from the group. But, unfortunately the group is limited to max 8 ladies. At every event we can discuss what we would like to do on the next ladies night. Of course, having fun and a great time together is our main goal. If you are interested, please send your motivation. \nDescribe yourself together with a motivation why you would like to be member of the group and include also 1 or more pictures from you. Please be patient for a reply. We will go trough all the profiles and contact you once we find you the perfect member. \n \nHope to hear you soon!     ",
        "title": "Ladies night"
    },
    {
        "postid": "5955884381",
        "postingbody": " \n \n QR Code Link to This Post \n  \n \nHi my name ken...im from vietnam cute i'm young i'm slim and i'm good attitude, if you need me you can call/text in my whatsapp/hp number thanks...Big cock fuck good     ",
        "title": "Vietnam boy Big cock and fuck good..."
    },
    {
        "postid": "5900574160",
        "postingbody": " \n \n QR Code Link to This Post \n  \n \nFinancial assistance for Singaporeans and PR only \n \nWe have an easy way to get you extra money to spend or to settle your debts ! \n \nNeed cash to pay off bills ? \nNeed cash to tide up for the month ? \nNeed cash urgently to settle your personal needs ? \nNeed ready cash to solve your financial status ? \nBut turned down by the bank, your relatives and friends? \n \nNo problem. \n \nWe provide totally LEGAL ways to help you get more money to spend or  \nto settle your outstanding debts.  \n \nMany people are already benefiting from this! \nThe solution to your problem. \n \nCall 9392 6324 NOW  \nto see if you are eligible ! \n \nOnly Singaporeans and PRs may apply \nAge 24 and above. \n ",
        "title": "Singaporeans looking for financial help ?"
    }
]