[
    {
        "postid": "5947297912",
        "postingbody": " \n \n QR Code Link to This Post \n  \n \nCompany Profile  \nFounded by 3 directors , Credence is a leading financial services company , subsidiary of OCBC group, which excels in providing financial solutions to our valued clients. We seek to educate by providing quality financial advice to meet client's financial needs. As we are currently expanding our closely knitted family of highly motivated, vibrant and extremely fun loving achievers, we seek candidates of similar attitudes, calibre and goals to join our team which operates as a family.  \nLocation  \n65 Chulia Street, OCBC centre \nJob Description  \nResponsibilities  \n\u2022\tPosting of job advertisements  \n\u2022\tManage and ensure the company's job portal is well maintained  \n\u2022\tScreening and conducting interviews to shortlist potential candidates within recruitment target  \n\u2022\tHandle end to end recruitment activities which includes participating in career seminars and other recruitment initiatives  \n\u2022\tAssist in any other ad hoc administrative duties  \nRequirements  \n\u2022\tMinimum Diploma qualification from the local polytechnics / Degree holder in any field  \n\u2022\tSelf-motivated, target-oriented and sales focused individual  \n\u2022\tNo experience required as training will be provided  \n\u2022\tSingaporeans/PR only  \nSalary  \n\u2022\tHigh Basic Pay with commissions  \n \n ",
        "title": "HR EXECUTIVE"
    },
    {
        "postid": "5904666163",
        "postingbody": " \n \n QR Code Link to This Post \n  \n \nCompany is expanding its database on potential hires, so currently looking for people interested in generating leads. Remuneration is by quota, averaging $250 for 1 week about 1-2hrs/day, do not need to report to office. If interested please whatsapp me at 9113 four116. \n \nKeywords: Leads, Recruitment     ",
        "title": "Leads generator $250/assignment"
    }
]