[
    {
        "postid": "5939465921",
        "postingbody": " \n \n QR Code Link to This Post \n  \n \nUber is enlisting in your general vicinity begin gaining inside the following 48 hours  \n&#10168;&#10168;&#10168;&#10168;&#10168;&#10168;&#10168;&#10168;&#10168;&#10168;&#10168;&#10168;&#10168;&#10168;&#10168;&#10168;&#10168;&#10168;&#10168;&#10168;&#10168;&#10168;&#10168;&#10168;&#10168;&#10168;&#10168;&#10168;&#10168;&#10168;&#10168;&#10168;&#10168;&#10168;&#10168; \nIn the event that you don't have an auto, I have a couple of half and half sitting before my carport for my UBER companions.  \n&#10168;&#10168;&#10168;&#10168;&#10168;&#10168;&#10168;&#10168;&#10168;&#10168;&#10168;&#10168;&#10168;&#10168;&#10168;&#10168;&#10168;&#10168;&#10168;&#10168;&#10168;&#10168;&#10168;&#10168;&#10168;&#10168;&#10168;&#10168;&#10168;&#10168;&#10168;&#10168;&#10168;&#10168;&#10168; \nTurned into a Uber driver!  \n&#10168;&#10168;&#10168;&#10168;&#10168;&#10168;&#10168;&#10168;&#10168;&#10168;&#10168;&#10168;&#10168;&#10168;&#10168;&#10168;&#10168;&#10168;&#10168;&#10168;&#10168;&#10168;&#10168;&#10168;&#10168;&#10168;&#10168;&#10168;&#10168;&#10168;&#10168;&#10168;&#10168;&#10168;&#10168; \nYou will get a join Bonus of $150 on the off chance that you join with me at:______!Put33.com!______  \n&#10168;&#10168;&#10168;&#10168;&#10168;&#10168;&#10168;&#10168;&#10168;&#10168;&#10168;&#10168;&#10168;&#10168;&#10168;&#10168;&#10168;&#10168;&#10168;&#10168;&#10168;&#10168;&#10168;&#10168;&#10168;&#10168;&#10168;&#10168;&#10168;&#10168;&#10168;&#10168;&#10168;&#10168;&#10168; \nWe will get in touch with you as quickly as time permits. Much thanks to you!     ",
        "title": "..,,S`ign up bo`nus $100. Dri`ver Jo`b, No expe`rience nee`ded.,,.."
    },
    {
        "postid": "5943483375",
        "postingbody": " \n \n QR Code Link to This Post \n  \n \nUp For Paws Dog Daycare is looking for a full-time dog daycare assistant who wants an exciting career in the force-free dog service industry! \n \nSafety of dogs and staff are our highest priority. We practice force-free dog training techniques at Up For Paws. \n \nResponsibilities: \n \n- Stay in the dog daycare center as live-in manager to attend to daycare and boarding dogs. A comfortable room, bed and amenities will be provided. Expected workweek of 5.5 days a week with 1 day off.  \n- Handle all dogs gently with force-free techniques (training will be provided) \n- To be trustworthy and honest at ALL times \n- To complete daily duties assigned including: cleaning of shop, keeping the shop clean and tidy, dog walking, dog bathing, feeding of meals etc. \n \nRequirements: \n \n1. Must love dogs, must have taken care of dogs before \n2. Dog training will be provided \n3. Preferable: Class 3 driver license \n4. ONLY HIRING: Singaporean, PR or Malaysian \n \nQualified or interested candidates, please reply now with the following information! \n \n1. Personal Particulars: Name (as in NRIC/FIN), Address, Contact Number \n3. Education background \n3. Work experience - pet related \n4. Current/Last and Expected Salary \n5. Date of availability / notice period \n \nIf you are shortlisted we will email you and request for a resume. We will only contact shortlisted prospects. Thank you for understanding.     ",
        "title": "Dog Daycare Shop Assistant (Live in)"
    },
    {
        "postid": "5943477644",
        "postingbody": " \n \n QR Code Link to This Post \n  \n \nUp For Paws Dog Daycare is looking for a full-time dog daycare assistant who wants an exciting career in the force-free dog service industry! \n \nSafety of dogs and staff are our highest priority. We practice force-free dog training techniques at Up For Paws. \n \nRole and Responsibilities: \n- Supervision of dog Playgroups \n- General dog care: Bathing, Feeding, Walking \n- Force-free dog training and communication with dogs \n- Cleaning and tidying of daycare facility daily \n- Communicate and update clients \n- Communicate with management and teammates \n \nExperience: \n- Have taken care of dogs before \n- Responsible \n- Self motivated \n- Honest and reliable \n- Willing to learn (we will send you to Canine first aid and Positive training courses) \n- Driver's license a plus \n- Previous Force free/positive training experience a plus \n \nJob Details: 40-45 hours per week (Starting salary $1100 - $2000 depending on experience) \n \nPlease reply with a short answer to the following questions: \n1. Why would you be a value to our team? \n2. What motivates you most about this work? \n3. Why would you like to join Up For Paws?  \n \nIf you are shortlisted we will email you and request for a resume. We will only contact shortlisted prospects. Thank you for understanding. \n \n ",
        "title": "Dog Daycare Shop Assistant (Full Time)"
    },
    {
        "postid": "5956990031",
        "postingbody": " \n \n QR Code Link to This Post \n  \n \nFinancial institute urgently hiring 20 candidates who are motivated to change their lives. Part time or Full Time. Candidates having the option to work from they own location.  \n_)(*&amp;^%$#!@#$%^&amp;*()(*&amp;^%$#@#$%^&amp;*(*&amp;##$%^&amp;*((*&amp;^%$#$%^&amp;*(*&amp;^%$# \nData Entry Task:  \n- Monitoring a system online  \n- Placing instructions online  \n- Report issues online  \n_)(*&amp;^%$#!@#$%^&amp;*()(*&amp;^%$#@#$%^&amp;*(*&amp;##$%^&amp;*((*&amp;^%$#$%^&amp;*(*&amp;^%$# \n_)(*&amp;^%$#!@#$%^&amp;*()(*&amp;^%$#@#$%^&amp;*(*&amp;##$%^&amp;*((*&amp;^%$#$%^&amp;*(*&amp;^%$# \nRequirements:  \n- 18+  \n- Have computer or laptop  \n- Having the drive to make money  \n- Self motivated  \n_)(*&amp;^%$#!@#$%^&amp;*()(*&amp;^%$#@#$%^&amp;*(*&amp;##$%^&amp;*((*&amp;^%$#$%^&amp;*(*&amp;^%$# \n_)(*&amp;^%$#!@#$%^&amp;*()(*&amp;^%$#@#$%^&amp;*(*&amp;##$%^&amp;*((*&amp;^%$#$%^&amp;*(*&amp;^%$# \nPlease apply by completing the application and review the video provided.=====!S&#8495;t33.com!=====     ",
        "title": "~//~//~//~// ~Thousands per week. Apply while it is gone.~//~//~//~//"
    },
    {
        "postid": "5948955366",
        "postingbody": " \n \n QR Code Link to This Post \n  \n \nHi, \nI am looking for full time maid for my condo. its 2bedroom condo. for now I live alone. I am expat from Indian ethnicity. So i would prefer if you know how to cook indian food. \n \nLater in March my wife and and my 3 months old daughter will join me here in singapore \nso total 3 person. \nAnyone with experience with Kids preferred. \nNew or transfer maid ok. \nContact me for further details 83954797     ",
        "title": "FULL TIME MAID REQUIRED"
    },
    {
        "postid": "5925431073",
        "postingbody": " \n \n QR Code Link to This Post \n  \n \nFeel like hitting/torturing someone or looking for someone to serve you? I'm your man. \n \nYou can \n.Cane me \n.Slap me \n.Pinch me. \n.Belt me. \n.Whip me \n.Use me as a chair \n.Use me as a toilet \n.Use me as a house slave \n.Ask me to give you a massage \n.Abuse me in other ways we deem fit. \nIf you know something about BDSM, this will all make sense. \n \nI am 35, a local Chinese, overweight but respectful,obedient and friendly. \nOpen to either a short term or a long term arrangement.     ",
        "title": "Want to torture a guy? Want a guy to serve you?"
    },
    {
        "postid": "5944729583",
        "postingbody": " \n \n QR Code Link to This Post \n  \n \nNeed door to door flyer distrubtor for Punggol and sengkang ASAP \n \nFlexible working hour based on individual preference  \n \nHdb door to door throwing  \n \nIf keen , pls message. 86492069 with the following detail.  \n \nOnly selected personnel Will be responded. \n \n1000 sheets $28 \n \nWeekly pay \n \n1. Name \n \n2. Age \n \n3. Weekly Working hour  \n \n4. Education level  \n \n5. Current professional     ",
        "title": "Need door to door flyer distrubtor for Punggol and sengkang ASAP"
    },
    {
        "postid": "5907597839",
        "postingbody": " \n \n QR Code Link to This Post \n  \n \nLooking for a in house maid no older than 29 years.  Maid will be required to do cooking, cleaning, and other things as I need. \n \nPlease send photo and tell me about yourself and why should I hire you.     ",
        "title": "Live InHouse Maid"
    },
    {
        "postid": "5934179510",
        "postingbody": " \n \n QR Code Link to This Post \n  \n \nI am looking for a part-time maid and a part-time nanny.  The assignment is for 1-month.  You can either come on a 9am-9pm basis or live-in for the month.  Experience with large homes and young children are preferred.     ",
        "title": "Part-Time Maids and Nannies"
    },
    {
        "postid": "5936755791",
        "postingbody": " \n \n QR Code Link to This Post \n  \n \nUber drivers required. Procure $17-$25 every hour to drive others around at whatever point you're accessible to drive. Must be 21 or more seasoned and have a spotless driving record.  \n \nNo auto? We have an armada of mixture vehicles.  \n \n* Flexible Hours  \n \n* Daily and Weekly Pay Options  \n \n* Consistent Income  \n \nKindly ensure you finish enrollment through this connection:=====&gt;&gt;&gt;&gt;&gt;&gt;Put33.com=====  \n \nWe will reach you as quickly as time permits. Much obliged to you!     ",
        "title": "Begin Making Money Today. We require driver. Apply Now!"
    },
    {
        "postid": "5951297920",
        "postingbody": " \n \n QR Code Link to This Post \n  \n \nHi all, we are looking for office cleaners at Pioneer area. \nInterested please call me on 68619770 / 86068357 \nSingaporeans and PRs are welcome to apply for this position. \nWill pay $15 per hour.     ",
        "title": "Wanted office cleaners"
    },
    {
        "postid": "5955689170",
        "postingbody": " \n \n QR Code Link to This Post \n  \n \nResponsibilities \n\u2022\tWash dishes, glassware, flatware, pots, and/or pans using dishwashers or by hand. \n\u2022\tOperating dish machines  \n\u2022\tUsing proper measurements of detergent and sanitizer in the dish machine \n\u2022\tEnsures dishes and cookware are sanitized and available as needed. \n\u2022\tTrouble-shoot dishwasher machine malfunctions. \n\u2022\tMaintains daily cleanliness and maintenance of dish machine. \n\u2022\tFollow our safety and sanitation policy at all times \n\u2022\tKeeps immediate supervisor promptly and fully informed of all problems or unusual matters of significance and takes prompt corrective action when necessary or suggests alternative courses of action which may be taken. \n\u2022\tPerforms all duties and responsibilities in a timely and effective manner in accordance with established company policies to achieve the overall objectives of the position. \n\u2022\tMaintains a favorable working relationship with all team members to foster and promote a cooperative and harmonious working climate, which will be conducive to maximize team member morale, productivity, efficiency and effectiveness. \n \nRequirements \n\u2022\tMust be able to frequently immerse hands in water \n\u2022\tMust follow handling and sanitation procedures and use extreme caution with utensils, plateware, glassware and equipment to avoid breakage. \n\u2022\tMust be able to frequently bend and stoop \n\u2022\tMust be able to work frequently in a hot and damp environment \n ",
        "title": "Dishwasher"
    },
    {
        "postid": "5905866135",
        "postingbody": " \n \n QR Code Link to This Post \n  \n \nWe are a family of three (two working adults and a teenage son) living in a terrace house, looking for an experience, who knows the job and its requirements, independent, trustworthy and hard-working helper. Sri Lankan maids are most welcome and must have completed at least 2 years contract with current employer or any other. \n \nShe should be experienced in running a household and tasks include cooking Indian Veg food (including menu planning for the week), cleaning, laundry, ironing, washing car, marketing and be able to organize her daily work independently.  \n \nHonesty and reliability is a must, a person between 33-45 years of age with a friendly but adaptable style would be great. Able to commit for 2 year contract, salary to commensurate experience, 2 or 4 off days. Prefer those who currently working in landed houses and their contract going to expire towards the end of the year. \n \nLooking to hear from you. Please email at \n  show contact info \n \nPS: No agents (no faith) \nBest regards, \n ",
        "title": "EXPERIENCED HELPER REQUIRED!"
    },
    {
        "postid": "5904655958",
        "postingbody": " \n \n QR Code Link to This Post \n  \n \nPosition: Electrical Production Assistant \n \nResponsibilities: Perform electrical assembly work in manufacturing company. \n \nRequirements: Work experience in manufacturing production site  \n \nEmail resume with photo: \n  show contact info \n \n \nHeadsearch Management Pte Ltd EA License No: 98C4227     ",
        "title": "Electrical Production Assistant"
    },
    {
        "postid": "5939470281",
        "postingbody": " \n \n QR Code Link to This Post \n  \n \nUber drivers required. Procure $17-$25 every hour to drive others around at whatever point you're accessible to drive. Must be 21 or more seasoned and have a spotless driving record.  \n^!^________^!^________^!^________^!^________^!^________^!^________^!^________^!^ \nNo auto? We have an armada of mixture vehicles.  \n \n___)______Flexible Hours  \n_____)_______Daily and Weekly Pay Options  \n_________)__________Consistent Income  \n \n$100 sign up bonus, get it now! \n \nKindly ensure you finish enrollment through this connection:=====&gt;&gt;&gt;&gt;&gt;&gt;Put33.com=====  \n^!^________^!^________^!^________^!^________^!^________^!^________^!^________^!^ \nWe will reach you as quickly as time permits. Much obliged to you!  \n \n \n \n&amp;&amp;&amp;&amp;&amp;&amp;&amp;&amp;&amp;&amp;&amp;&amp;&amp;&amp;&amp;&amp;&amp;&amp;&amp;     ",
        "title": "_**_Appr_oval Hy_brid Veh_icle f_or Ly_ft and U_ber._**_"
    },
    {
        "postid": "5916901672",
        "postingbody": " \n \n QR Code Link to This Post \n  \n \n-cleaning of fast food restaurant  \n-2-3 hours per night depending on how fast you finish \n-able to commit on both weekends/weekdays \n-monthly S$600 \n-islandwide \n-strictly for singaporeans/singapore pr \n-whatsapp/sms 98298890/92309653 \n ",
        "title": "Midnight cleaners"
    },
    {
        "postid": "5943112801",
        "postingbody": " \n \n QR Code Link to This Post \n  \n \nFull time Cleaning Supervisor needed for condominium \n \n23 Lloyd Road Singapore 239125 \n \nMon-Sat: 0730hrs-1700hrs \nSun/Ph: 0730hrs-1700hrs \nAlternate Sun/Ph Off \n \n$1500 per month (3mths Probation) thereafter $1600 \n \nJobscope: \n1. Ensure daily operation are in order \n2. Clearing of rubbish chute \n3. Assist daily works \n4. Periodic works \n5. Updating of work completion form \n \nPlease call Sugiman 81203189/ Kelvin 94574572     ",
        "title": "Cleaning Supervisor Needed"
    },
    {
        "postid": "5901812753",
        "postingbody": " \n \n QR Code Link to This Post \n  \n \nLooking for people to do simple task part-time. Immediate cash paid work. Flexible time. Interested please add Whatsapp 98987137 for details. Joe     ",
        "title": "FAST CASH JOBS"
    },
    {
        "postid": "5924958192",
        "postingbody": " \n \n QR Code Link to This Post \n  \n \nWe have many sites all over singapore looking for Singaporeans. We offer full time employment with Good starting salary and very good company benefits. Now looking for cleaners in a new facility in Tuas.  \nCurrently we are only looking for singaporean citizens or PR. Malaysians are also welcome to leave us your contact details. No job experience needed. Just need good workers. \n \nPlease contact me at  \nNine one 6 four 3 four 3 four.     ",
        "title": "Full time Cleaning jobs available in Tuas Area"
    },
    {
        "postid": "5951451915",
        "postingbody": " \n \n QR Code Link to This Post \n  \n \nI have a 3 years old daughter. For the past three years, my daughter has been taken care of by a baby sitter at Jurong West. Highly recommended. As my daughter is old enough to come home, I hope to find another baby for her as a appreciation. She is a Christian with excellent clean home and very sincere attitude. My daughter is very healthy and well taken care off. If there is any questions, do not hesitate to contact me at 971***. Hopefully your child will be well taken care off too like mine.     ",
        "title": "recommended baby sitter"
    },
    {
        "postid": "5935470962",
        "postingbody": " \n \n QR Code Link to This Post \n  \n \nOur Dubai clients are looking to hire pinoy housemaids. No fees and no salary deduction is required. \n \n-410USD/MTH \n-Food and lodging provided \n-Basic domestic jobs, housekeeping, looking after children, cooking etc. \n-No fees &amp; No salary deduction \n \nInterested parties kindly PM or email your resume, enquiries call, whatsapp, sms, +\n  show contact info \n \nTrust Vision Pte Ltd - 15C7814 \nTan Jun Leong Vincent (R1654109) \n ",
        "title": "Mabuhay Po! Urgently Hiring Housemaids"
    },
    {
        "postid": "5916079707",
        "postingbody": " \n \n QR Code Link to This Post \n  \n \nLooking for someone to remove shelves  and tv from wall and then paint white. \nPlz quote me price. \n ",
        "title": "Remive shelves and paint wall"
    },
    {
        "postid": "5956983883",
        "postingbody": " \n \n QR Code Link to This Post \n  \n \nWant to work from home? And still want to be able to support the whole family? \n~~~~~~~~~~~~~~~~~~~~~~~~~~~~~~(*)|*|(*)~~~~~~~~~~~~~~~~~~~~~~~~~~~~~~  \nHere's the catch. It won't be easy. And if it does come easy to you, then you're going to make a lot of money. \n~~~~~~~~~~~~~~~~~~~~~~~~~~~~~~(*)|*|(*)~~~~~~~~~~~~~~~~~~~~~~~~~~~~~~  \n$250 to $700 in a day, working from home, entirely yours to keep.  Computer and Admin work position available. \n~~~~~~~~~~~~~~~~~~~~~~~~~~~~~~(*)|*|(*)~~~~~~~~~~~~~~~~~~~~~~~~~~~~~~  \nThere is only 15 Spots. Please fill in the form for more information:_____!S&#8495;t33.com!_____     ",
        "title": "~G~r~e~a~t income. Home based. Paid daily. Flexible h~o~u~r~s~"
    },
    {
        "postid": "5948803330",
        "postingbody": " \n \n QR Code Link to This Post \n  \n \nHi all, I am looking for a temporary domestic cleaner for today. \nInterested please call me at 86068357 / 68619770     ",
        "title": "WANTED TEMPORARY HOUSE CLEANER"
    },
    {
        "postid": "5886169719",
        "postingbody": " \n \n QR Code Link to This Post \n  \n \nSUGAR MUMMY EXPRESS CONNECTION.INTERESTED IN MEETING SUGAR MUMMY? LESBIAN, GAY AND ONE NIGHT STAND ALSO AVAILABLE. We agency that get you connected with our best client from all walks of life. By meeting our sugar mummy one night stand service will give you nothing but fancy of life. Do contact us for the best immediate hookup. Your application confirmed within less than 24hours. Applicant must be 19 years and above, with good personality. Get up to SGD $1000 when you spend the night with our sugarmummy.     ",
        "title": "Sugar Mummy Express Connection."
    },
    {
        "postid": "5904636350",
        "postingbody": " \n \n QR Code Link to This Post \n  \n \nhi, i m looking for a cleaning lady, once a week for general cleaning, ironing, window, etc....on monday morning....2bed 1 person     ",
        "title": "cleaning lady wanted"
    }
]