[
    {
        "postid": "5946599759",
        "postingbody": " \n \n QR Code Link to This Post \n  \n \nHave You Seen MUSHY, a Missing Cat, Lost at Tampines? \n \nName: Mushmellow (Mushy) \nBreed: Local cat \nColor: White with patches of orange on his body \nGender: Male \nAge: 1 year 2 months \nSize: Medium sized, similar to the under-the-block cats \nDate Lost: 29th December 2016 \nPlace Lost: Blk 497F, Tampines Street 45 \nDistinct features: he dons a bright light blue collar with bells. \n \nPhotos and details at  http://missing.sg/mushy   ",
        "title": "Have You Seen MUSHY, a Missing Cat?"
    },
    {
        "postid": "5950582064",
        "postingbody": " \n \n QR Code Link to This Post \n  \n \nname: Cookie \nbreed: Cavoodle(cavalier and poodle mix) \ncolour: Blenhiem (mostly white, with light brown ears and a light brown patch on his body) \ngender: Male \nage: 5 months old \nsize: small-medium \ndate lost: 8 Jan 2017 \nplace lost: Siglap Elite Park Ave, Jalan Tua Kong \nmicrochip: Yes \ndistinct features: Wore an orange collar, black nose and black eyes and has not so curly fur(soft fur) \n \nPhotos and details at  http://missing.sg/cookie5   ",
        "title": "Have You Seen COOKIE, a Missing Cavoodle Dog?"
    },
    {
        "postid": "5900309172",
        "postingbody": " \n \n QR Code Link to This Post \n  \n \nHave You Seen Miu, a Missing Cat, Lost at One North Residences? \n \nName of Pet: Miu \nBreed: Community Cat \nColour: Grey \nGender: Female \nSize: medium \nDate Lost: 23 Nov 2016   \nPlace Lost: One North Residences carpark \nMicrochip number: Nil \nDistinct Feature: white patch below the neck, short bended tail, fat stomach \n \nPhoto and details at  http://missing.sg/miu1  \n ",
        "title": "Have You Seen Miu, a Missing Cat?"
    },
    {
        "postid": "5930392866",
        "postingbody": " \n \n QR Code Link to This Post \n  \n \nHave You Seen PEBBLES, a Missing Dog, Lost at Figaro Street? \n \nName: Pebbles \nBreed: X-breed (Singapore Special) \nColour: Light brown (like Teh) \nGender: Female \nAge: 1.5 years old \nSize: Medium \nDate lost: 22 Dec 2016 \nPlace lost: Figaro Street (Siglap) \nMicrochip number: Ends with 2272 \nDistinct features: Was wearing a light purple collar with black trim \n \nPhoto and details at  http://missing.sg/pebbles2  \n ",
        "title": "Have You Seen PEBBLES, a Missing Dog"
    },
    {
        "postid": "5935532279",
        "postingbody": " \n \n QR Code Link to This Post \n  \n \nHave You Seen FLURRY, a Missing Persian Cat, Lost at Yishun?  \n \nName of pet: Flurry \nBreed: Persian crossbreed british shorthair Cat \nColor: Grey-white \nGender: Female \nAge: 10 months \nSize: Quite fluffy for a 10 month kitten \nDate Lost: 27 December 2016 \nPlace Lost: Blk 765 Yishun Street 72 \nMicrochip number: Nil \nDistinct features: It has a black face with white mane. It is very much an indoor cat.  \n \nPhotos and details at  http://missing.sg/flurry   ",
        "title": "Have You Seen FLURRY, a Missing Persian Cat?"
    },
    {
        "postid": "5950319678",
        "postingbody": " \n \n QR Code Link to This Post \n  \n \nHave You Seen MACO, a Missing Bengal Cat, Lost at Bishan? \n \nName: MACO.  \nBreed: BENGAL CAT \nColor: GOLD LEOPARD SPOTTED \nGender: MALE \nAge: 18 MONTHS \nSize: 1 and 1/2 feet IN LENGTH \nDate Lost: 28th December 2016 \nPlace Lost: Bishan/ Marymount area \nMicrochip number: Ends with 4931 \nDistinct features: Tufts of fur under chin. Leopard pattern.  \n \nPhotos and details at  http://missing.sg/maco   ",
        "title": "Have You Seen MACO, a Missing Bengal Cat?"
    },
    {
        "postid": "5943195630",
        "postingbody": " \n \n QR Code Link to This Post \n  \n \nHave You Seen CARLITO, a Missing Toy Poodle, Lost at Windsor Condo (Upper Thomson)? \n \nName of Pet: Carlito \nBreed: Toy Poodle Dog \nColor: Red/Apricot \nGender: Male \nAge: 9yrs \nSize: Toy (small) \nDate lost: December 31st, 2016 (at about noon) \nPlace Lost: The Windsor Condo, Upper Thomson \nMicrochip number: Ends with 0734 \nDistinct features: No collar or ID tags, very shy.  \n \nMore photos and details at  http://missing.sg/carlito   ",
        "title": "Have You Seen CARLITO, a Missing Toy Poodle?"
    },
    {
        "postid": "5925115943",
        "postingbody": " \n \n QR Code Link to This Post \n  \n \nHave You Seen KENO, a Missing Siamese Cat, Lost at Pasir Ris? \n \nName of pet - Keno \nBreed - Siamese Mix \nColor - Brown \nGender - Male \nAge - 3.5 years old \nSize - Medium sized  \nDate Lost - 17 December 2016 \nPlace Lost - blk 516 Pasir Ris st 52 \nMicrochip number - N.A. \nDistinct features - Blue Eyes &amp; Kinked Tail \n \nMore photos and details at  http://missing.sg/keno1   ",
        "title": "Have You Seen KENO, a Missing Siamese Cat?"
    },
    {
        "postid": "5906050055",
        "postingbody": " \n \n QR Code Link to This Post \n  \n \nHave You Seen AXL ROSS, a Missing Cat, Lost at Jurong West? \n \nName of Pet: Axl Ross \nBreed: Savannah cat \nColor: Dark Grey,Black \nGender: Male \nAge:2 years old \nsize Medium-sized with long hind legs \nDate Lost: 3 Dec 2016 \nPlace Lost: Blk 276D Jurong West St 25   \nMicrochip number: Ends with 0863 \nDistinct Features:  He is tall,slim and lean boy,wearing a red spike collar with a red star id tag..his left front paw has some infection,not fully recover.Response to his name Axl. \n \nPhotos and details at  http://missing.sg/axlross   ",
        "title": "Have You Seen AXL ROSS, a Missing Cat?"
    },
    {
        "postid": "5898925585",
        "postingbody": " \n \n QR Code Link to This Post \n  \n \nHave You Seen Achique, a Missing Cat, Lost at Pasir Ris St 72? \n \nName of pet : Achique (Chique) \nBreed : local tabby cat \nColor : black and white \nGender : male, sterilized \nAge : 1 yr 6 months \nSize : approx 4kgs \nDate Lost : 28 nov 2016 \nPlace Lost : Pasir Ris St 72 \nMicrochip number : NA \nDistinct features : Long straight tail. Has a luminous reflective yellow and silver collar with a bell. Pink nose with black patch on his right. \n \nPhotos and details at:  http://missing.sg/achique   ",
        "title": "Have You Seen Achique, a Missing Cat?"
    }
]