[
    {
        "postid": "5955927401",
        "postingbody": " \n \n QR Code Link to This Post \n  \n \nLooking for\u00a0good and cheap transport\u00a0 with labour. Call me any time, any day. \n ",
        "title": "Mover, transport, Disposal From $40.. Call 81118862"
    },
    {
        "postid": "5951365329",
        "postingbody": " \n \n QR Code Link to This Post \n  \n \nAnyone need to move house items to a place. \n \nYour car or cab unable fit in all your items, \n \nhad a convenience lorry van able to move your items to your place now @  \n \nMobile no 9 four four six four seven seven 3     ",
        "title": "Convenience transport available now"
    },
    {
        "postid": "5944742347",
        "postingbody": " \n \n QR Code Link to This Post \n  \n \nFull time business  \n \n10ft lorry with canopy \n \nMover \n \nDisposal services  \n \nCall or WhatsApp charles 97934688 \n \n \n \n \n \n \n \nIPhone Samsung LG TV Sony cabinet dining table fridge washer dryer gift best shelf bed double speaker stand study desk ikea  \n \n \n \n \n \n \n \n \n ",
        "title": "**********Urgent mover transport"
    },
    {
        "postid": "5955878166",
        "postingbody": " \n \n QR Code Link to This Post \n  \n \nTransportatione all kind of items , no hidden cost at all , Van and driver to drive :35-50 per trip , need driver help to carry together is additional 25-50 dollars .. so still waiting for what ? ? ? Pick up ur phone and  call now to find out more from me 87327460 Louis ng              -----Transport your goods or purchases whether small or big or bulky with big covered van and reliable driver.     ",
        "title": "Louis van transport from 35 net per trip"
    },
    {
        "postid": "5956929992",
        "postingbody": " \n \n QR Code Link to This Post \n  \n \nDoor - Door Islandwide Transport, Moving, Disposal Svc with movers &amp; Van/10ft covered lorry. \nWe also provide manpower / helper / labor / handyman services. \n \nFor quick quote, Pls Whatsapp, sms us your, \n1. Detail of items with picture. \n2. All address with POST code. \n3. Condo or HDB \n4. Are both address at lift/ground level? \n5. Date / time. \n \nAs we're constantly on job, appreciate if you could whatsapp us your details. \nHp: 932O. I238 \nThank you     ",
        "title": "Transport, Movers, Disposal, Labor, Helper, Handyman**"
    },
    {
        "postid": "5958251463",
        "postingbody": " \n \n QR Code Link to This Post \n  \n \nmover service provided 24hrs, good and reliable services, call now 938799180     ",
        "title": "movers service"
    },
    {
        "postid": "5951400136",
        "postingbody": " \n \n QR Code Link to This Post \n  \n \nAnyone need to move house items to a place. \n \nYour car or cab unable fit in all your items, \n \nhad a convenience lorry , to move your items to your place \n \nHp 9 four four six four seven seven 3     ",
        "title": "Day n Night pickup  TRANSPORT"
    },
    {
        "postid": "5956976281",
        "postingbody": " \n \n QR Code Link to This Post \n  \n \nREMOVAL / LIPAT BAHAY SERVICES TO ANY POINT IN SINGAPORE -  \nCall: Ms. Lilet (66521890) \nSMS 90229049 Attn: Lilet \n \nFree use of  trolley, provide plastic wrapping if needed, dismantling / reassembling for your convenient. \n \n10ft. Lorry charges \nLorry Loading Area in feet = 10 Length x 5 Width x 6 Height \n \n$60 per hour      10ft Lorry and driver to drive only  \n$100 per hour    10ft Lorry and driver + 1 helper (both will carry) \n$130 per hour    10 ft lorry + 3 men to help moving  \n$300 per trip      10ft box lorry  with 2-3 men  \n \nVan Charges \nVan Loading Area in feet = 8 Length x 4 Height x 4 Width \n \n$40 per hour   Van and driver to drive only  \n$80 per hour   Van and driver + 1 helper(both will carry)  \n \nOTHER ADDITIONAL CHARGES: \nAdditional charges for house not on a lift level = $10 per level per mover \nAdditional charges after 5pm = $10 per hour per mover \nAdditional charges for weekends = $10 per mover \nAdditional charges for extra location =$10 per mover per location \n \nWe accept early bookings. \n \nWe will show up no matter how busy we are because we are not working alone. This is important to you because if you hire someone who is working alone, he may not turn up if his lorry breaks down or his previous job is delayed.     ",
        "title": "KABAYAN LIPAT BAHAY SERVICES CALL 66521890"
    },
    {
        "postid": "5954606483",
        "postingbody": " \n \n QR Code Link to This Post \n  \n \nBuying/selling 2nd hand furniture online?  \nKeep my hp number for future reference \n \n10ft open lorry with driver &amp; mover to deliver, load &amp; unload your item from location A to location B for you(door to door) \n \nDismantling n Re-assembly service \n \nIsland wide service \n \nNo GST! No ERP! Affordable rate! \n \nJust sms/whatsapp me more detail(with pic) of the item you want us to deliver for a quote. And is both address lift level? \n \n \n \n \nsms/whatsapp/call Kang@8279 5061 for enquiries \n \n \n \n \n \n \n \n \n \n \n \n \n \n \n \n \nTV\u00e2&#128;\u00a2 LCD \u00e2&#128;\u00a2 LED Treadmill\u00e2&#128;\u00a2 Dumbbell \u00e2&#128;\u00a2 Gym \u00e2&#128;\u00a2 Outdoor \u00e2&#128;\u00a2 Exercise \u00e2&#128;\u00a2 Computer table \u00e2&#128;\u00a2 Massage chairs \u00e2&#128;\u00a2 Dining table \u00e2&#128;\u00a2 chairs \u00e2&#128;\u00a2 Furniture \u00e2&#128;\u00a2 Drawers \u00e2&#128;\u00a2 Dishwasher \u00e2&#128;\u00a2 Washing machine \u00e2&#128;\u00a2 washer \u00e2&#128;\u00a2 fridge \u00e2&#128;\u00a2 refrigerator \u00e2&#128;\u00a2 freezer \u00e2&#128;\u00a2 toys \u00e2&#128;\u00a2 mirror \u00e2&#128;\u00a2 wardrobe \u00e2&#128;\u00a2 cupboard \u00e2&#128;\u00a2 cabinet \u00e2&#128;\u00a2 chest Tags: samsung Fridge 2 doors front load trampoline washer top load multi wine cellars bar refrigerator washing machine dryer dishwasher single queen king storage bed double bunk sofa lounge console tv frame wardrobe drawers drawer l shape L shaped dining set chairs mattress table shelf armchair chair treadmill book case rattan outdoor osim massage swing rack \u00e2&#128;\u00a2 storage bed \u00e2&#128;\u00a2 microwave \u00e2&#128;\u00a2 oven \u00e2&#128;\u00a2 sofa \u00e2&#128;\u00a2 couch \u00e2&#128;\u00a2 piano \u00e2&#128;\u00a2 scooter \u00e2&#128;\u00a2 Ebike \u00e2&#128;\u00a2 bicycle \u00e2&#128;\u00a2 Aircon \u00e2&#128;\u00a2 Cot \u00e2&#128;\u00a2 recliner \u00e2&#128;\u00a2Shoe Rack \u00e2&#128;\u00a2 House \u00e2&#128;\u00a2 Rental \u00e2&#128;\u00a2 Van\u00e2&#128;\u00a2 Lorry \u00e2&#128;\u00a2Relocation\u00e2&#128;\u00a2 Sales \u00e2&#128;\u00a2 Helper \u00e2&#128;\u00a2 Gift \u00e2&#128;\u00a2 Flowers \u00e2&#128;\u00a2 Plants \u00e2&#128;\u00a2 Lights \u00e2&#128;\u00a2 Celling Fan \u00e2&#128;\u00a2 Dismantle \u00e2&#128;\u00a2 Assemble \u00e2&#128;\u00a2 Casement Aircon \u00e2&#128;\u00a2 IKEA roommate room indian malaysian pinoy \n ",
        "title": "Buying/selling 2nd hand furniture online? @8279 5061for enquiries"
    },
    {
        "postid": "5925772183",
        "postingbody": " \n \n QR Code Link to This Post \n  \n \n10ft open lorry rental with driver \n$50per hour (self loading and unloading) \n$50/60min \n$75/90min \n$100/2 hour \nIf time exceeds 10 minutes its ok, but if time exceeds 15 minutes additional charges apply. \n \nfree usage of trolley \n \ncan fit in more stuff/item than normal 10ft open lorry(take a look at the photo, you will know what i mean) \n \n \nIf u need manpower to load and unload your item for u (additional charges apply) please sms me more detail like: \n1) both side life level?  \n2) list of item, for a quote \n \n \n \nSms or call mr liu@9788 9276 for enquiries     ",
        "title": "10ft open lorry rental with driver $50per hour"
    },
    {
        "postid": "5950753026",
        "postingbody": " \n \n QR Code Link to This Post \n  \n \n24hours free quotation!!  \n \nLuggage airport transfer, need a van for moving or need anything for transport  \nAll type different transport services we are here to provide!  \n \nAnytime,any day include weekend and public holiday!  \n \nIkea, courts, airport or Mustafa!  \n \nCall or whatapps now at 86868218 for quotation ! \n \nPrice start from $30-/  \nLabour price additional $22-/ only!  \n ",
        "title": "VAN MOVERS / Airport luggage transfer 86868261"
    },
    {
        "postid": "5929401360",
        "postingbody": " \n \n QR Code Link to This Post \n  \n \nFurniture/appliance disposal services \n \nWe specialize in furniture/appliance removal/disposal \n \nisland wide service \nwe dispose for you! \n \nSms me the following detail for a quote:  \n1) pick up point lift level? stairs required?  \n2) Detail and dimension of the furniture/appliance you want to dispose?  \n3) whatsapp me Photo if any \n \n \nsms/whatsapp/call mr liu@9788 9276 for enquiries     ",
        "title": "Furniture/appliance disposal services"
    },
    {
        "postid": "5930285703",
        "postingbody": " \n \n QR Code Link to This Post \n  \n \n&#9733;&#9733;(REASONABLE PRICE FOR VAN SVC)&#9733;&#9733; \n \n&#9733;&#9733;(QUOTATION THRU SMS ONLY)&#9733;&#9733; \n \nFor enquiries pls SMS your: (1) Detail of items. (2) Both address with post code. \n(3) Are both add,at lift level? (4) Date &amp; time. \n \nSERVICE: (1) Transport without labour. (2) Transport with driver assist. (3) Transport with driver and labour assist. \n \nHAVING DIFFICULTY IN GETTING CHEAPEST CHARGE? I CAN PROVIDE YOU A COVERED TOYOTA HIACE VAN, FROM $40 ONWARDS.SMS ME (ALIF) AT MY MOBILE (84005231) FOR FURTHER INQUIRY. \n \n&#9733;&#9733;(Your BUDGET is always my PRIORITY)&#9733;&#9733; \n \n[ SERVICES THAT I PROVIDE ] \n \n&#9733; MINOR ROOM SHIFTING.  \n \n&#9733; DISPOSAL SERVICE. \n \n&#9733; TRANSPORT ITEM FROM IKEA. \n \n&#9733; TRIP TO CHANGI AIRPORT. \n \n&#9733; EVENT AND EXHIBITIONS: (EG: KARAOKE ENTERTAINMENT, CATERING) \n \nLAST BUT NOT LEAST,ANYTHING THAT NEEDS TO TRANSPORT USING VAN, IM HERE SINCERELY WAITING FOR YOUR CALL. SAVE MY NUMBERS, AS IT WILL BE USEFUL FOR YOUR FUTURE NEEDS.  \n \n&#9733;&#9733;(Your SATISFACTION is my GAIN)&#9733;&#9733; \n \n ",
        "title": "MOVER SVCS,ALIF 84005231.wardrobe,bookshelves,light,lounge."
    },
    {
        "postid": "5943191078",
        "postingbody": " \n \n QR Code Link to This Post \n  \n \nAnyone need to move house items to a place. \n \nYour car or cab unable fit in all your items, \n \nable to transport all your items ready and available now @  \n \nMobile no 9 four four six four seven seven 3     ",
        "title": "Punctual transport available now"
    },
    {
        "postid": "5957240316",
        "postingbody": " \n \n QR Code Link to This Post \n  \n \nAffordable, Reliable &amp; Safe Moving Services To Solve Your Problems (Even If Urgent/Last Minute)! \nPrices from $30/- By Covered Van \n1. From $30 - Courier / Airport Luggage Transfers \n2. From $40 - Small Items (Bags, Boxes etc.) \n3. From $50 - Bulky Items/Disposal (Furniture etc.) \n \nFor Immediate Quotation Kindly Provide The Information Below: \n \n1. Date &amp; Time \n2. Items to Move \n3. From &amp; To: (Postal Code) \n4. Lift Landing Available \n*Dismantle/Assemble &amp; Manpower charges separately \nFor Any Enquiries, Kindly SMS / Whatsapp / Wechat / Call Us at +\n  show contact info \n 8868 0873 (DEZ Transport) \n \nThank You! \nmover, movers, delivery, deliveries, van, vans, furniture, cabinet, wardrobe, home, house, courier, parcels, parcels, delivery man, 24hrs, box, boxes, dismantle, assemble \n ",
        "title": "Van Moving &amp; Delivery Services -Delivering Excellence-By DEZ Transport"
    },
    {
        "postid": "5925102818",
        "postingbody": " \n \n QR Code Link to This Post \n  \n \nSplendid World Movers \nOur service includes \n1.Moving house&#65307; \n2.Dismantling and assembling furniture; \n3.Disposal; \n4.Shifting office; \n5.Storage; \n6.Manpower work \n \nWe have different types of vans and lorries(all covered) \nTo be on time is always our discipline. \nPlease contact HAN at 98175599 or 97734288 \n \nStorage service for luggage. \nDoor to Door  \nOne-time solution \n \nHave A Nice Day \n ",
        "title": "Movers-&#12304;Relocation,Delivery,Disposal,Storage&#12305;-[Professional]"
    },
    {
        "postid": "5957103111",
        "postingbody": " \n \n QR Code Link to This Post \n  \n \nAnyone need to move house items to a place. \n \nYour car or cab unable fit in all your items, \n \nhad a convenience lorry , to move your items to your place \n \nHp 9 four four six four seven seven 3     ",
        "title": "EVERYDAY TRANSPORTATION"
    },
    {
        "postid": "5955509368",
        "postingbody": " \n \n QR Code Link to This Post \n  \n \nOur Main focus in local relocations is to provide household/Residential and business organizations with expert and professional services. Trusted Moving Services with well maintained and fully functional, facilities, equipments, excellent warehouse and materials, provide comprehensive moving solutions and relocation services islandwide. We look forward to assisting you with your upcoming relocations. \n \nTrusted Moving Services \nCompany Roc:532558290 \n(Only use local and professional movers) \n5***** Services \n \nServices \n-house/condo/hdb relocation \n-office relocation \n-delivery services \n-ad hoc delivery \n-transport services \n-supply manpower \n-handyman \n-piano/safe relocation \n-storage services \n(24/7 cctv closure) \nFeel free to call our 24/7 enquiry  \nOn top of that, we provide FREE \n- boxes(to store your items). \n- quotations based on your required stuffs. \n- wrapping services to protect your items and furnitures. \n- dismantle and assemble furniture for you. \nWe provide good value services that will suit your specific needs perfectly that will tailor-make the move for your needs \nhotline:97101153 \n show contact info \n \nFacebook Page:trusted moving services     ",
        "title": "TMS Moving Services Professional Movers"
    },
    {
        "postid": "5940510810",
        "postingbody": " \n \n QR Code Link to This Post \n  \n \nDoor-Door, Transport/Moving/Disposing services with 10ft covered lorry / movers. \nSofa, recliner massage chair, table, tv console, Wardrobes, bookshelf, Cabinets, washing machine, dryer, digital piano, double deck n bunk bed, mattress , treadmill, Fridge etc.. \n \n \nFor quote, Pls Whatsapp, sms your, \n1. Detail of items with pics. \n2. Both address with POST code. \n3. Are items at lift/ground level? \n4. Date / time. \n \nWhatsapp to: 9320-1238 \nAs we're constantly on job, appreciate if you could text us your detail. \nThank you     ",
        "title": "10ft covered lorry transport, movers, disposal, helper"
    },
    {
        "postid": "5955664362",
        "postingbody": " \n \n QR Code Link to This Post \n  \n \ntransport //disposal anythings  \ncall //sms//wshp 83531690 \n24//7     ",
        "title": "disposal service 24/7 etc."
    },
    {
        "postid": "5954587424",
        "postingbody": " \n \n QR Code Link to This Post \n  \n \n(REASONABLE PRICE FOR VAN SERVICE) \n \n&#9733;&#9733;(QUOTATION THRU SMS ONLY)&#9733;&#9733; \n \nFor enquiries pls SMS your: (1) Detail of items. (2) Both address with post code. \n(3) Are both add,at lift level? (4) Date &amp; time. \n \nSERVICE: (1) Transport without labour. (2) Transport with driver assist. (3) Transport with driver and labour assist. \n \nHAVING DIFFICULTY IN GETTING CHEAPEST CHARGE? I CAN PROVIDE YOU A COVERED TOYOTA HIACE VAN, FROM $40 ONWARDS.SMS ME (ALIF) AT MY MOBILE (84005231),FOR FURTHER INQUIRY. \n \n&#9733;&#9733;(Your BUDGET is always my PRIORITY)&#9733;&#9733; \n \n[[ SERVICES THAT I PROVIDE ]] \n \n&#9733; MINOR ROOM SHIFTING.   \n \n&#9733; DISPOSAL SERVICE. \n \n&#9733; TRANSPORT ITEM FROM IKEA. \n \n&#9733; TRIP TO CHANGI AIRPORT. \n \n&#9733; EVENT AND EXHIBITIONS: (EG: KARAOKE ENTERTAINMENT, CATERING) \n \nLAST BUT NOT LEAST,ANYTHING THAT NEEDS TO TRANSPORT USING VAN, IM HERE SINCERELY WAITING FOR YOUR CALL. SAVE MY NUMBERS, AS IT WILL BE USEFUL FOR YOUR FUTURE NEEDS.  \n ",
        "title": "MOVER SVCS,ALIF 84005231.side table,study table,tv,disposal"
    },
    {
        "postid": "5956992735",
        "postingbody": " \n \n QR Code Link to This Post \n  \n \nVAN and LORRY @ your service!! \n \nANYWHERE IN SINGAPORE. \n \nIn case you need VAN or LORRY for moving. \nIf need carton boxes and wrapping and packaging materials. \n \n&#8234;#&#8206;sms&#8236; / &#8234;#&#8206;whatsapp&#8236; me @ 9022 9049 - ATTN TO: FEMIE \nor &#8234;#&#8206;call&#8236; me directly to my number 6652 2595 - FEMIE \n \nFor inquiries and more information. \nCan &#8234;#&#8206;email&#8236; me also @ \n  show contact info \n \nBLOGGER: http://lipatbahayinsg.blogspot.com/ \nTWITTER: https://twitter.com/REMOVALSERVICE8 \n \nThanks.     ",
        "title": "MOVING SERVICES W/ VAN or LORRY call 66522595"
    },
    {
        "postid": "5917413724",
        "postingbody": " \n \n QR Code Link to This Post \n  \n \nWe specialize in furniture/appliance moving  \n \n fridge? washing machine? L-shaped sofa? 3-seat sofa? Bed? Mattress? Cabinet? Tv console? table? dinning table? No problem!  \n \n island wide service   \n \nwe carry for you   \n \n \nWe deliver your purchases from seller house to your house \n \n \n \n  Sms me the following detail for a quote:  \n \n1) both side lift level? stairs required?  \n  2) From where to where?  \n3) Detail and dimension of the furniture/appliance? 4) whatsapp me Photo if any   \n \n \nsms/whatsapp/call mr liu@9788 9276 for enquiries     ",
        "title": "Intend to buy a 2nd hand furniture?"
    },
    {
        "postid": "5955598612",
        "postingbody": " \n \n QR Code Link to This Post \n  \n \nAnyone need to move house items to a place. \n \nYour car or cab unable fit in all your items, \n \nhad a convenience lorry , to move your items to your place \n \nMobile no 9 four four six four seven seven 3     ",
        "title": "Punctual transport available now"
    },
    {
        "postid": "5925112133",
        "postingbody": " \n \n QR Code Link to This Post \n  \n \nAffordable, Reliable &amp; Safe Moving Services To Solve Your Problems (Even If Urgent/Last Minute)! \nPrices - By Covered Van \n \n1. From $40 - Small Items (Bags, Boxes etc.) \n2. From $50 - Bulky Items/Disposal (Furniture etc.) \n \nFor Immediate Quotation Kindly Provide The Information Below: \n \n1. Date &amp; Time \n2. Items to Move \n3. From &amp; To: (Postal Code) \n4. Lift Landing Available \n*Dismantle/Assemble &amp; Manpower charges separately \n \nFor Any Enquiries, Kindly SMS / Whatsapp / Wechat / Call Us at +\n  show contact info \n \n \nThank You! \nmover, movers, delivery, deliveries, van, vans, furniture, cabinet, wardrobe, home, house, courier, parcels, parcels, delivery man, 24hrs, box, boxes, dismantle, assemble \n ",
        "title": "DEZ Transport - Van Moving &amp; Delivery Services"
    },
    {
        "postid": "5917405355",
        "postingbody": " \n \n QR Code Link to This Post \n  \n \nWe specialize in furniture/appliance removal/disposal \n \nisland wide service \n \nwe dispose for you! \n \nSms me the following detail for a quote:  \n1) pick up point lift level? stairs required?  \n2) Detail and dimension of the furniture/appliance you want to dispose?  \n3) whatsapp me Photo if any \n \n \n \nsms/whatsapp/call mr liu@9788 9276 for enquiries     ",
        "title": "furniture/appliance/ disposal services n rubbish removal service"
    },
    {
        "postid": "5943190646",
        "postingbody": " \n \n QR Code Link to This Post \n  \n \nAnyone need to move house items to a place. \n \nYour car or cab unable fit in all your items, \n \nhad a convenience lorry , to move your items to your place \n \nMobile no 9 four four six four seven seven 3     ",
        "title": "Punctual transport available now"
    },
    {
        "postid": "5918626889",
        "postingbody": " \n \n QR Code Link to This Post \n  \n \nWe specialize in furniture/appliance removal \n \n island wide service \n \n plastic wrapping for your furniture/appliance  \n \n we carry for you \n \n We deliver your purchases from seller house to your house \n \n Sms me the following detail for a quote: \n 1) both side lift level? stairs required? \n 2) From where to where? \n 3) Detail and dimension of the furniture/appliance? \n 4) whatsapp me Photo if any \n \n Sms or call kang@8279 5061 for enquiries     ",
        "title": "furniture/appliance buyer &amp; seller take a look8279 5061"
    },
    {
        "postid": "5947676017",
        "postingbody": " \n \n QR Code Link to This Post \n  \n \nWe specialize in furniture moving/disposal/delivery \n \nDoor to door! \n \nPlastic wrapping for your furniture! \n \nEveryday same price(no weekend charge!) \n \n \n \nJust send me the photo of the furniture you want to move for a quote. Let me know if stairs requires. \n \n \nSms/call/whatspp James@8277 8336 for enquirers  \n \n \n \n \n \n \n \n \n \n \n \n \nTags: samsung Fridge 2 doors front load trampoline washer top load multi wine cellars bar refrigerator washing machine dryer dishwasher single queen king storage bed double bunk sofa lounge console tv frame wardrobe drawers drawer l shape L shaped dining set chairs mattress table shelf armchair chair treadmill book case rattan outdoor osim massage swing tennis bbq teak rose study table lorry van  box boxes cheap service seat seater 2 + 3 + 1 heavy punching bag gym bicycle e bike sofabed LG  \n \n \n \n ",
        "title": "Cheap Furniture/Appliance Moving/Mover Service"
    },
    {
        "postid": "5933917372",
        "postingbody": " \n \n QR Code Link to This Post \n  \n \nHome/Office furniture Disposal Specialist to dispose your unwanted furniture. \nTables, Sofa, recliner massage chair, table, tv console, Wardrobes, bookshelf, Cabinets, washing machine, dryer, digital piano, double deck n bunk bed, mattress , Fridge, treadmill etc.. \n \nFor fast quote, Pls Whatsapp, sms your, \n1. Detail of items with pics. \n2. Address with POST code. \n3. Date / time. \n \nWhatsapp to: 9320, 1238 \nAs we're constantly on job, appreciate if you could text us your detail. \nThank you     ",
        "title": "**Residential / Office furniture Disposal Specialist**"
    },
    {
        "postid": "5941440742",
        "postingbody": " \n \n QR Code Link to This Post \n  \n \nLooking for Reliable and Friendly helper, labor, movers? \n \nFor quote, Pls Whatsapp, sms your, \n1. Detail of job. \n2. Address with POST code. \n3. Date / time. \n4. How many man/hours. \n \nWhatsapp to: 9320-1238 \nAs we're constantly on job, appreciate if you could Whatsapp us your detail. \nThank you!!     ",
        "title": "**Handyman/// Labor///Helper Service**"
    },
    {
        "postid": "5930287126",
        "postingbody": " \n \n QR Code Link to This Post \n  \n \n(REASONABLE PRICE FOR VAN SERVICE) \n \n&#9733;&#9733;(QUOTATION THRU SMS ONLY)&#9733;&#9733; \n \nFor enquiries pls SMS your: (1) Detail of items. (2) Both address with post code. \n(3) Are both add,at lift level? (4) Date &amp; time. \n \nSERVICE: (1) Transport without labour. (2) Transport with driver assist. (3) Transport with driver and labour assist. \n \nHAVING DIFFICULTY IN GETTING CHEAPEST CHARGE? I CAN PROVIDE YOU A COVERED TOYOTA HIACE VAN, FROM $40 ONWARDS.SMS ME (ALIF) AT MY MOBILE (84005231),FOR FURTHER INQUIRY. \n \n&#9733;&#9733;(Your BUDGET is always my PRIORITY)&#9733;&#9733; \n \n[[ SERVICES THAT I PROVIDE ]] \n \n&#9733; MINOR ROOM SHIFTING.   \n \n&#9733; DISPOSAL SERVICE. \n \n&#9733; TRANSPORT ITEM FROM IKEA. \n \n&#9733; TRIP TO CHANGI AIRPORT. \n \n&#9733; EVENT AND EXHIBITIONS: (EG: KARAOKE ENTERTAINMENT, CATERING) \n \nLAST BUT NOT LEAST,ANYTHING THAT NEEDS TO TRANSPORT USING VAN, IM HERE SINCERELY WAITING FOR YOUR CALL. SAVE MY NUMBERS, AS IT WILL BE USEFUL FOR YOUR FUTURE NEEDS.  \n ",
        "title": "MOVER SVCS,ALIF 84005231.side table,study table,tv,disposal"
    },
    {
        "postid": "5950755401",
        "postingbody": " \n \n QR Code Link to This Post \n  \n \n24hours free quotation!!  \n \nLuggage airport transfer, need a van for moving or need anything for transport  \nAll type different transport services we are here to provide!  \n \nAnytime,any day include weekend and public holiday!  \n \nIkea, courts, airport or Mustafa!  \n \nCall or whatapps now at 86968218 for quotation ! \n \nPrice start from $30-/  \nLabour price additional $22-/ only!  \n ",
        "title": "VAN MOVERS / Airport luggage transfer 86868261"
    },
    {
        "postid": "5950770948",
        "postingbody": " \n \n QR Code Link to This Post \n  \n \n24hours free quotation!!  \n \nLuggage airport transfer, need a van for moving or need anything for transport  \nAll type different transport services we are here to provide!  \n \nAnytime,any day include weekend and public holiday!  \n \nIkea, courts, airport or Mustafa!  \n \nCall or whatapps now at 86968218 for quotation ! \n \nPrice start from $30-/  \nLabour price additional $22-/ only!  \n ",
        "title": "VAN MOVERS / Airport luggage transfer 86968218"
    },
    {
        "postid": "5923919266",
        "postingbody": " \n \n QR Code Link to This Post \n  \n \nBulky item delivery/transport/removal service \n \n10ft open lorry with driver &amp; mover to deliver, load &amp; unload the bulky item from location A to location B for you! \n \nExperienced &amp; reliable movers! \nno GST! \n \n \ntable tennis table? treadmill? garden swing? trampoline? osim massage chair? outdoor table? rattan table? potted plant? outdoor sofa? bbq? no problem! \n \n \nJust sms/whatsapp me more detail(with pic) of the item you want us to deliver for a quote. And is both address lift level? \n \n \n \n \n \nSms or call mr liu@9788 9276 for enquiries     ",
        "title": "Bulky item delivery/transport/removal service"
    },
    {
        "postid": "5956975075",
        "postingbody": " \n \n QR Code Link to This Post \n  \n \nHOUSE / OFFICE MOVING ANY POINT IN SINGAPORE - Ms. Lilet (66521890) \nSMS / WHATSAPP 90229049 ATTN: LILET \n \n10ft. Lorry charges \nLorry Loading Area in feet = 10 Length x 5 Width x 6 Height \n \n$60 per hour      10ft Lorry and driver to drive only  \n$100 per hour    10ft Lorry and driver + 1 man to help move items  \n$130 per hour    10 ft lorry + 3 man to help moving  \n$300 per trip      10ft box lorry  with 2-3 men  \n \nVan Charges \nVan Loading Area in feet = 8 Length x 4 Height x 4 Width \n \n$40 per hour   Van and driver to drive only  \n$80 per hour   Van and 2 man to help move items   \n \nOTHER ADDITIONAL CHARGES: \nAdditional charges for house not on a lift level = $10 per level per mover \nAdditional charges after 5pm = $10 per hour per mover \nAdditional charges for weekends = $10 per mover \n \nWe accept early bookings. Pls advise the following: \nName: \nContact Number: \nDate and Time: \nComplete Pickup Address: \nComplete Dropoff Address: \nItems: \n ",
        "title": "CHEAPEST RATES FOR MOVING SERVICES PLS CALL 66521890-LILET"
    },
    {
        "postid": "5935208735",
        "postingbody": " \n \n QR Code Link to This Post \n  \n \nLooking for Reliable and Friendly helper, labor, movers? \n \nFor quote, Pls Whatsapp, sms your, \n1. Detail of job. \n2. Address with POST code. \n3. Date / time. \n4. How many man/hours. \n \nWhatsapp to: 9320-1238 \nAs we're constantly on job, appreciate if you could Whatsapp us your detail. \nThank you!!     ",
        "title": "Handyman, Labor, Helper, Movers Service"
    },
    {
        "postid": "5957102673",
        "postingbody": " \n \n QR Code Link to This Post \n  \n \nNeed to move house items to a place ? \n \nYour car or cab unable fit in all your items, \n \nhad a convenience lorry , to move your items to your place \n \nHp 9 four four six four seven seven 3     ",
        "title": "EVERYDAY TRANSPORT"
    },
    {
        "postid": "5958530383",
        "postingbody": " \n \n QR Code Link to This Post \n  \n \nWe use cover box lorries to do all the moving and delivery service for our clients. \nFriendly and experience Movers. \nBest low rates  \nOur truck sizes range from 10 feet to 24 feet  \nFree quotation \n90509559     ",
        "title": "Movers and delivery"
    },
    {
        "postid": "5954084087",
        "postingbody": " \n \n QR Code Link to This Post \n  \n \n10ft Box Lorry + Movers for Removal, Transport, Delivery, Disposal  \nDoor to Door \n~~~~~~~~~~~~~~~~~~~ \nFor quote, Pls Whatsapp, sms your, \n1. Detail of items.  \n2. Both address with POST code. \n3. Are both address at lift/ground level? \n4. Date / time. \n \nWhatsapp to: 9320-1238 \nAs we're constantly on job, appreciate if you could text/whatsapp us your detail. \nThank you     ",
        "title": "++10ft Box Lorry + Movers for Removal, Disposing++"
    },
    {
        "postid": "5933806883",
        "postingbody": " \n \n QR Code Link to This Post \n  \n \nMovers, Labor, Handy man    \nWe do Door to Door Transport, Movers, Delivery, Removal, Disposal with movers and 10ft Box covered lorry \n~~~~~~~~~~~~~~~~~~~ \nFor quote, Pls Whatsapp, sms your, \n1. Details of items with pics. \n2. Both address with POST code. \n3. Are both address at lift/ground level? \n4. Date / time. \n \nWhatsapp to: 9320-1238 \nAs we're constantly on job, appreciate if you could text/whatsapp us your detail. \nThank you     ",
        "title": "**Door to Door Movers, Disposal, Labor, Handy man"
    },
    {
        "postid": "5926478811",
        "postingbody": " \n \n QR Code Link to This Post \n  \n \n&#9733;&#9733;(REASONABLE PRICE FOR VAN SVC)&#9733;&#9733; \n \n&#9733;&#9733;(QUOTATION THRU SMS ONLY)&#9733;&#9733; \n \nFor enquiries pls SMS your: (1) Detail of items. (2) Both address with post code. \n(3) Are both add,at lift level? (4) Date &amp; time. \n \nSERVICE: (1) Transport without labour. (2) Transport with driver assist. (3) Transport with driver and labour assist. \n \nHAVING DIFFICULTY IN GETTING CHEAPEST CHARGE? I CAN PROVIDE YOU A COVERED TOYOTA HIACE VAN, FROM $40 ONWARDS.SMS ME (ALIF) AT MY MOBILE (84005231) FOR FURTHER INQUIRY. \n \n&#9733;&#9733;(Your BUDGET is always my PRIORITY)&#9733;&#9733; \n \n[ SERVICES THAT I PROVIDE ] \n \n&#9733; MINOR ROOM SHIFTING.  \n \n&#9733; DISPOSAL SERVICE. \n \n&#9733; TRANSPORT ITEM FROM IKEA. \n \n&#9733; TRIP TO CHANGI AIRPORT. \n \n&#9733; EVENT AND EXHIBITIONS: (EG: KARAOKE ENTERTAINMENT, CATERING) \n \nLAST BUT NOT LEAST,ANYTHING THAT NEEDS TO TRANSPORT USING VAN, IM HERE SINCERELY WAITING FOR YOUR CALL. SAVE MY NUMBERS, AS IT WILL BE USEFUL FOR YOUR FUTURE NEEDS.  \n \n&#9733;&#9733;(Your SATISFACTION is my GAIN)&#9733;&#9733; \n \n ",
        "title": "MOVER SVCS,ALIF 84005231.dinning table,washing machine,bicycle."
    },
    {
        "postid": "5954597007",
        "postingbody": " \n \n QR Code Link to This Post \n  \n \nWe specialize in furniture moving/disposal/delivery/removal \n \nDoor to door! \n \nPlastic wrapping for your furniture! \n \nEveryday same price(no weekend charge!) \n \n \n \nJust send me the photo of the furniture you want to move for a quote. Let me know if stairs requires. \n \n \nSms/call/whatspp James@8277 8336 for enquirers  \n \n \n \n \n \n \n \n \n \n \n \n \nTags: samsung Fridge 2 doors front load trampoline washer top load multi wine cellars bar refrigerator washing machine dryer dishwasher single queen king storage bed double bunk sofa lounge console tv frame wardrobe drawers drawer l shape L shaped dining set chairs mattress table shelf armchair chair treadmill book case rattan outdoor osim massage swing tennis bbq teak rose study table lorry van  box boxes cheap service seat seater 2 + 3 + 1 heavy punching bag gym bicycle e bike sofabed LG condo hdb landed room \n \n \n \n ",
        "title": "Furniture/Appliance Moving/Mover Service"
    },
    {
        "postid": "5955793854",
        "postingbody": " \n \n QR Code Link to This Post \n  \n \nWant some efficient furniture-moving service? We guarantee you safe and quick deliveries, charging perfectly reasonable price. We move a range of product, inclusing TV, refrigerators, furnitures, washing machine and many more.Removal service are also provided. We are open daily. \n ",
        "title": "MOVER, DELIVERY, TRANSPORT FROM $40. CALL 93357777"
    },
    {
        "postid": "5940514480",
        "postingbody": " \n \n QR Code Link to This Post \n  \n \n10ft Box Lorry + Movers for Removal, Transport, Delivery, Disposal  \nDoor to Door \n~~~~~~~~~~~~~~~~~~~ \nFor quote, Pls Whatsapp, sms your, \n1. Detail of items with pics. \n2. Both address with POST code. \n3. Are both address at lift/ground level? \n4. Date / time. \n \nWhatsapp to: 9320-1238 \nAs we're constantly on job, appreciate if you could text/whatsapp us your detail. \nThank you     ",
        "title": "~~9320-1238, Moving, Transport, Disposal Svc~~"
    },
    {
        "postid": "5932168785",
        "postingbody": " \n \n QR Code Link to This Post \n  \n \nHome/Office furniture Disposal Specialist to dispose your unwanted furniture at low cost. \nTables, Sofa, recliner massage chair, table, tv console, Wardrobes, bookshelf, Cabinets, washing machine, dryer, digital piano, double deck n bunk bed, mattress , Fridge, treadmill etc.. \n \nFor fast quote, Pls Whatsapp, sms your, \n1. Detail of items with pics. \n2. Address with POST code. \n3. Date / time. \n \nWhatsapp to: 9320, 1238 \nAs we're constantly on job, appreciate if you could text us your detail. \nThank you     ",
        "title": "**Office/Home Furniture Disposing, Disposal Services**"
    },
    {
        "postid": "5918482672",
        "postingbody": " \n \n QR Code Link to This Post \n  \n \n&#9733;&#9733;(QUOTATION THRU SMS ONLY)&#9733;&#9733; \n \nFor enquiries pls SMS your: (1) Detail of items. (2) Both address with post code. \n(3) Are both add,at lift level? (4) Date &amp; time. \n \nSERVICE: (1) Transport without labor. (2) Transport with driver assist. (3) Transport with driver and labor assist. \n \nHAVING DIFFICULTY IN GETTING CHEAPEST CHARGE? I CAN PROVIDE YOU A COVERED TOYOTA HIACE VAN, FROM $40 ONWARDS.SMS ME (ALIF) AT MY MOBILE (84005231) FOR FURTHER INQUIRY. \n \n&#9733;&#9733;(Your BUDGET is always my PRIORITY)&#9733;&#9733; \n \n(( SERVICES THAT I PROVIDE )) \n \n&#9733; MINOR ROOM SHIFTING.  \n \n&#9733; DISPOSAL SERVICE. \n \n&#9733; TRANSPORT ITEM FROM IKEA. \n \n&#9733; TRIP TO CHANGI AIRPORT. \n \n&#9733; EVENT AND EXHIBITIONS: (EG: KARAOKE ENTERTAINMENT, CATERING) \n \nLAST BUT NOT LEAST,ANYTHING THAT NEEDS TO TRANSPORT USING VAN, IM HERE SINCERELY WAITING FOR YOUR CALL. SAVE MY NUMBERS, AS IT WILL BE USEFUL FOR YOUR FUTURE NEEDS.  \n \n&#9733;&#9733;(Your SATISFACTION is my GAIN)&#9733;&#9733; \n ",
        "title": "MOVER SVCS,ALIF 84005231.mattress,washer,chair,table,oven,fan."
    },
    {
        "postid": "5917275751",
        "postingbody": " \n \n QR Code Link to This Post \n  \n \n&#9733;&#9733;(REASONABLE PRICE FOR VAN SVC)&#9733;&#9733; \n \n&#9733;&#9733;(QUOTATION THRU SMS ONLY)&#9733;&#9733; \n \nFor enquiries pls SMS your: (1) Detail of items. (2) Both address with post code. \n(3) Are both add,at lift level? (4) Date &amp; time. \n \nSERVICE: (1) Transport without labour. (2) Transport with driver assist. (3) Transport with driver and labour assist. \n \nHAVING DIFFICULTY IN GETTING CHEAPEST CHARGE? I CAN PROVIDE YOU A COVERED TOYOTA HIACE VAN, FROM $40 ONWARDS.SMS ME (ALIF) AT MY MOBILE (84005231) FOR FURTHER INQUIRY. \n \n&#9733;&#9733;(Your BUDGET is always my PRIORITY)&#9733;&#9733; \n \n[ SERVICES THAT I PROVIDE ] \n \n&#9733; MINOR ROOM SHIFTING.  \n \n&#9733; DISPOSAL SERVICE. \n \n&#9733; TRANSPORT ITEM FROM IKEA. \n \n&#9733; TRIP TO CHANGI AIRPORT. \n \n&#9733; EVENT AND EXHIBITIONS: (EG: KARAOKE ENTERTAINMENT, CATERING) \n \nLAST BUT NOT LEAST,ANYTHING THAT NEEDS TO TRANSPORT USING VAN, IM HERE SINCERELY WAITING FOR YOUR CALL. SAVE MY NUMBERS, AS IT WILL BE USEFUL FOR YOUR FUTURE NEEDS.  \n \n&#9733;&#9733;(Your SATISFACTION is my GAIN)&#9733;&#9733; \n \n ",
        "title": "MOVER SVCS,ALIF 84005231.wardrobe,bookshelves,light,lounge."
    },
    {
        "postid": "5925773411",
        "postingbody": " \n \n QR Code Link to This Post \n  \n \n10ft open lorry with driver and manpower \n \nIsland wide service(from any location to any location) \n \nwe carry for you! We deliver your item/stuff from point A to point B! \n \nSms me the following detail for a quote: \n1) both side lift level? \n2) From where to where? \n3) Detail and list of item you want to mve? \n \nSms or call mr liu@9788 9276 for enquiries \n \n \n ",
        "title": "Room shifting services for foreign/local student"
    },
    {
        "postid": "5956993535",
        "postingbody": " \n \n QR Code Link to This Post \n  \n \nHello all, Do you need a cleaner to help with your office cleaning chores? We have local cleaners who is experienced and trained available for general cleaning on part time basis. \nDaily, weekly, periodical cleaning etc available. \nCompetitive rate and high quality service \nCall for your enquiries at 68619770 /86068357(hp)/ 62547615     ",
        "title": "Office cleaning provide"
    },
    {
        "postid": "5955097567",
        "postingbody": " \n \n QR Code Link to This Post \n  \n \nNEED A HELPING HAND? MOVING? RELOCATING? DISPOSALS? \n \nCheckmate Logistics specializes in: \n- House Moving \n- Office Relocation \n- Furniture Delivery \n- Room Shifting \n- Ad-hoc Delivery \n- Disposals \n- Lorry rental w/ driver \n \nJust call us, Checkmate Logistics is here to be of service to you! \n \nAnd if it interests you, let's work together! Engage us to be your efficient courier service! Checkmate Logistics would be more than willing to help you courier even your large bulky items to your customers for you, fuss free! \n \nCheckmate Logistics even caters to urgent and last minute bookings! \n \nCome to us! Ok, more like we'll come to you! ;) \n \nCONTACT US WHENEVER!  \n \nHp: 87835938 \nEmail: \n  show contact info \n ",
        "title": "MOVING SERVICE"
    },
    {
        "postid": "5923892176",
        "postingbody": " \n \n QR Code Link to This Post \n  \n \n \nWe provide round the clock Transport/House moving services that will cater to your needs. \nOur services are Efficient &amp; Dependable, rely on us without breaking a sweat! \nCharges starts from $40 by Covered Van. Charges varies depending on services needed. \n \nFor a more accurate quotation please provide the information as shown below: \n \n1. Date &amp; Time \n2. Items To Move \n3. Delivery route; Eg. From Jurong East Blk123 #Unit No to Pasir Ris Blk123 #Unit No. (Postal code is recommended) \n \nAnd send thru WhatsApp/ SMS / Call to 87822276. Thank you. \n \nmover, movers, delivery, deliveries, van, vans, furniture, cabinet, wardrobe, home, house \n ",
        "title": "DEZ Transport - Van Moving &amp; Delivery Services"
    },
    {
        "postid": "5943374838",
        "postingbody": " \n \n QR Code Link to This Post \n  \n \n10ft open lorry rental with driver \n \n$50 per hour self loading and unloading \n$50/60min \n$75/90min \n$100/2 hour \nIf time exceeds 10 minutes its ok, but if time exceeds 15 minutes additional charges apply. \n \nfree usage of trolley \n \ncan fit in more stuff/item than normal 10ft open lorry(take a look at the photo, you will know what i mean) \n \n \n \nRoom shifting services \n \n10ft open lorry with driver and manpower \n \nIsland wide service(from any location to any location) \n \nwe carry for you! We deliver your item/stuff from point A to point B! \n \nSms me the following detail for a quote: \n1) both side lift level? \n2) From where to where? \n3) Detail and list of item you want to move? \n \n \n \n \n \nSms or call mr liu@9788 9276 for enquiries \nNeed disposal also can sms/whatsapp me \n ",
        "title": "Room moving? Need 10ft open lorry rental with driver?"
    },
    {
        "postid": "5951225987",
        "postingbody": " \n \n QR Code Link to This Post \n  \n \nDoor to Door, one to one customer Islandwide Transport, Moving, Disposal Svc with movers, 10ft covered lorry. \nWe also provide manpower / helper / labor / handyman and cheap warehouse storage from $50/mth \n \nFor quick quote, Pls Whatsapp, sms us your, \n1. Detail of items with picture. \n2. All address with POST code. \n3. Condo or HDB \n4. Are both address at lift/ground level? \n5. Date / time. \n \nIn need of space to sell your furniture, household storage, office document storage... \nAs we're constantly on job, appreciate if you could whatsapp us your details. \nHp: 932O. I238 \nThank you     ",
        "title": "Transport, Moving and cheap Storage sapce"
    },
    {
        "postid": "5954609358",
        "postingbody": " \n \n QR Code Link to This Post \n  \n \nwashing machine delivery services \n \nWe deliver your purchases from seller house to your house \n \n$50only \n \nno hidden cost($50 means $50) \n \nfree plastic wrapping for your washing machine  \n \n Sms me the following detail for a quote: \n 1) both side lift level? stair required? if yes how many floor required? \n 2) From where to where? \n \n Sms or call kang@8279 5061for enquiries     ",
        "title": "$50only for washing machine moving/delievery8279 5061"
    },
    {
        "postid": "5954114069",
        "postingbody": " \n \n QR Code Link to This Post \n  \n \nWe have 14f Box Lorry and Van, able to disposal of unwanted goods. Transport your goods or purchases whether small or big or bulky items. We are available suit to your convenience. \nPrices depend on * Quantity/ Weight/ Distance*.  \nSMS/Whatsapp to 98330648 or email me for availability and a quote for your specific requirements. \nMore information, please visit http://second-handfurnitureshop.blogspot.sg \n \nCall Ms Nellie Song 98330648 now !!!     ",
        "title": "Disposal Service/ Delivery/ Airport Cargo"
    },
    {
        "postid": "5954483241",
        "postingbody": " \n \n QR Code Link to This Post \n  \n \nLooking for\u00a0good and cheap transport\u00a0 with labour. Call me any time, any day. \n ",
        "title": "Mover, transport, Disposal From $40.. Call 81118862"
    },
    {
        "postid": "5957030281",
        "postingbody": " \n \n QR Code Link to This Post \n  \n \nNeed a simple pickup lorry van now?  if anyone need to transport your items .Taxi or car cannot handle your items.Wanna know more details, pls contact 9 nine four four six 4 seven seven 3 \nThanks \n ",
        "title": "Simple and professional pickup transport service"
    },
    {
        "postid": "5957231399",
        "postingbody": " \n \n QR Code Link to This Post \n  \n \nNEED A HELPING HAND? MOVING? RELOCATING? DISPOSALS? \n \nCheckmate Logistics specializes in: \n- House Moving \n- Office Relocation \n- Furniture Delivery \n- Room Shifting \n- Ad-hoc Delivery \n- Disposals \n- Lorry rental w/ driver \n \nJust call us, Checkmate Logistics is here to be of service to you! \n \nAnd if it interests you, let's work together! Engage us to be your efficient courier service! Checkmate Logistics would be more than willing to help you courier even your large bulky items to your customers for you, fuss free! \n \nCheckmate Logistics even caters to urgent and last minute bookings! \n \nCome to us! Ok, more like we'll come to you! ;) \n \nCONTACT US WHENEVER!  \n \nHp: 87835938 \nEmail: \n  show contact info \n ",
        "title": "Moving/Relocating/Disposals/Storage"
    },
    {
        "postid": "5954282639",
        "postingbody": " \n \n QR Code Link to This Post \n  \n \n10ft open lorry rental with driver \n \n$50per hour self loading and unloading \n$50/60min \n$75/90min \n$100/2 hour \nIf time exceeds 10 minutes its ok, but if time exceeds 15 minutes additional charges apply. \n \nfree usage of trolley \nisland wide service \n \ncan fit in more stuff/item than normal 10ft open lorry(take a look at the photo, you will know what i mean) \n \n \n \n \nSms or call mr liu@9788 9276 for enquiries \n \n \n \n \n \n \n \n \n \ntags: hdb condo landed lorry rental cheap nice Vietnamese chinese indian friendly     ",
        "title": "10ft open lorry rental with driver"
    },
    {
        "postid": "5954549358",
        "postingbody": " \n \n QR Code Link to This Post \n  \n \n10ft open lorry rental with driver \n \n$50 per hour self loading and unloading \n$50/60min \n$75/90min \n$100/2 hour \nIf time exceeds 10 minutes its ok, but if time exceeds 15 minutes additional charges apply. \n \nfree usage of trolley \n \ncan fit in more stuff/item than normal 10ft open lorry(take a look at the photo, you will know what i mean) \n \n \n \nRoom shifting services \n \n10ft open lorry with driver and manpower \n \nIsland wide service(from any location to any location) \n \nwe carry for you! We deliver your item/stuff from point A to point B! \n \nSms me the following detail for a quote: \n1) both side lift level? \n2) From where to where? \n3) Detail and list of item you want to move? \n \n \n \n \n \nSms or call mr liu@9788 9276 for enquiries \nNeed disposal also can sms/whatsapp me \n ",
        "title": "Room moving? Need 10ft open lorry rental with driver?"
    },
    {
        "postid": "5954566309",
        "postingbody": " \n \n QR Code Link to This Post \n  \n \n10ft open lorry rental with driver \n$50per hour (self loading and unloading) \n$50/60min \n$75/90min \n$100/2 hour \nIf time exceeds 10 minutes its ok, but if time exceeds 15 minutes additional charges apply. \n \nfree usage of trolley \n \ncan fit in more stuff/item than normal 10ft open lorry(take a look at the photo, you will know what i mean) \n \n \nIf u need manpower to load and unload your item for u (additional charges apply) please sms me more detail like: \n1) both side life level?  \n2) list of item, for a quote \n \n \n \nSms or call mr liu@9788 9276 for enquiries     ",
        "title": "10ft open lorry rental with driver $50per hour"
    },
    {
        "postid": "5955596596",
        "postingbody": " \n \n QR Code Link to This Post \n  \n \nCall now for our affordable prices... \n \nOur Services; \n \nOffice relocation \nDisposal \nMoving services \nPacking services \nWrapping services \nTransport services \nDelivery of office items from point A to point B. C, or more.. \nDismantle &amp; Assemble of furnitures \nCall us Now: \n \nBella @ 8494 9458 \nJay @ 9857 1858 \nKaren @ 963O I624 \n ",
        "title": "Cheap Transportation/ House Mover/ Movers/ Disposal &gt;&gt; 24/7"
    },
    {
        "postid": "5951577643",
        "postingbody": " \n \n QR Code Link to This Post \n  \n \nAll Furniture Door to Door Transport, Movers, Delivery, Removal, Disposal with movers / 10ft covered lorry. \nHome/Office furniture Disposal Specialist to dispose your unwanted furniture. \n~~~~~~~~~~~~~~~~~~~ \nFor quote, Pls Whatsapp, sms your, \n1. Detail of items with pics. \n2. Both address with POST code. \n3. Are both address at lift/ground level? \n4. Date / time. \n \nWhatsapp to: 9320-1238 \nAs we're constantly on job, appreciate if you could text us your detail. \nThank you     ",
        "title": "Furniture Transport, Delivery, Disposal"
    },
    {
        "postid": "5923906109",
        "postingbody": " \n \n QR Code Link to This Post \n  \n \nFurniture/appliance disposal services \n \nWe specialize in furniture/appliance removal/disposal \n \nisland wide service \nwe dispose for you! \n \nSms me the following detail for a quote:  \n1) pick up point lift level? stairs required?  \n2) Detail and dimension of the furniture/appliance you want to dispose?  \n3) whatsapp me Photo if any \n \n \nsms/whatsapp/call mr liu@9788 9276 for enquiries     ",
        "title": "Furniture/appliance disposal services"
    },
    {
        "postid": "5955687963",
        "postingbody": " \n \n QR Code Link to This Post \n  \n \nWe are reliable, cheap &amp; efficient! \n \nOur services included: \n# Residential Relocation Services&#8232; \n# Commercial Moving Services&#8232; \n# Events Moving Services \n# Piano Removal &amp; Relocation \n&#8232;# Dismantling &amp; Assembling Services \n&#8232;# Packing &amp; Unpacking Services&#8232; \n# Disposal Services  \n# Storage Services \n \n \nCall 82652627 or email us now for free estimate. We provide customized services to fit your need. Whatever your needs, we're available. No hidden cost!     ",
        "title": "82652627 Reliable, Cheap &amp; Efficient Movers Service - 82652627"
    },
    {
        "postid": "5958326653",
        "postingbody": " \n \n QR Code Link to This Post \n  \n \nBullet Express offers all transport/ courier / moving services for items which do not need a lorry.. Beds, mattresses, shelf, coffee tables, TV, ikea purchases...and other appliances can be moved within 3 hours of receiving your call. Special price of $38 offerred for pickups originating in town / shenton way /orchard areas 10 to 12noon.  Please contact us at 96555590     ",
        "title": "WE LIKE TO MOOVE IT MOVIT.. 96 5555 90"
    },
    {
        "postid": "5927820178",
        "postingbody": " \n \n QR Code Link to This Post \n  \n \nAffordable, Reliable &amp; Safe Moving Services To Solve Your Problems (Even If Urgent/Last Minute)! \nPrices - By Covered Van \n \n1. From $40 - Small Items (Bags, Boxes etc.) \n2. From $50 - Bulky Items/Disposal (Furniture etc.) \n \nFor Immediate Quotation Kindly Provide The Information Below: \n \n1. Date &amp; Time \n2. Items to Move \n3. From &amp; To: (Postal Code) \n4. Lift Landing Available \n*Dismantle/Assemble &amp; Manpower charges separately \n \nFor Any Enquiries, Kindly SMS / Whatsapp / Wechat / Call Us at +\n  show contact info \n \n \nThank You! \n ",
        "title": "DEZ Transport - Affordable, Reliable &amp; Safe Moving Services"
    },
    {
        "postid": "5918626381",
        "postingbody": " \n \n QR Code Link to This Post \n  \n \nWe specialize in furniture/appliance removal \n \n island wide service \n \n plastic wrapping for your furniture/appliance  \n \n we carry for you \n \n We deliver your purchases from seller house to your house \n \n Sms me the following detail for a quote: \n 1) both side lift level? stairs required? \n 2) From where to where? \n 3) Detail and dimension of the furniture/appliance? \n 4) whatsapp me Photo if any \n \n Sms or call kang@8279 5061 for enquiries     ",
        "title": "furniture/appliance buyer &amp; seller take a look8279 5061"
    },
    {
        "postid": "5954252240",
        "postingbody": " \n \n QR Code Link to This Post \n  \n \nBuying/selling fridge/washer/dryer/dishwasher? \nKeep my hp number for future reference \n \n10ft open lorry with driver &amp; mover to deliver, load &amp; unload your item from location A to location B for you(door to door) \n \nIsland wide service \nNo GST! No ERP! \n \nJust sms/whatsapp me more detail(with pic) of the item you want us to deliver for a quote. And is both address lift level? \n \n \n \nwhatsapp/sms/call mr liu@ 9788 9276 for booking and enquiry \n \nwe also provide disposal service at affordable rate     ",
        "title": "Buying/selling fridge/washer/dryer/dishwasher on craig?"
    },
    {
        "postid": "5955931873",
        "postingbody": " \n \n QR Code Link to This Post \n  \n \nNEED A HELPING HAND? MOVING? RELOCATING? DISPOSALS? \n \nCheckmate Logistics specializes in: \n- House Moving \n- Office Relocation \n- Furniture Delivery \n- Room Shifting \n- Ad-hoc Delivery \n- Disposals \n- Lorry rental w/ driver \n \nJust call us, Checkmate Logistics is here to be of service to you! \n \nAnd if it interests you, let's work together! Engage us to be your efficient courier service! Checkmate Logistics would be more than willing to help you courier even your large bulky items to your customers for you, fuss free! \n \nCheckmate Logistics even caters to urgent and last minute bookings! \n \nCome to us! Ok, more like we'll come to you! ;) \n \nCONTACT US WHENEVER!  \n \nHp: 87835938 \nEmail: \n  show contact info \n ",
        "title": "Moving/Relocating/Disposals"
    },
    {
        "postid": "5954361896",
        "postingbody": " \n \n QR Code Link to This Post \n  \n \nMovers for Door to Door, Islandwide Transport, Moving, Disposal Svc with movers, 10ft covered lorry. \nWe also provide manpower / helper / labor / handyman and cheap warehouse storage from $50/mth. \n \nFor quick quote, Pls Whatsapp, sms us your, \n1. Detail of items with picture. \n2. All address with POST code. \n3. Condo or HDB \n4. Are both address at lift/ground level? \n5. Date / time. \n \nAs we're constantly on job, appreciate if you could whatsapp us your details. \nHp: 932O. I238 \nThank you     ",
        "title": "Cheap warehouse Storage, Transport, Movers, Moving, Disposing"
    },
    {
        "postid": "5923910370",
        "postingbody": " \n \n QR Code Link to This Post \n  \n \nFurniture/appliances delivery service \n \n10ft open lorry with driver &amp; mover to load &amp; unload your stuff \nIsland wide service(from any location to any location) \nfor quote sms me the following detail: \n1) detail of the item/stuff you want to move? \n2)from where to where? \n3)both address lift level? \n4) the date and time you need my service. \n \n \nSms or call mr liu at 9788 9276 for enquiries     ",
        "title": "Furniture/appliances delivery service"
    },
    {
        "postid": "5957195935",
        "postingbody": " \n \n QR Code Link to This Post \n  \n \nWant some efficient furniture-moving service? We guarantee you safe and quick deliveries, charging perfectly reasonable price. We move a range of product, inclusing TV, refrigerators, furnitures, washing machine and many more.Removal service are also provided. We are open daily. \n ",
        "title": "MOVER, DELIVERY, TRANSPORT FROM $40. CALL 93357777"
    },
    {
        "postid": "5950698088",
        "postingbody": " \n \n QR Code Link to This Post \n  \n \nCheap and steady with fixed price when you call in! \nNo hidden cost.   \n24hours free quotation!!  \n \nLuggage airport transfer, need a van for moving or need anything for transport  \nAll type different transport services we are here to provide!   \n \nAnytime,any day include weekend and public holiday!   \n \nIkea, courts, airport or Mustafa!   \n \nCall or whatapps now at 86968218 for quotation ! \n \nPrice start from $30-/  \nLabour price additional $22-/ only!   \n \n ",
        "title": "VAN MOVERS / Airport luggage transfer 86968218"
    },
    {
        "postid": "5951282792",
        "postingbody": " \n \n QR Code Link to This Post \n  \n \nAll Time Door to Door, one to one customer Islandwide Transport, Moving, Disposal Svc with movers, 10ft covered lorry. \nWe also provide manpower / helper / labor / handyman services. \n \nFor quick quote, Pls Whatsapp, sms us your, \n1. Detail of items with picture. \n2. All address with POST code. \n3. Condo or HDB \n4. Are both address at lift/ground level? \n5. Date / time. \n \nAs we're constantly on job, appreciate if you could whatsapp us your details. \nHp: 932O. I238 \nThank you     ",
        "title": "All Time Transport, Movers, Moving, Disposing Svc"
    },
    {
        "postid": "5918627272",
        "postingbody": " \n \n QR Code Link to This Post \n  \n \n$50 per trip onw(self loading &amp; unloading) \n \nmax60min per trip \n \nno hidden cost  \n \nfree usage of trolley \n \njust call/sms kang@8279 5061for enquiries     ",
        "title": "10ft lorry transport service-$50 per trip (8279 5061)"
    },
    {
        "postid": "5956975520",
        "postingbody": " \n \n QR Code Link to This Post \n  \n \nREMOVAL / LIPAT BAHAY SERVICES TO ANY POINT IN SINGAPORE -  \nCall: Ms. Lilet (66521890) \nSMS 90229049 Attn: Lilet \n \nFree use of  trolley, provide plastic wrapping if needed, dismantling / reassembling for your convenient. \n \n10ft. Lorry charges \nLorry Loading Area in feet = 10 Length x 5 Width x 6 Height \n \n$60 per hour      10ft Lorry and driver to drive only  \n$100 per hour    10ft Lorry and driver + 1 helper (both will carry) \n$130 per hour    10 ft lorry + 3 men to help moving  \n$300 per trip      10ft box lorry  with 2-3 men  \n \nVan Charges \nVan Loading Area in feet = 8 Length x 4 Height x 4 Width \n \n$40 per hour   Van and driver to drive only  \n$80 per hour   Van and driver + 1 helper(both will carry)  \n \nOTHER ADDITIONAL CHARGES: \nAdditional charges for house not on a lift level = $10 per level per mover \nAdditional charges after 5pm = $10 per hour per mover \nAdditional charges for weekends = $10 per mover \nAdditional charges for extra location =$10 per mover per location \n \nWe accept early bookings. \n \nWe will show up no matter how busy we are because we are not working alone. This is important to you because if you hire someone who is working alone, he may not turn up if his lorry breaks down or his previous job is delayed.     ",
        "title": "REMOVAL / LIPAT BAHAY SERVICES CALL 66521890"
    },
    {
        "postid": "5950774250",
        "postingbody": " \n \n QR Code Link to This Post \n  \n \n24hours free quotation!!  \nFast and steady!  \nNo hidden cost.  \nFixed price after deal.   \nNo more extra cost!   \n \nLuggage airport transfer, need a van for moving or need anything for transport  \nAll type different transport services we are here to provide!  \n \nAnytime,any day include weekend and public holiday!  \n \nIkea, courts, airport or Mustafa!  \n \nCall or whatapps now at 86968218 for quotation ! \n \nPrice start from $30-/  \nLabour price additional $22-/ only!  \n ",
        "title": "24hr Fast mover and transport at 86968218"
    },
    {
        "postid": "5957029343",
        "postingbody": " \n \n QR Code Link to This Post \n  \n \nHad a 10 feet lorry and van, if anyone need to transport your items .Taxi or car cannot handle your items.Wanna know more details, pls contact 9 nine four four six 4 seven seven 3 \nThanks \n ",
        "title": "Simple and professional pickup transport service"
    },
    {
        "postid": "5957102169",
        "postingbody": " \n \n QR Code Link to This Post \n  \n \nAnyone need to move house items to a place. \n \nYour car or cab unable fit in all your items, \n \nhad a convenience lorry , to move your items to your place \n \nHp 9 four four six four seven seven 3     ",
        "title": "EVERYDAY TRANSPORT"
    },
    {
        "postid": "5951220061",
        "postingbody": " \n \n QR Code Link to This Post \n  \n \nCOVERED VAN / LORRY for REMOVAL SERVICES (Lipat Bahay/kwarto)  \nCall Ms Let @ 66521890 \nSMS 90229049 Attn: Lilet \n \nFree use of  trolley, provide plastic wrapping if needed, dismantling / reassembling for your convenient. \n \nOur quotation system is fair in such that we do not allow our workers to ask for more before or after the moving. \n \n10ft. Lorry charges \nLorry Loading Area in feet = 10 Length x 5 Width x 6 Height \n \n$60 per hour      10ft Lorry and driver to drive only  \n$100 per hour    10ft Lorry and driver + 1 man to help move items  \n$130 per hour    10 ft lorry + 3 men to help moving  \n$300 per trip      10ft box lorry  with 2-3 men  \n \nVan Charges \nVan Loading Area in feet = 8 Length x 4 Height x 4 Width \n \n$40 per hour   Van and driver to drive only  \n$80 per hour   Van and 2 man to help move items   \n \nOTHER ADDITIONAL CHARGES: \nAdditional charges for house not on a lift level = $10 per level per mover \nAdditional charges after 5pm = $10 per hour per mover \nAdditional charges for weekends = $10 per mover \nAdditional charges for extra location = $10 per mover per location \n \nWe accept early bookings.     ",
        "title": "VAN OR LORRY NEEDS FOR REMOVAL / LIPAT BAHAY CALL 66521890"
    },
    {
        "postid": "5954534847",
        "postingbody": " \n \n QR Code Link to This Post \n  \n \nNEED A HELPING HAND? MOVING? RELOCATING? DISPOSALS? STORAGE? \n \nCheckmate Logistics specializes in: \n- House Moving \n- Office Relocation \n- Furniture Delivery \n- Room Shifting \n- Ad-hoc Delivery \n- Disposals \n- Lorry rental w/ driver \n \nJust call us, Checkmate Logistics is here to be of service to you! \n \nAnd if it interests you, let's work together! Engage us to be your efficient courier service! Checkmate Logistics would be more than willing to help you courier even your large bulky items to your customers for you, fuss free! \n \nCheckmate Logistics even caters to urgent and last minute bookings! \n \nCome to us! Ok, more like we'll come to you! ;) \n \nCONTACT US WHENEVER!  \n \nHp: 87835938 \nEmail: \n  show contact info \n ",
        "title": "MOVING/RELOCATING/DISPOSALS/STORAGE"
    },
    {
        "postid": "5952658671",
        "postingbody": " \n \n QR Code Link to This Post \n  \n \nDoor to Door, one to one customer Islandwide Transport, Moving, Disposal Svc with movers, 10ft covered lorry. \nWe also provide manpower / helper / labor / handyman  and cheap warehouse storage. \n \nFor quick quote, Pls Whatsapp, sms us your, \n1. Detail of items with picture. \n2. All address with POST code. \n3. Condo or HDB \n4. Are both address at lift/ground level? \n5. Date / time. \n \nAs we're constantly on job, appreciate if you could whatsapp us your details. \nHp: 932O. I238 \nThank you     ",
        "title": "Door to Door Transport, Movers, Moving, Disposing, cheap Storage"
    },
    {
        "postid": "5957316944",
        "postingbody": " \n \n QR Code Link to This Post \n  \n \nLooking for\u00a0good and cheap transport\u00a0 with labour. Call me any time, any day. \n ",
        "title": "Mover, transport, Disposal From $40.. Call 81118862"
    },
    {
        "postid": "5958640442",
        "postingbody": " \n \n QR Code Link to This Post \n  \n \nNEED A HELPING HAND? MOVING? RELOCATING? DISPOSALS? \n \nCheckmate Logistics specializes in: \n- House Moving \n- Office Relocation \n- Furniture Delivery \n- Room Shifting \n- Ad-hoc Delivery \n- Disposals \n- Lorry rental w/ driver \n \nJust call us, Checkmate Logistics is here to be of service to you! \n \nAnd if it interests you, let's work together! Engage us to be your efficient courier service! Checkmate Logistics would be more than willing to help you courier even your large bulky items to your customers for you, fuss free! \n \nCheckmate Logistics even caters to urgent and last minute bookings! \n \nCome to us! Ok, more like we'll come to you! ;) \n \nCONTACT US WHENEVER!  \n \nHp: 87835938 \nEmail: \n  show contact info \n ",
        "title": "Checkmate Logistics - Mover"
    },
    {
        "postid": "5921563027",
        "postingbody": " \n \n QR Code Link to This Post \n  \n \nAnyone need to move house items to a place. \n \nYour car or cab unable fit in all your items, \n \nhad a convenience lorry , to move your items to your place \n \nMobile no 9 four four six four seven seven 3     ",
        "title": "Finding punctual  transport service now ?"
    },
    {
        "postid": "5921563027",
        "postingbody": " \n \n QR Code Link to This Post \n  \n \nAnyone need to move house items to a place. \n \nYour car or cab unable fit in all your items, \n \nhad a convenience lorry , to move your items to your place \n \nMobile no 9 four four six four seven seven 3     ",
        "title": "Finding punctual  transport service now ?"
    },
    {
        "postid": "5921566776",
        "postingbody": " \n \n QR Code Link to This Post \n  \n \nAnyone need to move house items to a place. \n \nYour car or cab unable fit in all your items, \n \nhad a convenience lorry , to move your items to your place \n \nMobile @ nine 4 four 6 four 77 3     ",
        "title": "ON TIME transport available now"
    },
    {
        "postid": "5932093292",
        "postingbody": " \n \n QR Code Link to This Post \n  \n \n&#9733;&#9733;(REASONABLE PRICE FOR VAN SERVICE)&#9733;&#9733; \n \n&#9733;&#9733;(QUOTATION THRU SMS ONLY)&#9733;&#9733; \n \nFor enquiries pls SMS your: (1) Detail of items. (2) Both address with post code. \n(3) Are both add,at lift level? (4) Date &amp; time. \n \nSERVICE: (1) Transport without labour. (2) Transport with driver assist. (3) Transport with driver and labour assist. \n \nHAVING DIFFICULTY IN GETTING CHEAPEST CHARGE? I CAN PROVIDE YOU A COVERED TOYOTA HIACE VAN, FROM $40 ONWARDS.SMS ME (ALIF) AT MY MOBILE (84005231),FOR FURTHER INQUIRY. \n \n&#9733;&#9733;(Your BUDGET is always my PRIORITY)&#9733;&#9733; \n \n[[ SERVICES THAT I PROVIDE ]] \n \n&#9733; MINOR ROOM SHIFTING.  \n \n&#9733; DISPOSAL SERVICE. \n \n&#9733; TRANSPORT ITEM FROM IKEA. \n \n&#9733; TRIP TO CHANGI AIRPORT. \n \n&#9733; EVENT AND EXHIBITIONS: (EG: KARAOKE ENTERTAINMENT, CATERING) \n \nLAST BUT NOT LEAST,ANYTHING THAT NEEDS TO TRANSPORT USING VAN, IM HERE SINCERELY WAITING FOR YOUR CALL. SAVE MY NUMBERS, AS IT WILL BE USEFUL FOR YOUR FUTURE NEEDS.  \n \n&#9733;&#9733;(Your SATISFACTION is my GAIN)&#9733;&#9733; \n \nTag: queen, Super single,single mattress. single, queen bed frame. wardrobe. dressing table. bedside table. sofa. table. coffee table. side table. dinning table. bar table. chairs. armchairs. bar stools. office chair. outdoor furniture. tv console. shoe rack. mirror. oven. washing machine. dryer. fridge. dish washers. baby cot. study table. bicycle. tv. disposal. sofa bed. daybed. ikea. bench. desk. fan. speaker. computer table. bookshelf. lounge. bed. shoe cabinet. \n \n \n \n ",
        "title": "FREELANCE VAN SVCS,ALIF 84005231.&#9733;&#9733;&#9733;&#9733;&#9733;&#9733;&amp;"
    },
    {
        "postid": "5956049390",
        "postingbody": " \n \n QR Code Link to This Post \n  \n \nNEED A HELPING HAND? MOVING? RELOCATING? DISPOSALS? \n \nCheckmate Logistics specializes in: \n- House Moving \n- Office Relocation \n- Furniture Delivery \n- Room Shifting \n- Ad-hoc Delivery \n- Disposals \n- Lorry rental w/ driver \n \nJust call us, Checkmate Logistics is here to be of service to you! \n \nAnd if it interests you, let's work together! Engage us to be your efficient courier service! Checkmate Logistics would be more than willing to help you courier even your large bulky items to your customers for you, fuss free! \n \nCheckmate Logistics even caters to urgent and last minute bookings! \n \nCome to us! Ok, more like we'll come to you! ;) \n \nCONTACT US WHENEVER!  \n \nHp: 87835938 \nEmail: \n  show contact info \n ",
        "title": "Checkmate Logistics - Moving Service"
    },
    {
        "postid": "5954610431",
        "postingbody": " \n \n QR Code Link to This Post \n  \n \nfridge delivery service \n \nWe can deliver your purchases from seller house to your house \n \nFree plastic wrapping for your fridge \n \nwe carry for you! island wide service!  \n \n \nJust call or sms kang@8279 5061enquiries     ",
        "title": "fridge delivery service8279 5061"
    },
    {
        "postid": "5950281081",
        "postingbody": " \n \n QR Code Link to This Post \n  \n \n10ft open lorry with driver &amp; mover to deliver, load &amp; unload the bulky item from location A to location B for you! \n \ngarden swing? trampoline? table tennis table? king size bed?  \n \nJust sms me more detail of the bulky you want us to deliver for a quote. And is both address lift level?  \n \n \nSms or call mr liu@9788 9276 for enquiries     ",
        "title": "bulky item removal service 9788 9276"
    },
    {
        "postid": "5955878810",
        "postingbody": " \n \n QR Code Link to This Post \n  \n \nTransportatione all kind of items , no hidden cost at all , Van and driver to drive :35-50 per trip , need driver help to carry together is additional 25-50dollars .. so still waiting for what ? ? ? Pick up ur phone and  call now to find out more from me 87327460 Louis ng              -----Transport your goods or purchases whether small or big or bulky with big covered van and reliable driver. ::::     ",
        "title": "panda delivery from 35 per trip"
    },
    {
        "postid": "5957123819",
        "postingbody": " \n \n QR Code Link to This Post \n  \n \nWe specialize in furniture/appliance moving/removal/disposal \n \nIsland wide service \n \nSms me the following detail for a quote:  \n1) lift level? stairs required?  \n2) photo of the furniture/appliance \n3) From where to where? \n \n \n \nsms/whatsapp/call kang@8279 5061 for enquirer \n \n \n \n \n \n \n \n \nTV\u2022 LCD \u2022 LED Treadmill\u2022 Dumbbell \u2022 Gym \u2022 Outdoor \u2022 Exercise \u2022 Computer table \u2022 Massage chairs \u2022 Dining table \u2022 chairs \u2022 Furniture \u2022 Drawers \u2022 Dishwasher \u2022 Washing machine \u2022 washer \u2022 fridge \u2022 refrigerator \u2022 freezer \u2022 toys \u2022 mirror \u2022 wardrobe \u2022 cupboard \u2022 cabinet \u2022 chest Tags: samsung Fridge 2 doors front load trampoline washer top load multi wine cellars bar refrigerator washing machine dryer dishwasher single queen king storage bed double bunk sofa lounge console tv frame wardrobe drawers drawer l shape L shaped dining set chairs mattress table shelf armchair chair treadmill book case rattan outdoor osim massage swing rack \u2022 storage bed \u2022 microwave \u2022 oven \u2022 sofa \u2022 couch \u2022 piano \u2022 scooter \u2022 Ebike \u2022 bicycle \u2022 Aircon \u2022 Cot \u2022 recliner \u2022Shoe Rack \u2022 House \u2022 Rental \u2022 Van\u2022 Lorry \u2022Relocation\u2022 Sales \u2022 Helper \u2022 Gift \u2022 Flowers \u2022 Plants \u2022 Lights \u2022 Celling Fan \u2022 Dismantle \u2022 Assemble \u2022 Casement Aircon \u2022 IKEA roommate room indian malaysian pinoy \n \n \n \n ",
        "title": "2nd hand furniture/appliance moving/delivery/disposal services"
    },
    {
        "postid": "5957379262",
        "postingbody": " \n \n QR Code Link to This Post \n  \n \nWhatsApp or SMS me at Shi Ting Hp +\n  show contact info \nfor delivery enquiry. \n \nShi Ting Hp +\n  show contact info \n \n \nFully Covered Box Lorry \n \nDoor to Door Delivery: \n\u2022$50 per hour for Van with 1 Mover from arrival of your place job start till job done or payment received whichever is later.(min 1hr booking) \n\u2022$80 per hr for 10ft Box Lorry with 2 Movers from arrival of your place job start till job done or payment received whichever is later.(min 1hr booking) \n\u2022$110 per hr for 14ft Box Lorry with 2 Movers from arrival of your place job start till job done or payment received whichever is later.(min 2hr booking) \n \nPricing for Mon to Fri 9am to 5pm: \n\u2022$80 per hr for 24ft Lorry with 1 driver from arrival of your place job start till job done or payment received whichever is later.(min 2hrs booking) \n\u2022$140 per hr for 24ft Lorry with tailgate with 1 driver + 2 Movers from arrival of your place job start till job done or payment received whichever is later. (min 2hrs booking) \n \nAdditional Charges: \n- Additional Charges for climbing stairs. \n- Additional charges for dispose of items at $30 per item. \n- Please take note, item must be at a weight that can carry by 1 or 2 people. \n- If item is too big and heavy for 1 or 2 person to carry, please request for 3rd manpower. \n- Additional charges for manpower = $30per hr per manpower. \n \nAdditional Services: \nPlastic Wrap - $5 per item wrapping OR \nPlastic Wrap - $30 per roll (Approx 500mX 3KG) \n \nAdditional Services: \nNew Carton Box (L55cm x W40cm x H40cm) - $3.50 per box \nFree delivery for 50boxes and above. \n$20 delivery charges per trip for purchase below 50boxes. \n \nBOOKING &amp; ENQUIRY: \nWhatsApp or SMS me at Shi Ting Hp +\n  show contact info \nfor delivery enquiry. \nTo make a booking, Please provide information such as: \n1) Date &amp; Time for Delivery \n2) Collection Address &amp; Delivery Address (with postal code) \n3) Items required installing or dismantling? \n4) List of items? Moving house or room? \n5) Require to climb any stairs? Lift landing level? \n6) Any plastic wrapping services required? \n* Pls opt for plastic or bubble wrapping services to prevent damage or scratches occur during moving. \n ",
        "title": "Cheap House moving - Mover / Movers / Lorry / Transport delivery"
    },
    {
        "postid": "5939300263",
        "postingbody": " \n \n QR Code Link to This Post \n  \n \nLooking for Reliable and Friendly helper( labor services)? \nor Handy man for your house/office work, Glass door repair. \nHere we are. \nWe do moving/disposing too. \n \nFor quote, Pls Whatsapp, sms your, \n1. Detail of job. \n2. Address with POST code. \n3. Date / time. \n4. How many man/hours. \n \nWhatsapp to: 9320-1238 \nAs we're constantly on job, appreciate if you could text us your detail. \nThank you     ",
        "title": "**Good, Reliable and Friendly Helper//Labor//Handy Man**"
    },
    {
        "postid": "5950279193",
        "postingbody": " \n \n QR Code Link to This Post \n  \n \n10ft open lorry rental with driver \n$50per hour (self loading and unloading) \n$50/60min \n$75/90min \n$100/2 hour \nIf time exceeds 10 minutes its ok, but if time exceeds 15 minutes additional charges apply. \n \nfree usage of trolley \n \ncan fit in more stuff/item than normal 10ft open lorry(take a look at the photo, you will know what i mean) \n \n \nIf u need manpower to load and unload your item for u (additional charges apply) please sms me more detail like: \n1) both side life level?  \n2) list of item, for a quote \n \n \n \nSms or call mr liu@9788 9276 for enquiries     ",
        "title": "10ft open lorry rental with driver $50per hour"
    },
    {
        "postid": "5921564576",
        "postingbody": " \n \n QR Code Link to This Post \n  \n \nAnyone need to move house items to a place. \n \nYour car or cab unable fit in all your items, \n \nhad a convenience lorry , to move your items to your place \n \nMobile @ nine 4 four 6 four 77 3     ",
        "title": "just rent/hire a lorry for transport all your stuffs"
    },
    {
        "postid": "5958583034",
        "postingbody": " \n \n QR Code Link to This Post \n  \n \nWant some efficient furniture-moving service? We guarantee you safe and quick deliveries, charging perfectly reasonable price. We move a range of product, inclusing TV, refrigerators, furnitures, washing machine and many more.Removal service are also provided. We are open daily. \n ",
        "title": "MOVER, DELIVERY, TRANSPORT FROM $40. CALL 93357777"
    }
]