[
    {
        "postid": "5928012958",
        "postingbody": " \n \n QR Code Link to This Post \n  \n \nAre you an Expat and experiencing the problem in your married life and have decided to terminate the marriage in Singapore? Contact Expat Divorce Lawyer in Singapore who can help you overcome the situation and also help you to understand the aspects that will affect your life after divorce. \n \nVisit for more information: http://expatdivorce.sg/our-lawyers/gloria-james-civetta/ \n \n ",
        "title": "Divorce Lawyer for Expat"
    },
    {
        "postid": "5951548642",
        "postingbody": " \n \n QR Code Link to This Post \n  \n \nWith more than 20 years experiences as advocate and solicitor in Singapore, Avodah Advocates LLC director Elaine Phang was also the Legal Counsel in one of the global MNCs.  \n \nApart from providing company related legal services, Avodah Advocates LLC alsp provide phone consultation over will writing.  \n \nCall us for any legal advice, questions.   \n \nFind out more at http://www.avodah.lawyer/     ",
        "title": "One of your trusted Law firms in Singapore - Avodah Advocates LLC."
    },
    {
        "postid": "5950422187",
        "postingbody": " \n \n QR Code Link to This Post \n  \n \nStaying for last 2 weeks. Contact me if u wanna meet me. Watsapp +65 nine for six six one five five three     ",
        "title": "CUTE HANDSOME BOY PH"
    },
    {
        "postid": "5885740229",
        "postingbody": " \n \n QR Code Link to This Post \n  \n \nOur Main focus in local relocations is to provide household/Residential and business organizations with expert and professional services. Trusted Moving Services with well maintained and fully functional, facilities, equipments, excellent warehouse and materials, provide comprehensive moving solutions and relocation services islandwide. We look forward to assisting you with your upcoming relocations. \n \nTrusted Moving Services \nCompany Roc:532558290 \n(Only use local and professional movers) \n5***** Services \n \nServices \n-house/condo/hdb relocation \n-office relocation \n-delivery services \n-ad hoc delivery \n-transport services \n-supply manpower \n-handyman \n-piano/safe relocation \n-storage services \n(24/7 cctv closure) \nFeel free to call our 24/7 enquiry  \nOn top of that, we provide FREE \n- boxes(to store your items). \n- quotations based on your required stuffs. \n- wrapping services to protect your items and furnitures. \n- dismantle and assemble furniture for you. \nWe provide good value services that will suit your specific needs perfectly that will tailor-make the move for your needs \nhotline:97101153 \n show contact info \n \nFacebook Page:trusted moving services     ",
        "title": "Trusted Moving Services"
    },
    {
        "postid": "5925278168",
        "postingbody": " \n \n QR Code Link to This Post \n  \n \nOur charges is based on PER TRIP. Not HOURS. Cheaper! \n \nWe specialise in  \n1. Contract delivery Service  \n2. Adhoc Delivery Service  \n3. House Moving  \n4. Disposal  \n5. Courier Service \n \nOpen Top 10ft Lorries \nBasic Price \n$50 per trip (Transport + Driver only) \n \nDoor to Door Delivery available \nOur charges is based on items \n-Please indicate items \n1) How many boxes \n2) How many luggage \n3) What kind of furniture (SEND IN PHOTOS as reference)  \nPlastic Wrap -- Free (mattress, fridge, washing machine, Tv, sofas) \n \nBOOKING &amp; ENQUIRY: \nONLY WhatsApp or SMS John at 9852 5889 for delivery enquiry. \n \nWe are team of young adults where we graduated from local university! \nWe want to bring our youthful energy to cater your moving needs! \n \nYour satisfaction is our priority. Price will be reasonable. \n \n ",
        "title": "$50 Sofa Moving/ Niklash Mover/ Furniture Disposal/ Urgent Movers"
    },
    {
        "postid": "5941744704",
        "postingbody": " \n \n QR Code Link to This Post \n  \n \nCall now for our cheap prices... \n \nWe are specialized in \n \n- office relocation \n- disposal \n- moving services \n- packing services \n- wrapping services \n- transport services \n- delivery of office items from point A to point B \n \n \nHouse/bungalow / condominium/ hdb flats relocations \n- disposal \n- moving services \n- packing services \n- wrapping services \n- transport services \n- delivery of home furniture  \n- dismantle / assemble of furniture \n \n \nCall us: \nAvelinee @ 9336 6430 \nJeannie @ 8168 4701 \nBella @ 8494 9458     ",
        "title": "Affordable + Cheap Moving Service! 24/7"
    },
    {
        "postid": "5921378405",
        "postingbody": " \n \n QR Code Link to This Post \n  \n \nFor urgent documents, two way courier, last minute deliveries or even that special surprise. uParcel gets it delivered at one flat rate. No need for confusing distance based delivery charges, delivery zones and rigid cut off times. One parcel or multiple deliveries, uParcel has the solution. We are the one of the best courier and logistic service in  \nSingapore. Our door to door deliveries will delight your customers and save you precious time queuing at the post office. Get access to thousands of uParcel delivery partners, all in one platform. Submit a delivery booking and it would be dynamically routed to nearby delivery partners best equipped for the assignment at a cost that is business friendly. \nUse uParcel now to request, ship and track parcel and start taking advantage of our simple yet effective Singapore Courier service. \n \nFeatures of uParcel- \n-Our service is Reliable \n-Fast, Easy and Affordable \n-Each lost parcel is insured upto $100 \n-Track your parcel through uParcel website or mobile app \n-Batch Deliveries \n-24/7 delivery \n \nYou can also download our mobile Apps for your convenience. \n \nuParcel courier app available on -- \n \nPlay store --  \nhttps://play.google.com/store/apps/details?id=com.uparcel \n \nApp store-  \nhttps://itunes.apple.com/us/app/uparcel-your-easiest-way-to/id1028942968?mt=8 \n \nContact Us: \nAddress: 8 Burn Road, Trivex, #15-13, Singapore 369977 \nWebsite- http://www.uparcel.sg \nContact Number: 6581113982 \nWhatsApp/WeChat/LINE: 81113982 \nEmail:  \n  show contact info \n ",
        "title": "Your Best Courier Service in Singapore - uParcel"
    },
    {
        "postid": "5930285883",
        "postingbody": " \n \n QR Code Link to This Post \n  \n \nJust sign up a tutor with us and free exam papers like Tao Nan School's are yours! \n \nTutors available - part time and full time, including current and ex teachers, for levels from kindergarten to university.  \n \nLessons in music, swimming, foreign languages, and special courses also available. \n \n Your benefits: \n - PERFECT match of tutors who best suit your needs and budget \n - FREE access to e-learning/ assessments (usual price: $50/month)  \n - FREE shopping vouchers to redeem from accumulated points for every dollar paid/spent  \n - FREE replacement of tutor, anytime  \n - DISCOUNTED assessment books \n- And more. . . \n \nContact Megan / 90279933 today!     ",
        "title": "FREE TOP SCHOOL EXAM PAPERS!"
    },
    {
        "postid": "5903263089",
        "postingbody": " \n \n QR Code Link to This Post \n  \n \nIf the two couples want to separate for a divorce immediately an agreement must be put formally. You have to decide with your spouse for the Marriage Separation. For more information contact us at- 6699 7313. \n \nVisit us: http://sgdivorcehelp.com/deed-of-separation/     ",
        "title": "Marriage Separation"
    }
]