[
    {
        "postid": "5958538894",
        "postingbody": " \n \n QR Code Link to This Post \n  \n \nOnline Live Singer Wanted! \nIn this new era of technology, 90% of people are inseparable from the network.  \n \nWe provide a never before Online Live Platform. We want someone like you with singing talent to join our ONLINE LIVE PERFORMANCE TEAM. \n \nPlease SMS / WhatsApp 9734 5915 for audition with your: \n - Name [NRIC] \n- Age \n- Gender \n- Occupation \n ",
        "title": "Online Live Singer Wanted!"
    },
    {
        "postid": "5952961928",
        "postingbody": " \n \n QR Code Link to This Post \n  \n \nAttention all Ladies!   \nWe're looking for Caucasian/Pan-Asian/Chinese Female models (long hair - below shoulder length, early 20s - mid 20s) \n \nPlease see the details below: \t \n \nProject Title: Hairstyling Video Shoot \nShoot Dates: Late January \nShoot Fees: To be advised if further shortlisted \nCasting Dates: 11th Jan 2017 - 18th Jan 2017 \n \nHurry and grab the chance! \nInterested in being part of our modelling team? \n \nTo be Model: enquiries()createtalentsandmodels.com \nReach us now at 6339 3211! \nBook our Model Talent: bookings()createtalentsandmodels.com \nCall us at 6336 6010! \nWebsite: http://createtalentsandmodels.com/   \nFacebook: https://www.facebook.com/CreateTalentsandModelsSingapore/  \nTwitter: https://twitter.com/create_talents \n ",
        "title": "Create Talents and Models -- Hairstyling Video Shoot Casting Call"
    },
    {
        "postid": "5915825266",
        "postingbody": " \n \n QR Code Link to This Post \n  \n \nWe are looking for indian male age between 30 to 35 years old for a senior position role. \n \nPlease see the details below: \n \nProject Title: Educational program shoot \nShoot Dates:  December 2016 \nFees: To be advised further if shortlisted \n \nDo you know of anyone (friends/ family members) that might suit the criteria and might be interested? Spread the news! \n \nInterested models please call 6323 2171 or email us \n  show contact info \n to arrange an appointment for casting and meet up with us! \n \nHurry and grab the chance! \n \nVisit us @ http://imodelsholdings.com/educational-program-shoot-casting-call/     ",
        "title": "Educational program shoot - Casting Call"
    },
    {
        "postid": "5921211230",
        "postingbody": " \n \n QR Code Link to This Post \n  \n \nAttention all Ladies! \n \nWe are looking for Pan Asian/Asian Female models (Mid 20s - Late 30s) \n \n \nAll Models / Talents are welcomed with or without experience. \n \nPlease see the details below: \n \nProject Title \t\t: Shopping Mall Print Shoot \nShoot Dates\t\t: Late January \nShoot Fees\t\t: To be advised further if shortlisted \nCasting Dates\t\t: 17th Dec 2016 - 24th Dec 2016 \n \nDo you know of anyone (friends / family members) that might suit the criteria and might be interested?  \n \nSpread the news! \n \nInterested models please call 6339 3211 to arrange an appointment  \nfor casting and meet up with us!        \n \nWebsite: http://createtalentsandmodels.com/  \nTwitter: https://twitter.com/create_talents \nYoutube: https://www.youtube.com/c/CreateTalentsandModelsSingapore     ",
        "title": "Create Talents and Models - Shopping Mall Print Shoot"
    },
    {
        "postid": "5917198442",
        "postingbody": " \n \n QR Code Link to This Post \n  \n \nWe are looking for Pan Asian Females with good complexion,young,beautiful and has sharp features in their early 20's to mid 20's \n \nPlease see the details below: \n \nProject Title: Contact Lens Print Ad \nShoot Dates:  December 2016 \nFees: To be advised further if shortlisted \n \nDo you know of anyone (friends/ family members) that might suit the criteria and might be interested? Spread the news! \n \nInterested models please call 6323 2171 or email us \n  show contact info \n to arrange an appointment for casting and meet up with us! \n \nHurry and grab the chance! \n \nVisit us @ http://imodelsholdings.com/contact-lens-print-ad-casting-call/ \n ",
        "title": "Contact Lens Print Ad - Casting Call - iModels holdings"
    },
    {
        "postid": "5913110093",
        "postingbody": " \n \n QR Code Link to This Post \n  \n \nAttention all Ladies &amp; Gents! \n \nWe are looking for Pan Asian/Asian Female Models (Early 20s - Mid 20s, fair skin, long hair preferred) \n \nAll Models / Talents are welcomed with or without experience. \n \nPlease see the details below: \n \nProject Title \t\t: Beauty Salon Print Ad Shoot \nShoot Dates\t\t: Late December \nShoot Fees\t\t: To be advised further if shortlisted \nCasting Dates\t: 12th Dec 2016 - 17th Dec 2016 \n \nDo you know of anyone (friends / family members) that might suit the criteria and might be interested?  \n \nSpread the news! \n \nInterested models please call 6339 3211 or send email @ \n  show contact info \n to arrange an appointment for casting and meet up with us!        \n \nWebsite: http://createtalentsandmodels.com/  \nTwitter: https://twitter.com/create_talents \nYoutube: https://www.youtube.com/c/CreateTalentsandModelsSingapore     ",
        "title": "Create Talents and Models - Beauty Salon Print Ad Shoot Casting Call"
    },
    {
        "postid": "5958535243",
        "postingbody": " \n \n QR Code Link to This Post \n  \n \nProfessional Singing and Stage Performing Program  \nWe have a upcoming Singing Program,&#12304;Professional Singing and Stage Performing &#12305;for all of those who loves music. \n \nProgram contents&#65306; \n- Professional Singing Skills (eg&#65306;breathing method&#65292;different types of vocals projections) \n- Stage Performance (body language and expression) \n \nIf you would like to join our Singing course,  \nplease contact 9734 5915 for more details. \n ",
        "title": "Professional Singing and Stage Performing Program"
    },
    {
        "postid": "5921412314",
        "postingbody": " \n \n QR Code Link to This Post \n  \n \nIf you: \n \n- are passionate about doing social good in a big way \n \n- are a UI/UX guru \n \n- like to enjoy the benefit of working from anywhere, at your pace while still holding onto your personal time and space for work for income \n \n- either like to get back into the startup scene again or curious to get involved in a startup without losing too much in terms of giving up work and loss of income \n \n- preferably was involved in a startup in some ways \n \nget in touch! \n \nWe are a small team with big dreams of disrupting the mental health space in a big way. It is our way of starting a simple project to align our working methods, see if we can pull off something within a reasonable timeline, without the stress of VC or angel funds, so we can grow organically. It will be fun and there is an idea pipeline so if the working styles complement, there is a possibility of taking on other projects on different scales. The existing team comprises of folks who have been involved in startups before.  \n \nThere is no requirement to go full time (yet) but passion is the #1 criteria.  \n \n#teambeforeproduct     ",
        "title": "Seeking passionate Designer"
    },
    {
        "postid": "5930213950",
        "postingbody": " \n \n QR Code Link to This Post \n  \n \nAttention all Ladies ! \n \nWe are looking for Pan Asian/Eurasian/Chinese Female model (min. 1.65m, size S-M) \n \nAll Models / Talents are welcomed with or without experience. \n \nPlease see the details below: \n \nProject Title : Online Fashion Photoshoot \nShoot Dates : Late January 2017 \nShoot Fees : To be advised further if shortlisted \nCasting Dates : 24th Dec 2016 - 31st Dec 2016 \n \nDo you know of anyone (friends / family members) that might suit the criteria and might be interested? \nSpread the news! \n \nInterested models please call 6339 3211 to arrange an appointment  \n \nfor casting and meet up with us! \n \nWebsite: http://createtalentsandmodels.com/  \nTwitter: https://twitter.com/create_talents \nYoutube: https://www.youtube.com/c/CreateTalentsandModelsSingapore     ",
        "title": "Create Talents and Models -- Online Fashion Photoshoot Casting Call"
    },
    {
        "postid": "5898815340",
        "postingbody": " \n \n QR Code Link to This Post \n  \n \nWe are looking for Media/Art Interns to join our team! If you love working in a fast-paced rewarding environment, then we want to talk to you! \nInterested candidates, kindly send your updated resume to mgt()createtalentsandmodels.com \nJob Description &amp; Requirement:  \n\u2022\tOrientation and familiarisation of the products and services of the company. \n\u2022\tEvents management -- assist in the quotation, presentation (if any) and execution of trade shows and events. \n\u2022\tGeneral administrative work, drafting of invoices, contracts, etc. \n\u2022\tProvide Helpdesk Support \n\u2022\tWork hand-in-hand with marketing team to maintain corporate website, increase reach of website and other digital/social mediums with up-to-date information and activities \n\u2022\tAdminister incoming models requests over the phone/email for appointment booking, administrative follow up and referrals. \n\u2022\tCandidate must be currently pursuing at least a Diploma or Bachelor's Degree in Business Studies/Administration/Management, Human Resource Management, and Economics, Marketing, Commerce or equivalent. \n\u2022\tInternship position(s) for duration of 4 month(s). \nOther benefits: \n\u2022\tExcellent working environment. \n\u2022\tSignificant career development. \n\u2022\tWage system including basic commensurate with experience and productivity incentives. \n\u2022\tTraining provided. \nYou can also view Job Application Link Online: \nhttp://siva-sg.jobstreet.com/_ads/sg/jobs/2016/4/default/20/5175914.htm?9163415  \nOr \nCheck our Facebook page for detailed job description https://www.facebook.com/CreateTalentsandModelsSingapore/ \n ",
        "title": "Media/Art Students - CREATE TALENTS AND MODELS"
    },
    {
        "postid": "5907503570",
        "postingbody": " \n \n QR Code Link to This Post \n  \n \nAttention all Gents!   \nWe're looking for Chinese Male (Early 20s - Late 30s) \n \nPlease see the details below: \t \n \nProject Title: Mediacorp Drama Series \nShoot Dates: Mid December \nShoot Fees: To be advised if further shortlisted \nCasting Dates: 7th Dec 2016 - 14th Dec 2016 \n \nHurry and grab the chance! \nTo be Model: enquiries()createtalentsandmodels.com \nReach us now at 6339 3211! \n \nWebsite: http://createtalentsandmodels.com/   \nFacebook: https://www.facebook.com/CreateTalentsandModelsSingapore/  \n ",
        "title": "Create Talents and Models -- Mediacorp Drama Series Casting Call"
    },
    {
        "postid": "5921389421",
        "postingbody": " \n \n QR Code Link to This Post \n  \n \nWe are looking for caucasian male model age between 25 to 35 years old with minimum height of 1.83m and above. \n \nEuropean male with chiselled feature would be a plus. \n \nPlease see the details below: \n \nProject Title: PLAUN online lookbook shoot \nShoot Dates:  January 2017 \nFees: To be advised further if shortlisted \n \nDo you know of anyone (friends/ family members) that might suit the criteria and might be interested? Spread the news! \n \nInterested models please call 6323 2171 or email us \n  show contact info \n to arrange an appointment for casting and meet up with us! \n \nHurry and grab the chance! \n \nVisit us @ http://imodelsholdings.com/plaun-online-lookbook-shoot-casting-call/     ",
        "title": "PLAUN online lookbook shoot - Casting Call"
    },
    {
        "postid": "5955346165",
        "postingbody": " \n \n QR Code Link to This Post \n  \n \nThis is a 6 month rolling contract with a singapore based start up in the e-commerce world. \n \nAbout you \nYou are a driven, self motivated, energetic and curious and entrepreneurial young professional. You need to be a star in generating/creating content, researching, editing videos, editing images and managing multiple priorities. Your sole game is content creation for social media and marketing coordination - you will likely have some training in graphic design or video editing. Thats it. You will be a one man/woman team supported by two cofounders who are hands on. Most likely will work out of a co-working space or remotely as needed. There will be 1-2 days a month when weekend work is required but we are super flexible with regards to time off and working arrangements. We don't care what qualifications you have or dont have...  as long as you understand the above - we will test your knowledge during interview but most of all we want to see your energy and attitude. \n \nRequirements:  \n* Adobe Photoshop/Indesign/Premier skills get you to the top of the list \n* Strong layout skills with a strong foundation of design fundamentals and colour theory. \n* Excellent English language written communication skills \n* up-to-date with new media; digital and social media savvy \n* Self-motivated, target driven, and able to work independently \n* Strong team player with a focus on productivity and deadlines \n* A perfectionist with an eye for detail down to the last pixel. \n* We like designers who ask questions and strive for quick, continuous learning. \n* Good attitude and personality. \n* able to think of the box \n \nAbout us \nWe are two co-founders running two e-commerce businesses and super excited about the prospect of bringing in someone on-board. The business is in the personal care business (skincare, hair, baby-care, etc) we are focused on promoting high quality products that are safe, ethical and eco in nature. The industry we are in is worth over 400 Billion annually and its experiencing disruption through a change in people's mindset and values.  \n \nWhat's in it for you:  \n- An opportunity \n- 1.8K per month \n- Quarterly bonus tied to KPI's \n- Experience &amp; exposure: you get be part of a brand new start up and see how the business is built ground up. You will take part in strategy, tactics, interviews with industry practitioners &amp; business founders, etc \n \n1/2 yearly revisions of salary tied to your performance and impact to bottom line.     ",
        "title": "Digital Content &amp; Marketing Hustler"
    },
    {
        "postid": "5872524133",
        "postingbody": " \n \n QR Code Link to This Post \n  \n \nWe are looking for Chinese or Pan Asian female age between 18 to 28 years old for portrait shoot, Preferably female model with oval shape face and love shape face. \n \nAll Models/Talents are welcomed with or without experienced. \n \nPlease see the details below: \n \nProject Title: Pharmacy Print Advertisement \nShoot Dates: November 2016 \nFees: To be advised further if shortlisted \n \nDo you know of anyone (friends/ family members) that might suit the criteria and might be interested? Spread the news! \n \nInterested models please call 6323 2171 or email us \n  show contact info \n to arrange an appointment for casting and meet up with us! \n \nHurry and grab the chance! \n \nVisit us @ http://imodelsholdings.com/pharmacy-print-advertisement-casting-call/     ",
        "title": "Pharmacy Print Advertisement - Casting call"
    },
    {
        "postid": "5957205713",
        "postingbody": " \n \n QR Code Link to This Post \n  \n \nAre you an aspiring model looking to enter the industry? \nLooking for a fun and interesting part time job? \n \nWe will provide a complimentary professional photoshoot along with further work opportunities for events and corporate videos.  \n \nKindly send us 5 of your best looking photos, (with one full body and close up) to \n  show contact info \n \n \nApply now and begin your path to stardom! =D \n \n \n ",
        "title": "Calling for all Aspiring Models!!!"
    },
    {
        "postid": "5955823297",
        "postingbody": " \n \n QR Code Link to This Post \n  \n \nWe are looking for Pan Asian/Caucasian male and females ranging from mid 20's - mid 30's and a girl age from 5 -10 years old \n \nPlease see the details below: \n \nProject Title: Property Shoot \nShoot Dates: January 2017 \nFees: To be advised further if shortlisted \n \nDo you know of anyone (friends/ family members) that might suit the criteria and might be interested? Spread the news! \n \nInterested models please call 6323 2171 or email us \n  show contact info \n to arrange an appointment for casting and meet up with us! \n \nHurry and grab the chance! \n \nVisit us @ http://imodelsholdings.com/property-shoot-casting-call-2/     ",
        "title": "Property Shoot - iModels Holdings - Casting Call"
    },
    {
        "postid": "5907476416",
        "postingbody": " \n \n QR Code Link to This Post \n  \n \nWe are looking for asian or pan asian female age between 18 to 28 years old. \n \nPlease see the details below: \n \nProject Title: Insurance shoot \nShoot Dates:  December 2016 \nFees: To be advised further if shortlisted \n \nDo you know of anyone (friends/ family members) that might suit the criteria and might be interested? Spread the news! \n \nInterested models please call 6323 2171 or email us \n  show contact info \n to arrange an appointment for casting and meet up with us! \n \nHurry and grab the chance! \n \nVisit us @ http://imodelsholdings.com/insurance-shoot-casting-call-2/     ",
        "title": "Insurance shoot - Casting Call - iModels Holdings"
    },
    {
        "postid": "5903219453",
        "postingbody": " \n \n QR Code Link to This Post \n  \n \nAttention all Ladies &amp; Gents!   \nWe're looking for Japanese/Korean Male &amp; Female model (Mid 20s - 30s) \n \nPlease see the details below: \t \n \nProject Title: Health Supplement Product Photoshoot \nShoot Dates: Mid December \nShoot Fees: To be advised if further shortlisted \nCasting Dates: 5th Dec 2016 - 12th Dec 2016 \n \nHurry and grab the chance! \nInterested in being part of our modelling team? \n \nTo be Model: enquiries()createtalentsandmodels.com \nReach us now at 6339 3211! \nBook our Model Talent: bookings()createtalentsandmodels.com \nCall us at 6336 6010! \nWebsite: http://createtalentsandmodels.com/   \nFacebook: https://www.facebook.com/CreateTalentsandModelsSingapore/  \n ",
        "title": "Create Talents and Models -- Health Supplement Product Photoshoot Casti"
    },
    {
        "postid": "5895394964",
        "postingbody": " \n \n QR Code Link to This Post \n  \n \nDuring the internship period, you will be exposed to these areas: \n \nResponsibilities: \n \n    \u2022 Your main task is to perform project co-ordination by liaising with media agencies / event companies and models / talents. \n    \u2022 Brainstorm ideas with the team in coming up with a solution for the client and model/talent \n    \u2022 Design &amp; execution of graphic design or illustration related projects to achieve client's objectives \n    \u2022 Engage with clients, external vendors, designers and illustrators during the development of projects \n    \u2022 Coordinate and monitor project schedules \n    \u2022 Source for external vendors \n    \u2022 To perform post-sales administration activities \n \nRequirements: \n \n    Candidate must be currently pursuing at least a Diploma or Bachelor's Degree in Art/Design/Creative Multimedia, Mass Communications, Advertising/Media, Textile/Fashion Design or equivalent. \n    Applicants must be willing to work in Orchard Central. \n    3 Internship position(s) for duration of 4 month(s). \n \nOther benefits: \n \n    Excellent working environment. \n \n    Significant career development. \n    Wage system including basic commensurate with experience and productivity incentives. \n    Training provided. \n \n \nInterested candidates, kindly apply online together with your detailed CVs stating your salary expectations and availability. \n \n(Only shortlisted candidates will be notified) \n \nEmail: \n  show contact info \n \nContact Us @ 63232171     ",
        "title": "Internship for Media/Art Students - iModels Holdings"
    },
    {
        "postid": "5926368935",
        "postingbody": " \n \n QR Code Link to This Post \n  \n \nAttention all Ladies &amp; Gents! \n \nWe are looking for Chinese Male models (Mid 30s - Late 40s), Chinese Female senior (Late 50s and above) \n \nAll Models / Talents are welcomed with or without experience. \n \nPlease see the details below: \n \nProject Title : Government Video Shoot \nShoot Dates : Late January 2017 \nShoot Fees : To be advised further if shortlisted \nCasting Dates : 20th Dec 2016 - 29th Dec 2016 \n \nDo you know of anyone (friends / family members) that might suit the criteria and might be interested? \nSpread the news! \n \nInterested models please call 6339 3211 to arrange an appointment  \n \nfor casting and meet up with us! \n \nWebsite: http://createtalentsandmodels.com/  \nTwitter: https://twitter.com/create_talents \nYoutube: https://www.youtube.com/c/CreateTalentsandModelsSingapore     ",
        "title": "Create Talents and Models - Government Video Shoot Casting Call"
    },
    {
        "postid": "5943182200",
        "postingbody": " \n \n QR Code Link to This Post \n  \n \nAttention all Ladies &amp; Gents!   \nWe're looking for Asian Male models (early 20s - late 30s), North Indian Female models (early 20s - early 30s) \n \nPlease see the details below: \t \n \nProject Title: Leisure Spot Print Shoot \nShoot Dates: Early January \nShoot Fees: To be advised if further shortlisted \nCasting Dates: 4th Jan 2017 - 11th Jan 2017 \n \nHurry and grab the chance! \nInterested in being part of our modelling team? \n \nTo be Model: enquiries()createtalentsandmodels.com \nReach us now at 6339 3211! \nBook our Model Talent: bookings()createtalentsandmodels.com \nCall us at 6336 6010! \nWebsite: http://createtalentsandmodels.com/   \nFacebook: https://www.facebook.com/CreateTalentsandModelsSingapore/  \nTwitter: https://twitter.com/create_talents \nYoutube: https://www.youtube.com/c/CreateTalentsandModelsSingapore \nGoogle+: https://www.google.com/+CreateTalentsandModelsSingapore \nLinkedin: https://www.linkedin.com/company/create-talents-and-models \nInstagram: https://instagram.com/createtalentsandmodels\t \nTumblr: http://createtalentsandmodels.tumblr.com/ \nPinterest : https://www.pinterest.com/createtalents/ \n ",
        "title": "Create Talents and Models -- Leisure Spot Print Shoot Casting Call"
    },
    {
        "postid": "5910448445",
        "postingbody": " \n \n QR Code Link to This Post \n  \n \nWe are looking for caucasian female age between early 20s with minimum height of 1.73m and above. \n \nPreferable model with UK size 6 and below. \n \nPlease see the details below: \n \nProject Title: Online Womanswear store \nShoot Dates:  December 2016 \nFees: To be advised further if shortlisted \n \nDo you know of anyone (friends/ family members) that might suit the criteria and might be interested? Spread the news! \n \nInterested models please call 6323 2171 or email us \n  show contact info \n to arrange an appointment for casting and meet up with us! \n \nHurry and grab the chance! \n \nVisit us @ http://imodelsholdings.com/online-womanswear-store-casting-call/     ",
        "title": "Online Womanswear store - Casting call - IModels Holdings"
    },
    {
        "postid": "5952679559",
        "postingbody": " \n \n QR Code Link to This Post \n  \n \nFinancial institute urgently hiring 20 candidates who are motivated to change their lives. Part time or Full Time. Candidates having the option to work from they own location.  \n&#9675;&#9679;&#9675;&#9679;&#9675;&#9679;&#9675;&#9679;&#9675;&#9679;&#9675;&#9679;&#9675;&#9679;&#9675;&#9679;&#9675;&#9679;&#9675;&#9679;&#9675;&#9679;&#9675;&#9679;&#9675;&#9679;&#9675;&#9679;&#9675;&#9679;&#9675;&#9679;&#9675;&#9679;&#9675;&#9679;&#9675;&#9679;&#9675;&#9679;&#9675;&#9679;&#9675;&#9679; \nData Entry Task:  \n- Monitoring a system online  \n- Placing instructions online  \n- Report issues online  \n&#9675;&#9679;&#9675;&#9679;&#9675;&#9679;&#9675;&#9679;&#9675;&#9679;&#9675;&#9679;&#9675;&#9679;&#9675;&#9679;&#9675;&#9679;&#9675;&#9679;&#9675;&#9679;&#9675;&#9679;&#9675;&#9679;&#9675;&#9679;&#9675;&#9679;&#9675;&#9679;&#9675;&#9679;&#9675;&#9679;&#9675;&#9679;&#9675;&#9679;&#9675;&#9679;&#9675;&#9679; \nRequirement:  \n- 18+  \n- Have computer or laptop  \n&#9675;&#9679;&#9675;&#9679;&#9675;&#9679;&#9675;&#9679;&#9675;&#9679;&#9675;&#9679;&#9675;&#9679;&#9675;&#9679;&#9675;&#9679;&#9675;&#9679;&#9675;&#9679;&#9675;&#9679;&#9675;&#9679;&#9675;&#9679;&#9675;&#9679;&#9675;&#9679;&#9675;&#9679;&#9675;&#9679;&#9675;&#9679;&#9675;&#9679;&#9675;&#9679;&#9675;&#9679; \nRequirements:  \n- Having the drive to make money  \n- Self motivated  \n&#9675;&#9679;&#9675;&#9679;&#9675;&#9679;&#9675;&#9679;&#9675;&#9679;&#9675;&#9679;&#9675;&#9679;&#9675;&#9679;&#9675;&#9679;&#9675;&#9679;&#9675;&#9679;&#9675;&#9679;&#9675;&#9679;&#9675;&#9679;&#9675;&#9679;&#9675;&#9679;&#9675;&#9679;&#9675;&#9679;&#9675;&#9679;&#9675;&#9679;&#9675;&#9679;&#9675;&#9679; \nPlease apply by completing the application and review the video provided.~~~~~S&#8495;t33.com~~~~~     ",
        "title": "__________Serious Money to be made by a selected few.__________"
    },
    {
        "postid": "5918594266",
        "postingbody": " \n \n QR Code Link to This Post \n  \n \nAttention all Kids, Ladies &amp; Gents! \n \nWe are looking for Caucasian/Pan Asian Male/Female (Mid 20s - Late 30s), Pan Asian Boy/Girl (aged 3-6 yo) \n \n \n \nAll Models / Talents are welcomed with or without experience. \n \nPlease see the details below: \n \nProject Title \t\t: Shopping Mall CNY Shoot \nShoot Dates\t\t: Late December \nShoot Fees\t\t: To be advised further if shortlisted \nCasting Dates\t\t: 15th Dec 2016 - 22nd Dec 2016 \n \nDo you know of anyone (friends / family members) that might suit the criteria and might be interested?  \n \nSpread the news! \n \nInterested models please call 6339 3211 to arrange an appointment  \nfor casting and meet up with us!        \n \nWebsite: http://createtalentsandmodels.com/  \nTwitter: https://twitter.com/create_talents \nYoutube: https://www.youtube.com/c/CreateTalentsandModelsSingapore     ",
        "title": "Create Talents and Models Casting Call - Shopping Mall CNY Shoot"
    },
    {
        "postid": "5935451086",
        "postingbody": " \n \n QR Code Link to This Post \n  \n \nAttention all Guys! \n \nWe are looking for Pan Asian/Chinese Male (early 30s - late 40s) \n \nAll Models / Talents are welcomed with or without experience. \n \nPlease see the details below: \n \nProject Title : Bank Photoshoot \nShoot Dates : Mid January 2017 \nShoot Fees : To be advised further if shortlisted \nCasting Dates : 28th Dec 2016 - 7th Jan 2017 \n \nDo you know of anyone (friends / family members) that might suit the criteria and might be interested? \nSpread the news! \n \nInterested models please call 6339 3211 to arrange an appointment for casting and meet up with us! \n \nWebsite: http://createtalentsandmodels.com/  \nTwitter: https://twitter.com/create_talents \nYoutube: https://www.youtube.com/c/CreateTalentsandModelsSingapore     ",
        "title": "Create Talents and Models -- Bank Photoshoot Casting Call"
    },
    {
        "postid": "5908848741",
        "postingbody": " \n \n QR Code Link to This Post \n  \n \nAttention all Ladies &amp; Kids!   \n \nWe're looking for Pan-Asian / Chinese Female (Mid 20s - Late 30s), Pan Asian Boy/Girl (aged 5-10 yo) \n \nPlease see the details below:     \n \nProject Title: Corporate Outdoor Photoshoot \nShoot Dates: Mid December \nShoot Fees: To be advised if further shortlisted \nCasting Dates: 8th Dec 2016 - 15th Dec 2016 \n \nHurry and grab the chance! \n \nTo be Model: enquiries()createtalentsandmodels.com \nReach us now at 6339 3211! \n \nWebsite: http://createtalentsandmodels.com/   \nFacebook: https://www.facebook.com/CreateTalentsandModelsSingapore/ \nTwitter: https://twitter.com/create_talents     ",
        "title": "Create Talents and Models -- Corporate Outdoor Photoshoot Casting Call"
    },
    {
        "postid": "5952811886",
        "postingbody": " \n \n QR Code Link to This Post \n  \n \nWe are looking for artist and offering them an opportunity to embark into the journey of showbiz \nIf singing is your passion, look no further and showcase your talent to us!!! \nThere is no need for prior experience. \nSend your full name, Age, Gender and occupation via Sms/ whatsapp to this number: 84594146 \nWe'll see you there!!! \n ",
        "title": "Do you have what it takes? (Freelance)"
    },
    {
        "postid": "5905793087",
        "postingbody": " \n \n QR Code Link to This Post \n  \n \nAttention all Ladies, Gents &amp; Kids!   \n \nWe're looking for Pan-Asian Boy/Girl (aged 8-12 yo), Pan-Asian Male/Female (Early 30s - Late 30s) \n \nPlease see the details below:     \n \nProject Title: Amusement Entertainment TVC \nShoot Dates: Mid December \nShoot Fees: To be advised if further shortlisted \nCasting Dates: 6th Dec 2016 - 13th Dec 2016 \n \nHurry and grab the chance! \n \nTo be Model: enquiries()createtalentsandmodels.com \nReach us now at 6339 3211! \n \nWebsite: http://createtalentsandmodels.com/   \nFacebook: https://www.facebook.com/CreateTalentsandModelsSingapore/     ",
        "title": "Create Talents and Models -- Amusement Entertainment TVC Casting Call"
    },
    {
        "postid": "5952941437",
        "postingbody": " \n \n QR Code Link to This Post \n  \n \nWe are looking for Asian Females that are early 20s - mid 30s,preferred someone that is comfortable in wearing bikini. \n \nPlease see the details below: \n \nProject Title: Hotel TVC \nShoot Dates: January 2017 \nFees: To be advised further if shortlisted \n \nDo you know of anyone (friends/ family members) that might suit the criteria and might be interested? Spread the news! \n \nInterested models please call 6323 2171 or email us \n  show contact info \n to arrange an appointment for casting and meet up with us! \n \nHurry and grab the chance! \n \n \nVisit us @ http://imodelsholdings.com/hotel-tvc-casting-call/     ",
        "title": "Hotel TVC - iModels Holdings - Casting Call"
    },
    {
        "postid": "5919872533",
        "postingbody": " \n \n QR Code Link to This Post \n  \n \nAttention all Ladies &amp; Gents! \n \nWe are looking for Caucasian/Pan Asian Male/Female models (Early 20s - Early 30s) \n \n \nAll Models / Talents are welcomed with or without experience. \n \nPlease see the details below: \n \nProject Title \t\t: Cosmetic Brand Print Shoot \nShoot Dates\t\t: Late January \nShoot Fees\t\t: To be advised further if shortlisted \nCasting Dates\t\t: 16th Dec 2016 - 23rd Dec 2016 \n \nDo you know of anyone (friends / family members) that might suit the criteria and might be interested?  \n \nSpread the news! \n \nInterested models please call 6339 3211 to arrange an appointment  \nfor casting and meet up with us!        \n \nWebsite: http://createtalentsandmodels.com/  \nTwitter: https://twitter.com/create_talents \nYoutube: https://www.youtube.com/c/CreateTalentsandModelsSingapore     ",
        "title": "Create Talents and Models Casting Call - Cosmetic Brand Print Shoot"
    },
    {
        "postid": "5872524144",
        "postingbody": " \n \n QR Code Link to This Post \n  \n \nWe are looking for Asian male age between 20 to 30s. Preferable chinese male or japanese looking male with fair complexion. \n \nAll Models/Talents are welcomed with or without experienced. \n \nPlease see the details below: \n \nProject Title: Instant Noodles Print Advertisement \nShoot Dates: November 2016 \nFees: To be advised further if shortlisted \n \nDo you know of anyone (friends/ family members) that might suit the criteria and might be interested? Spread the news! \n \nInterested models please call 6323 2171 or email us \n  show contact info \n to arrange an appointment for casting and meet up with us! \n \nHurry and grab the chance! \n \n \nVisit us @ http://imodelsholdings.com/instant-noodles-print-advertisement-casting-call/     ",
        "title": "Instant Noodles Print Advertisement - Casting Call"
    },
    {
        "postid": "5918613814",
        "postingbody": " \n \n QR Code Link to This Post \n  \n \nWe are looking for a Pan Chinese Male in their 40's - 50's,who can look charismatic \n \nPlease see the details below: \n \nProject Title: Bank Shoot \nShoot Dates:  December 2016 \nFees: To be advised further if shortlisted \n \nDo you know of anyone (friends/ family members) that might suit the criteria and might be interested? Spread the news! \n \nInterested models please call 6323 2171 or email us \n  show contact info \n to arrange an appointment for casting and meet up with us! \n \nHurry and grab the chance! \n \nVisit us @ http://imodelsholdings.com/bank-shoot-casting-call/     ",
        "title": "Bank Shoot - Casting call - iModels Holdings"
    },
    {
        "postid": "5958400532",
        "postingbody": " \n \n QR Code Link to This Post \n  \n \n(*)_**_Are you want to Achieve these points:_**_(*) \n \n_**_ Wanting to make more money_**_ ? \n_**_ Spend more time with family?_**_  \n_**_ Doing things that you like at your spare time?_**_  \n_**_ Travel around the world?_**_  \n \n_**_ If you have ever thought of the above. And you have the motivation to achieve these goals. We NEED your help. \n \n_**_ We are hiring 20 Candidates who are motivated enough to grow our business. This is simple admin work but require your sharp attention. \n \n_**_ Candidate has the option to work from their own home. At their own place. \n \n_**_ Limited spots available. Please apply through link.______^S&#8495;t33.com^______     ",
        "title": "***********$3000 per week. Home based. Paid daily.***********"
    },
    {
        "postid": "5952815258",
        "postingbody": " \n \n QR Code Link to This Post \n  \n \nDO NOT MISS THIS!!! \nShow us your talent and your journey shall set sail with the opportunities to work with the people of the industry. \nContact us if you have these following criteria : \n-\tWillingness to work as a team \n-\tA passion in music \n-\tNo age limit \n-\tNo experience required \n-\tA good personality and attitude \n-\tAble to commit to our rehearsals (If selected) \nPlease SMS/ whatsapp 84594146 with the following details: \n-\tFull name \n-\tAge \n-\tGender \n-\tOccupation \n ",
        "title": "Start your journey of music with us. (Freelance)"
    },
    {
        "postid": "5951529566",
        "postingbody": " \n \n QR Code Link to This Post \n  \n \nAttention all Gents!   \nWe're looking for Pan-Asian Male Talent (Early 30s - Late 40s) \n \nPlease see the details below: \t \n \nProject Title: British MNC Finance Institution Video Shoot \nShoot Dates: Mid January \nShoot Fees: To be advised if further shortlisted \nCasting Dates: 10th Jan 2017 - 17th Jan 2017 \n \nHurry and grab the chance! \nInterested in being part of our modelling team? \n \nTo be Model: enquiries()createtalentsandmodels.com \nReach us now at 6339 3211! \nBook our Model Talent: bookings()createtalentsandmodels.com \nCall us at 6336 6010! \nWebsite: http://createtalentsandmodels.com/   \nFacebook: https://www.facebook.com/CreateTalentsandModelsSingapore/  \nTwitter: https://twitter.com/create_talents \nYoutube: https://www.youtube.com/c/CreateTalentsandModelsSingapore \nGoogle+: https://www.google.com/+CreateTalentsandModelsSingapore \nLinkedin: https://www.linkedin.com/company/create-talents-and-models \nInstagram: https://instagram.com/createtalentsandmodels\t \nTumblr: http://createtalentsandmodels.tumblr.com/ \nPinterest : https://www.pinterest.com/createtalents/ \n ",
        "title": "Create Talents and Models -- British MNC Finance Institution Video"
    },
    {
        "postid": "5917117612",
        "postingbody": " \n \n QR Code Link to This Post \n  \n \nAttention all Ladies &amp; Gents! \n \nWe are looking for African Male/Female models (Late 20s - Early 40s), Korean/Korean Looking Male/Female models (Late 20s - Early 40s), Middle Eastern/Middle Eastern Looking Male/Female models (Late 20s - Early 40s) \n \n \nAll Models / Talents are welcomed with or without experience. \n \nPlease see the details below: \n \nProject Title \t\t: Healthcare Solution Print Ad \nShoot Dates\t\t: Late December \nShoot Fees\t\t: To be advised further if shortlisted \nCasting Dates\t\t: 14th Dec 2016 - 21st Dec 2016 \n \nDo you know of anyone (friends / family members) that might suit the criteria and might be interested?  \n \nSpread the news! \n \nInterested models please call 6339 3211 to arrange an appointment  \nfor casting and meet up with us!        \n \nWebsite: http://createtalentsandmodels.com/  \nTwitter: https://twitter.com/create_talents \nYoutube: https://www.youtube.com/c/CreateTalentsandModelsSingapore     ",
        "title": "Create Talents and Models - Healthcare Solution Print Ad"
    },
    {
        "postid": "5911696222",
        "postingbody": " \n \n QR Code Link to This Post \n  \n \nAttention all Ladies &amp; Gents!   \n \nWe're looking for Pan-Asian Male/Female (Late 20s - Mid 30s, matured, charming looking) \n \nPlease see the details below:     \n \nProject Title: Product Commercial Video Shoot \nShoot Dates: Late December \nShoot Fees: To be advised if further shortlisted \nCasting Dates: 10th Dec 2016 - 17th Dec 2016 \n \nHurry and grab the chance! \n \nTo be Model: enquiries()createtalentsandmodels.com \nReach us now at 6339 3211! \n \nWebsite: http://createtalentsandmodels.com/   \nFacebook: https://www.facebook.com/CreateTalentsandModelsSingapore/ \nTwitter: https://twitter.com/create_talents \nYoutube: https://www.youtube.com/c/CreateTalentsandModelsSingapore \n \nInstagram: https://instagram.com/createtalentsandmodels     ",
        "title": "Create Talents and Models -- Product Commercial Video Shoot Casting Cal"
    },
    {
        "postid": "5939517068",
        "postingbody": " \n \n QR Code Link to This Post \n  \n \nAttention all Ladies &amp; Guys! \n \nWe are looking for Chinese Male (early 20s - late 20s), Chinese Female (early 20s - late 20s, early 40s - late 50s) \n \nAll Models / Talents are welcomed with or without experience. \n \nPlease see the details below: \n \nProject Title : Fast Food Video Shoot \nShoot Dates : Early January 2017 \nShoot Fees : To be advised further if shortlisted \nCasting Dates : 3rd Jan 2017 - 10th Jan 2017 \n \nDo you know of anyone (friends / family members) that might suit the criteria and might be interested? \nSpread the news! \n \nInterested models please call 6339 3211 to arrange an appointment for casting and meet up with us! \n \nWebsite: http://createtalentsandmodels.com/  \nTwitter: https://twitter.com/create_talents \nYoutube: https://www.youtube.com/c/CreateTalentsandModelsSingapore     ",
        "title": "Create Talents and Models -- Fast Food Video Shoot Casting Call"
    },
    {
        "postid": "5925090552",
        "postingbody": " \n \n QR Code Link to This Post \n  \n \nWe are looking for caucasian or pan asian female model age between 18 to 25 years old with minimum height of 1.73m and above. \n \nPlease see the details below: \n \nProject Title: Nautical fashion wear  \nShoot Dates:  January 2017 \nFees: To be advised further if shortlisted \n \nDo you know of anyone (friends/ family members) that might suit the criteria and might be interested? Spread the news! \n \nInterested models please call 6323 2171 or email us \n  show contact info \n to arrange an appointment for casting and meet up with us! \n \nHurry and grab the chance! \n \nVisit us @ http://imodelsholdings.com/nautical-fashion-wear-casting-call/     ",
        "title": "Nautical fashion wear - Casting call"
    },
    {
        "postid": "5920075450",
        "postingbody": " \n \n QR Code Link to This Post \n  \n \nWe are looking for pan asian female age between 18 to 25 years old with minimum height of 1.73m and above. \n \nPlease see the details below: \n \nProject Title: Bridal Online portfolio shoot \nShoot Dates:  January 2017 \nFees: To be advised further if shortlisted \n \nDo you know of anyone (friends/ family members) that might suit the criteria and might be interested? Spread the news! \n \nInterested models please call 6323 2171 or email us \n  show contact info \n to arrange an appointment for casting and meet up with us! \n \nHurry and grab the chance! \n \nVisit us @ http://imodelsholdings.com/bridal-online-portfolio-shoot-casting-call/     ",
        "title": "Bridal Online portfolio shoot - Casting call"
    },
    {
        "postid": "5922699159",
        "postingbody": " \n \n QR Code Link to This Post \n  \n \nWe are looking for Pan Asian Male and Female with age between 20s to 30s. \n \nEuropean male with chiselled feature would be a plus. \n \nPlease see the details below: \n \nProject Title: Optical eyewear shoot \nShoot Dates:  January 2017 \nFees: To be advised further if shortlisted \n \nDo you know of anyone (friends/ family members) that might suit the criteria and might be interested? Spread the news! \n \nInterested models please call 6323 2171 or email us \n  show contact info \n to arrange an appointment for casting and meet up with us! \n \nHurry and grab the chance! \n \nVisit us @ http://imodelsholdings.com/optical-eyewear-shoot-casting-call/     ",
        "title": "Optical eyewear shoot - Casting Call"
    },
    {
        "postid": "5954396373",
        "postingbody": " \n \n QR Code Link to This Post \n  \n \nWe are looking for Chinese Males and Females that are mid 30 's - early 60's. \n \nChinese Males preferably bald/skin headed and Chinese Females with short and white hair.Fun,active outgoing personalities would be a plus. \n \nPlease see the details below: \n \nProject Title: Hair Product Video shoot \nShoot Dates: January 2017 \nFees: To be advised further if shortlisted \n \nDo you know of anyone (friends/ family members) that might suit the criteria and might be interested? Spread the news! \n \nInterested models please call 6323 2171 or email us \n  show contact info \n to arrange an appointment for casting and meet up with us! \n \nHurry and grab the chance! \n \nVisit us @ http://imodelsholdings.com/hair-product-video-shoot-casting-call/     ",
        "title": "Hair Product Video shoot - Casting Call - iModels"
    },
    {
        "postid": "5947616708",
        "postingbody": " \n \n QR Code Link to This Post \n  \n \nAttention all Gents!   \nWe're looking for Pan-Asian/Asian Male models (mid 30s - mid 40s) \n \nPlease see the details below: \t \n \nProject Title: Household Product Brand Photoshoot \nShoot Dates: Mid January \nShoot Fees: To be advised if further shortlisted \nCasting Dates: 7th Jan 2016 - 14th Jan 2017 \n \nHurry and grab the chance! \n \nTo be Model: enquiries()createtalentsandmodels.com \nReach us now at 6339 3211! \nBook our Model Talent: bookings()createtalentsandmodels.com \nCall us at 6336 6010! \nWebsite: http://createtalentsandmodels.com/   \nFacebook: https://www.facebook.com/CreateTalentsandModelsSingapore/  \nTwitter: https://twitter.com/create_talents \n ",
        "title": "Create Talents and Models -- Household Product Brand Photoshoot"
    },
    {
        "postid": "5936972658",
        "postingbody": " \n \n QR Code Link to This Post \n  \n \nAttention all ladies &amp; Guys! \n \nWe are looking for Pan Asian/Chinese Male (early 30s - late 40s) \n \nAll Models / Talents are welcomed with or without experience. \n \nPlease see the details below: \n \nProject Title : Corporate Photoshoot \nShoot Dates : Mid January 2017 \nShoot Fees : To be advised further if shortlisted \nCasting Dates : 30th Dec 2016 - 7th Jan 2017 \n \nDo you know of anyone (friends / family members) that might suit the criteria and might be interested? \nSpread the news! \n \nInterested models please call 6339 3211 to arrange an appointment for casting and meet up with us! \n \nWebsite: http://createtalentsandmodels.com/  \nTwitter: https://twitter.com/create_talents \nYoutube: https://www.youtube.com/c/CreateTalentsandModelsSingapore     ",
        "title": "Create Talents and Models -- Corporate Photoshoot Casting Call"
    },
    {
        "postid": "5907428882",
        "postingbody": " \n \n QR Code Link to This Post \n  \n \nAttention all Ladies &amp; Gents!   \nWe're looking for Chinese/Pan Asian Male/Female (Mid 20s - Late 30s) \n \nPlease see the details below: \t \n \nProject Title: Hotel Video Shoot \nShoot Dates: Mid December \nShoot Fees: To be advised if further shortlisted \nCasting Dates: 7th Dec 2016 - 14th Dec 2016 \n \nHurry and grab the chance! \nInterested in being part of our modelling team? \n \nTo be Model: enquiries()createtalentsandmodels.com \nReach us now at 6339 3211! \nBook our Model Talent: bookings()createtalentsandmodels.com \nCall us at 6336 6010! \nWebsite: http://createtalentsandmodels.com/   \nFacebook: https://www.facebook.com/CreateTalentsandModelsSingapore/ \n ",
        "title": "Create Talents and Models -- Hotel Video Shoot Casting Call"
    },
    {
        "postid": "5955830976",
        "postingbody": " \n \n QR Code Link to This Post \n  \n \nAttention all Gents!    \nWe're looking for Pan-Asian Male Talent (Mid 20s - Late 30s) \n \nPlease see the details below: \t \n \nProject Title: Hair Styling Products Video Shoot \nShoot Dates: Late January \nShoot Fees: To be advised if further shortlisted \nCasting Dates: 13th Jan 2017 - 20th Jan 2017 \n \nHurry and grab the chance! \nInterested in being part of our modelling team? \n \nTo be Model: enquiries()createtalentsandmodels.com \nReach us now at 6339 3211! \nBook our Model Talent: bookings()createtalentsandmodels.com \nCall us at 6336 6010! \nWebsite: http://createtalentsandmodels.com/   \nFacebook: https://www.facebook.com/CreateTalentsandModelsSingapore/  \nTwitter: https://twitter.com/create_talents \nYoutube: https://www.youtube.com/c/CreateTalentsandModelsSingapore \nGoogle+: https://www.google.com/+CreateTalentsandModelsSingapore \nLinkedin: https://www.linkedin.com/company/create-talents-and-models \nInstagram: https://instagram.com/createtalentsandmodels\t \nTumblr: http://createtalentsandmodels.tumblr.com/ \n \n ",
        "title": "Create Talents and Models -- Hair Styling Products Video Shoot"
    },
    {
        "postid": "5901736497",
        "postingbody": " \n \n QR Code Link to This Post \n  \n \nAttention all Ladies!   \nWe're looking for Pan-Asian / Chinese Female (20s - Early 30s) \n \nPlease see the details below: \t \n \nProject Title: Hair Care Digital Video \nShoot Dates: Mid December \nShoot Fees: To be advised if further shortlisted \nCasting Dates: 3rd Dec 2016 - 10th Dec 2016 \n \nHurry and grab the chance! \nInterested in being part of our modelling team? \n \nTo be Model: enquiries()createtalentsandmodels.com \nReach us now at 6339 3211! \n \nWebsite: http://createtalentsandmodels.com/   \nFacebook: https://www.facebook.com/CreateTalentsandModelsSingapore/ \nInstagram: https://instagram.com/createtalentsandmodels\t \n ",
        "title": "Create Talents and Models -- Hair Care Digital Video Casting Call"
    },
    {
        "postid": "5911854517",
        "postingbody": " \n \n QR Code Link to This Post \n  \n \nWe are looking for pan asian family role with the following requirements :- \n \nPan asian male and female age 28 to 35 years old \nPan asian boy and girl age 4 to 9 years old \n \nPlease see the details below: \n \nProject Title: Property Shoot  \nShoot Dates:  December 2016 \nFees: To be advised further if shortlisted \n \nDo you know of anyone (friends/ family members) that might suit the criteria and might be interested? Spread the news! \n \nInterested models please call 6323 2171 or email us \n  show contact info \n to arrange an appointment for casting and meet up with us! \n \nHurry and grab the chance! \n \nVisit us @ http://imodelsholdings.com/property-shoot-casting-call/     ",
        "title": "Property Shoot - Casting Call - iModels Holdings"
    },
    {
        "postid": "5943173019",
        "postingbody": " \n \n QR Code Link to This Post \n  \n \nWe are looking for 19 -25 years old Asian Guys that is confident and outgoing,someone who is able to carry themselves well. \n \nPlease see the details below: \n \nProject Title: Short Film Shoot \nShoot Dates: January 2017 \nFees: To be advised further if shortlisted \n \nDo you know of anyone (friends/ family members) that might suit the criteria and might be interested? Spread the news! \n \nInterested models please call 6323 2171 or email us \n  show contact info \n to arrange an appointment for casting and meet up with us! \n \nHurry and grab the chance! \n \nVisit us @ http://imodelsholdings.com/short-film-shoot-casting-call/     ",
        "title": "Short Film Shoot - Casting Call - iModels Holdings"
    },
    {
        "postid": "5946204944",
        "postingbody": " \n \n QR Code Link to This Post \n  \n \nWe are looking for Female Models who are 178cm and Male Models who are 180cm and above. \n \nPlease see the details below: \n \nProject Title: Runway Show in Cambodia \nShoot Dates: January 2017 \nFees: To be advised further if shortlisted \n \nDo you know of anyone (friends/ family members) that might suit the criteria and might be interested? Spread the news! \n \nInterested models please call 6323 2171 or email us \n  show contact info \n to arrange an appointment for casting and meet up with us! \n \nHurry and grab the chance! \n \nVisit us @ http://imodelsholdings.com/runway-show-cambodia-casting-call/     ",
        "title": "Runway Show in Cambodia - Casting Call - i Models Holdings"
    },
    {
        "postid": "5926538385",
        "postingbody": " \n \n QR Code Link to This Post \n  \n \nWe are looking for Bald Headed or Skin Headed Male age between 20-30's \n \nPlease see the details below: \n \nProject Title: Oil TVC Shoot  \nShoot Dates:  January 2017 \nFees: To be advised further if shortlisted \n \nDo you know of anyone (friends/ family members) that might suit the criteria and might be interested? Spread the news! \n \nInterested models please call 6323 2171 or email us \n  show contact info \n to arrange an appointment for casting and meet up with us! \n \nHurry and grab the chance! \n \nVisit us @ http://imodelsholdings.com/oil-tvc-shoot-casting-call/     ",
        "title": "Oil TVC Shoot - Casting call - iModelsHoldings"
    },
    {
        "postid": "5938185309",
        "postingbody": " \n \n QR Code Link to This Post \n  \n \nAttention all ladies! \n \nWe are looking for Asian Female models (min. 1.6m, ealry 20s - 30s) \n \nAll Models / Talents are welcomed with or without experience. \n \nPlease see the details below: \n \nProject Title : Restaurant Brand Ambassador Event \nShoot Dates : Early January 2017 \nShoot Fees : To be advised further if shortlisted \nCasting Dates : 31st Dec 2016 - 7th Jan 2017 \n \nDo you know of anyone (friends / family members) that might suit the criteria and might be interested? \nSpread the news! \n \nInterested models please call 6339 3211 to arrange an appointment for casting and meet up with us! \n \nWebsite: http://createtalentsandmodels.com/  \nTwitter: https://twitter.com/create_talents \nYoutube: https://www.youtube.com/c/CreateTalentsandModelsSingapore     ",
        "title": "Create Talents -- Restaurant Brand Ambassador Event Casting Call"
    },
    {
        "postid": "5944713573",
        "postingbody": " \n \n QR Code Link to This Post \n  \n \nAttention all Ladies &amp; Gents!   \nWe're looking for Caucasian/Asian Female (min. 1.75m, early 20s - late 20s), Caucasian/Asian Male (min. 1.85m, early 20s - late 20s) \n \nPlease see the details below: \t \n \nProject Title: Fashion Runway Show \nEvent Dates: Mid January \nShoot Fees: To be advised if further shortlisted \nCasting Dates: 5th Jan 2017 - 12th Jan 2017 \n \nHurry and grab the chance! \n \nTo be Model: enquiries()createtalentsandmodels.com \nReach us now at 6339 3211! \n \nWebsite: http://createtalentsandmodels.com/   \nFacebook: https://www.facebook.com/CreateTalentsandModelsSingapore/  \n ",
        "title": "Create Talents and Models -- Fashion Runway Show Casting Call"
    },
    {
        "postid": "5946002311",
        "postingbody": " \n \n QR Code Link to This Post \n  \n \nDon't waste your talent in singing, come on right down as you may be the artist that we are looking for!!! \nShow us what you got for us and you might be able to score for an opportunity to perform with us. \nCriteria:  \n- Passionate in Singing is a must. \n- No age limit \n- No experience required \n- Good attitude and personality \n- Willing to commit for rehearsals (if selected)  \n- Able to work as a team \n \nPlease SMS / WhatsApp 84594146 for audition: \n- Name, as in NRIC \n- Age \n- Gender \n- Occupation  \n \n \n \n ",
        "title": "Are you the one that we are looking for? (Freelance)"
    },
    {
        "postid": "5915780359",
        "postingbody": " \n \n QR Code Link to This Post \n  \n \nWe are looking for a pair of mother and girl with the following requirements :- \n \nPan Asian mom age between 25 to 35 years old \nPan Asian girl age between 4 to 7 years old \n \nPlease see the details below: \n \nProject Title: Shopping Mall CNY campaign \nShoot Dates:  December 2016 \nFees: To be advised further if shortlisted \n \nDo you know of anyone (friends/ family members) that might suit the criteria and might be interested? Spread the news! \n \nInterested models please call 6323 2171 or email us \n  show contact info \n to arrange an appointment for casting and meet up with us! \n \nHurry and grab the chance! \n \nVisit us @ http://imodelsholdings.com/shopping-mall-cny-campaign-casting-call/     ",
        "title": "Shopping Mall CNY campaign - Casting Call - iModels Holdings"
    },
    {
        "postid": "5938156907",
        "postingbody": " \n \n QR Code Link to This Post \n  \n \nA top contemporary art gallery in London is seeking contributors from around the globe for its Art Magazine Blog!  \n \nSubject matter covered by submissions should reflect individual contributors' own interests, as long as it falls somewhere in the cultural sphere. The traditional visual fine arts make for excellent material, however, visual culture, film, theatre, fashion, literature, poetry, gastronomy and even technology all fall within the remit of the blog.  \n \nExhibition reviews, artist interviews, light lessons or analyses, visual ethnographies and other, more creative forms of opinion pieces are all readily accepted. The sky is rather the limit!  \n \nAlthough no monetary compensation can be doled out, contributors' writing will be accompanied by a byline and any other professional biographical information they wish to promote. \n \nPlease feel free to respond with ideas or final drafts with some visual elements, like photographs or YouTube video links. Submissions will be reviewed for content and edited for UK spelling and grammar. Contributors will be notified immediately once their writing gets published on the site, and are encouraged to share their work for the gallery on social media. \n \nAny questions can also be directed to the CL email address linked to this advertisement.     ",
        "title": "Cultural Bloggers Wanted"
    },
    {
        "postid": "5927885093",
        "postingbody": " \n \n QR Code Link to This Post \n  \n \nWe are looking for Asian Male Models in their 20's \n \nPlease see the details below: \n \nProject Title: Advertising Event to engage crowds \nShoot Dates:  January 2017 \nFees: To be advised further if shortlisted \n \nDo you know of anyone (friends/ family members) that might suit the criteria and might be interested? Spread the news! \n \nInterested models please call 6323 2171 or email us \n  show contact info \n to arrange an appointment for casting and meet up with us! \n \nHurry and grab the chance! \n \nVisit us @ http://imodelsholdings.com/advertising-event-casting-call/     ",
        "title": "Advertising Event to engage crowds - Casting call"
    },
    {
        "postid": "5958396639",
        "postingbody": " \n \n QR Code Link to This Post \n  \n \nWe are urgently hiring 20 candidates.________________________________ \n \nPart time and Full time positions in Simple computer and administrative work.________________________________ \n \nPaid Daily in your own accounts.________________________________ \n \nThis is an excellent opportunity for housewives, people living in suburb, or people who look for extra income.________________________________ \n \nPlease fill in the application form and review the video for more information.^^^^^S&#8495;t33.com^^^^^ \n \n \n \n@@@@@@@@@@@@@@@@     ",
        "title": "~!Stay~~home~~mom.~~$44~~per~~hour.~~Part/ Full~~time.!~"
    },
    {
        "postid": "5957226393",
        "postingbody": " \n \n QR Code Link to This Post \n  \n \nWe are looking for Pan Asian/Eurasian/Caucasian and Chinese Females age between early 20's - early 30's \n \nFemales with good complexion and strong features are preferred. \n \nPlease see the details below: \n \nProject Title: Website Shoot \nShoot Dates: January 2017 \nFees: To be advised further if shortlisted \n \nDo you know of anyone (friends/ family members) that might suit the criteria and might be interested? Spread the news! \n \nInterested models please call 6323 2171 or email us \n  show contact info \n to arrange an appointment for casting and meet up with us! \n \nHurry and grab the chance! \n \nVisit us @ http://imodelsholdings.com/website-shoot-casting-call/     ",
        "title": "Website Shoot - iModels Holdings - Casting Call"
    },
    {
        "postid": "5930210716",
        "postingbody": " \n \n QR Code Link to This Post \n  \n \nAttention all kids and Gents ! \n \nWe are looking for Asian/Pan Asian Male models (mid 30s - late 40s), Asian/Pan Asian Toddler (1-4 yo) \n \nAll Models / Talents are welcomed with or without experience. \n \nPlease see the details below: \n \nProject Title : Online Video shoot \nShoot Dates : Late January 2017 \nShoot Fees : To be advised further if shortlisted \nCasting Dates : 23rd Dec 2016 - 31st Dec 2016 \n \nDo you know of anyone (friends / family members) that might suit the criteria and might be interested? \nSpread the news! \n \nInterested models please call 6339 3211 to arrange an appointment  \n \nfor casting and meet up with us! \n \nWebsite: http://createtalentsandmodels.com/  \nTwitter: https://twitter.com/create_talents \nYoutube: https://www.youtube.com/c/CreateTalentsandModelsSingapore     ",
        "title": "Create Talents and Models -- Online Video shoot Casting Call"
    },
    {
        "postid": "5898608323",
        "postingbody": " \n \n QR Code Link to This Post \n  \n \nLooking for a chance to be featured in a corporate ad? wait, no further. We're looking for Caucasian Male model (Late 30s - 40s), Pan-Asian Female model (Late 20s - 30s) \n \nPlease see the details below:     \n \nShoot Dates: Early December \n \nShoot Fees: To be advised if further shortlisted \n \nCasting Dates: 1st Dec 2016 - 8th Dec 2016 \n \nTo be Model: enquiries()createtalentsandmodels.com \nReach us now at 6339 3211 \n \nTake a look at our models featured in TV ads @ \nhttps://www.youtube.com/c/CreateTalentsandModelsSingapore \nhttp://createtalentsandmodels.com/   \nhttps://www.facebook.com/CreateTalentsandModelsSingapore/ \n \n ",
        "title": "Create Talents and Models -- Corporate Video Shoot Casting Call"
    },
    {
        "postid": "5946246306",
        "postingbody": " \n \n QR Code Link to This Post \n  \n \nPath to become A INTERNET SUPERSTAR! \nDo you want your music video's has more than 10,000 views?  \nYou can be the NEXT ONLINE SUPERSTAR also! \n \nShowcase your SINGING AND PERFORMING POWER to all in the world! \n \nSMS / WhatsApp 9734 5915 for audition with your: \n- Name, as in NRIC \n- Age \n- Gender \n- Occupation  \n \nSee you soon. \n ",
        "title": "Path to become A INTERNET SUPERSTAR!"
    },
    {
        "postid": "5954412075",
        "postingbody": " \n \n QR Code Link to This Post \n  \n \nAttention all Parents &amp; Kids!    \nWe're looking for Chinese Girl Talents (4 - 7 yo &amp; 10 - 12 yo)  \n \nPlease see the details below: \t \n \nProject Title: Government Video Shoot \nShoot Dates: Late January \nShoot Fees: To be advised if further shortlisted \nCasting Dates: 12th Jan 2017 - 19th Jan 2017  \n \nHurry and grab the chance! \nInterested in being part of our modelling team? \n \nTo be Model: enquiries()createtalentsandmodels.com \nReach us now at 6339 3211! \nBook our Model Talent: bookings()createtalentsandmodels.com \nCall us at 6336 6010! \nWebsite: http://createtalentsandmodels.com/   \nFacebook: https://www.facebook.com/CreateTalentsandModelsSingapore/  \nTwitter: https://twitter.com/create_talents \nYoutube: https://www.youtube.com/c/CreateTalentsandModelsSingapore \n ",
        "title": "Create Talents and Models -- Government Video Shoot Casting Call"
    },
    {
        "postid": "5927678944",
        "postingbody": " \n \n QR Code Link to This Post \n  \n \nAttention all Ladies! \n \nWe are looking for Asian/Japanese looking Female model (mid 20s - late 30s) \n \nAll Models / Talents are welcomed with or without experience. \n \nPlease see the details below: \n \nProject Title : Japanese Dental Product Shoot \nShoot Dates : Late January 2017 \nShoot Fees : To be advised further if shortlisted \nCasting Dates : 22nd Dec 2016 - 31st Dec 2016 \n \nDo you know of anyone (friends / family members) that might suit the criteria and might be interested? \nSpread the news! \n \nInterested models please call 6339 3211 to arrange an appointment  \n \nfor casting and meet up with us! \n \nWebsite: http://createtalentsandmodels.com/  \nTwitter: https://twitter.com/create_talents \nYoutube: https://www.youtube.com/c/CreateTalentsandModelsSingapore     ",
        "title": "Create Talents and Models - Japanese Dental Product Shoot Casting Call"
    },
    {
        "postid": "5924964545",
        "postingbody": " \n \n QR Code Link to This Post \n  \n \nAttention all Ladies &amp; Gents! \n \nWe are looking for Pan Asian/Chinese Female (Early 20s - Late 20s, min. 170cm) \n \nAll Models / Talents are welcomed with or without experience. \n \nPlease see the details below: \n \nProject Title : Automobile Show \nShoot Dates : Late January 2017 \nShoot Fees : To be advised further if shortlisted \nCasting Dates : 20th Dec 2016 - 29th Dec 2016 \n \nDo you know of anyone (friends / family members) that might suit the criteria and might be interested? \nSpread the news! \n \nInterested models please call 6339 3211 to arrange an appointment  \n \nfor casting and meet up with us! \n \nWebsite: http://createtalentsandmodels.com/  \nTwitter: https://twitter.com/create_talents \nYoutube: https://www.youtube.com/c/CreateTalentsandModelsSingapore     ",
        "title": "Create Talents and Models -- Automobile Show Casting Call"
    },
    {
        "postid": "5948960005",
        "postingbody": " \n \n QR Code Link to This Post \n  \n \nAttention all Ladies, Gents &amp; Kids!   \nWe're looking for Caucasian/Asian Male/Female (mid 20s - Late 30s) &amp; Kid Boy/Girl talent (4-12 yo) \n \nPlease see the details below: \t \n \nProject Title: MNC Corporate Video \nShoot Dates: Mid January \nShoot Fees: To be advised if further shortlisted \nCasting Dates: 9th Jan 2017 - 16th Jan 2017 \n \nHurry and grab the chance! \nInterested in being part of our modelling team? \n \nTo be Model: enquiries()createtalentsandmodels.com \nReach us now at 6339 3211! \nBook our Model Talent: bookings()createtalentsandmodels.com \nCall us at 6336 6010! \nWebsite: http://createtalentsandmodels.com/   \nFacebook: https://www.facebook.com/CreateTalentsandModelsSingapore/  \nTwitter: https://twitter.com/create_talents \nYoutube: https://www.youtube.com/c/CreateTalentsandModelsSingapore \nGoogle+: https://www.google.com/+CreateTalentsandModelsSingapore \nLinkedin: https://www.linkedin.com/company/create-talents-and-models \nInstagram: https://instagram.com/createtalentsandmodels\t \n \n ",
        "title": "Create Talents and Models -- MNC Corporate Video Casting Call"
    },
    {
        "postid": "5910460447",
        "postingbody": " \n \n QR Code Link to This Post \n  \n \nWe're looking for Pan-Asian/Chinese/Malay Male/Female models (Early 20s - Early 30s) \n \nPlease see the details below: \t \n \nProject Title: Corporate Lifestyle Shoot \nShoot Dates: Late December \nShoot Fees: To be advised if further shortlisted \nCasting Dates: 9th Dec 2016 - 16th Dec 2016 \n \nHurry and grab the chance! \n \nTo be Model: enquiries()createtalentsandmodels.com \nReach us now at 6339 3211! \nBook our Model Talent: bookings()createtalentsandmodels.com \nCall us at 6336 6010! \nWebsite: http://createtalentsandmodels.com/   \nFacebook: https://www.facebook.com/CreateTalentsandModelsSingapore/  \nTwitter: https://twitter.com/create_talents \nYoutube: https://www.youtube.com/c/CreateTalentsandModelsSingapore \nGoogle+: https://www.google.com/+CreateTalentsandModelsSingapore \nLinkedin: https://www.linkedin.com/company/create-talents-and-models \nInstagram: https://instagram.com/createtalentsandmodels\t \n ",
        "title": "Create Talents and Models -- Corporate Lifestyle Shoot Casting Call"
    },
    {
        "postid": "5944709445",
        "postingbody": " \n \n QR Code Link to This Post \n  \n \nWe are looking for Chinese Males in their mid 20's to mid 30's for a Father Role \n \nPlease see the details below: \n \nProject Title: Milk Product Shoot \nShoot Dates: January 2017 \nFees: To be advised further if shortlisted \n \nDo you know of anyone (friends/ family members) that might suit the criteria and might be interested? Spread the news! \n \nInterested models please call 6323 2171 or email us \n  show contact info \n to arrange an appointment for casting and meet up with us! \n \nHurry and grab the chance! \n \nVisit us @ http://imodelsholdings.com/milk-product-shoot-casting-call/     ",
        "title": "Milk Product Shoot - Casting Call"
    },
    {
        "postid": "5952813555",
        "postingbody": " \n \n QR Code Link to This Post \n  \n \nIt's time for you to step up and shine, come on down and showcase your talents to us as we are offering you an opportunity to walk loud and proud on the path of showbiz. (If selected) \nConnect with us if you have talent in SINGING, via sms/ whatsapp, let us know the following details: \n-\tFull Name \n-\tAge \n-\tGender \n-\tOccupation \nContact no: 84594146 \n ",
        "title": "We are looking for you!!! (Freelance)"
    },
    {
        "postid": "5951403291",
        "postingbody": " \n \n QR Code Link to This Post \n  \n \nWe are looking for Chinese Males and Females in their mid 20's to mid 30's, experience in acting will be a plus. \n \nPlease see the details below: \n \nProject Title: Chinese New Year Video Shoot  \nShoot Dates: January 2017 \nFees: To be advised further if shortlisted \n \nDo you know of anyone (friends/ family members) that might suit the criteria and might be interested? Spread the news! \n \nInterested models please call 6323 2171 or email us \n  show contact info \n to arrange an appointment for casting and meet up with us! \n \nHurry and grab the chance! \n \nVisit us @ http://imodelsholdings.com/chinese-new-year-video-shoot-casting-call/     ",
        "title": "Chinese New Year Video Shoot  - Casting Call"
    },
    {
        "postid": "5937030676",
        "postingbody": " \n \n QR Code Link to This Post \n  \n \nWe are looking kids who can speak English well and can act as a host from 6 years old to 11 years old \n \nPlease see the details below: \n \nProject Title: Kids Channel Shoot \nShoot Dates: January 2017 \nFees: To be advised further if shortlisted \n \nDo you know of anyone (friends/ family members) that might suit the criteria and might be interested? Spread the news! \n \nInterested models please call 6323 2171 or email us \n  show contact info \n to arrange an appointment for casting and meet up with us! \n \nHurry and grab the chance! \n \nVisit us @ http://imodelsholdings.com/kids-channel-shoot-casting-call/     ",
        "title": "Kids Channel Shoot - Casting Call - iModels Holdings"
    },
    {
        "postid": "5957254161",
        "postingbody": " \n \n QR Code Link to This Post \n  \n \nAttention all Gents!    \nWe're looking for Pan-Asian Male Talent (Late 30s - Late 40s) \n \nPlease see the details below: \t \n \nProject Title: Corporate Video Shoot \nShoot Dates: Late January \nShoot Fees: To be advised if further shortlisted \nCasting Dates: 14th Jan 2017 - 21st Jan 2017 \n \nHurry and grab the chance! \nInterested in being part of our modelling team? \n \nTo be Model: enquiries()createtalentsandmodels.com \nReach us now at 6339 3211! \nBook our Model Talent: bookings()createtalentsandmodels.com \nCall us at 6336 6010! \nWebsite: http://createtalentsandmodels.com/   \nFacebook: https://www.facebook.com/CreateTalentsandModelsSingapore/  \nTwitter: https://twitter.com/create_talents \n ",
        "title": "Create Talents and Models -- Corporate Video Shoot Casting Call"
    },
    {
        "postid": "5952810286",
        "postingbody": " \n \n QR Code Link to This Post \n  \n \nDon't waste your talent in singing, come on right down as you may be the artist that we are looking for!!! \nShow us what you got for us and you might be able to score for an opportunity to perform with us. \nCriteria:  \n- Passionate in Singing is a must. \n- No age limit \n- No experience required \n- Good attitude and personality \n- Willing to commit for rehearsals (if selected)  \n- Able to work as a team \n \nPlease SMS / WhatsApp 84594146 for audition: \n- Name, as in NRIC \n- Age \n- Gender \n- Occupation  \n \n \n \n ",
        "title": "Are you the one that we are looking for? (Freelance)"
    },
    {
        "postid": "5946177388",
        "postingbody": " \n \n QR Code Link to This Post \n  \n \nAttention all Gents!   \nWe're looking for Pan Asian/Asian Male (early 20s - late 40s) \n \nPlease see the details below: \t \n \nProject Title: Car Brand Video Shoot \nShoot Dates: Mid January \nShoot Fees: To be advised if further shortlisted \nCasting Dates: 6th Jan 2017 - 13th Jan 2017 \n \nHurry and grab the chance! \nInterested in being part of our modelling team? \n \nTo be Model: enquiries()createtalentsandmodels.com \nReach us now at 6339 3211! \nBook our Model Talent: bookings()createtalentsandmodels.com \nCall us at 6336 6010! \nWebsite: http://createtalentsandmodels.com/   \nFacebook: https://www.facebook.com/CreateTalentsandModelsSingapore/  \nTwitter: https://twitter.com/create_talents \n ",
        "title": "Create Talents and Models -- Car Brand Video Shoot Casting Call"
    }
]