[
    {
        "postid": "5958382834",
        "postingbody": " \n \n QR Code Link to This Post \n  \n \n-___________-Want to work from home? And still want to be able to support the whole family? \n \n-___________-Here's the catch. It won't be easy. And if it does come easy to you, then you're going to make a lot of money. \n \n-___________-$500+ per day, working from home, entirely yours to keep.  Computer and Admin work position available. \n \n-___________-There is only 15 Spots. Please fill in the form for more information:======!S&#8495;t33.com!======     ",
        "title": "!#!#!#!#!Admin j0b. W0rk fr0m h0me. Start t0day.!#!#!#!#!"
    },
    {
        "postid": "5955558373",
        "postingbody": " \n \n QR Code Link to This Post \n  \n \nSet your own hours \nWork from your computer \nMust have Internet access \nWe provide training  \n \nBe your own boss. We're looking to work with 7 coachable stay at home workers who are serious about earning money. Our members are reporting 6 and 7 digit income per year. \n \nPlease fill in the form for more information:!!!!S&#8495;t33.com!!!!     ",
        "title": "Make thousands per week with flexible hours"
    }
][
    {
        "postid": "5958382834",
        "postingbody": " \n \n QR Code Link to This Post \n  \n \n-___________-Want to work from home? And still want to be able to support the whole family? \n \n-___________-Here's the catch. It won't be easy. And if it does come easy to you, then you're going to make a lot of money. \n \n-___________-$500+ per day, working from home, entirely yours to keep.  Computer and Admin work position available. \n \n-___________-There is only 15 Spots. Please fill in the form for more information:======!S&#8495;t33.com!======     ",
        "title": "!#!#!#!#!Admin j0b. W0rk fr0m h0me. Start t0day.!#!#!#!#!"
    },
    {
        "postid": "5955558373",
        "postingbody": " \n \n QR Code Link to This Post \n  \n \nSet your own hours \nWork from your computer \nMust have Internet access \nWe provide training  \n \nBe your own boss. We're looking to work with 7 coachable stay at home workers who are serious about earning money. Our members are reporting 6 and 7 digit income per year. \n \nPlease fill in the form for more information:!!!!S&#8495;t33.com!!!!     ",
        "title": "Make thousands per week with flexible hours"
    }
][
    {
        "postid": "5958382834",
        "postingbody": " \n \n QR Code Link to This Post \n  \n \n-___________-Want to work from home? And still want to be able to support the whole family? \n \n-___________-Here's the catch. It won't be easy. And if it does come easy to you, then you're going to make a lot of money. \n \n-___________-$500+ per day, working from home, entirely yours to keep.  Computer and Admin work position available. \n \n-___________-There is only 15 Spots. Please fill in the form for more information:======!S&#8495;t33.com!======     ",
        "title": "!#!#!#!#!Admin j0b. W0rk fr0m h0me. Start t0day.!#!#!#!#!"
    },
    {
        "postid": "5955558373",
        "postingbody": " \n \n QR Code Link to This Post \n  \n \nSet your own hours \nWork from your computer \nMust have Internet access \nWe provide training  \n \nBe your own boss. We're looking to work with 7 coachable stay at home workers who are serious about earning money. Our members are reporting 6 and 7 digit income per year. \n \nPlease fill in the form for more information:!!!!S&#8495;t33.com!!!!     ",
        "title": "Make thousands per week with flexible hours"
    }
]