[
    {
        "postid": "5941758425",
        "postingbody": " \n \n QR Code Link to This Post \n  \n \nOrchard Road Season Parking $250 pm \nBrand new carpark at Cairnhill \nVery brightly lit Spacious Lots \nSuitable for large and Sports cars and electric cars \nFamily lots, electric charging available \nSecurity guard at entrance \nOverhead bridge to Paragon \nNear to Takashimaya, Mount E Hospital, Mandarin Orchard, Heeren, 313, Orchard cineleisure, Centrepoint \n ",
        "title": "Orchard Road Parking"
    },
    {
        "postid": "5905922596",
        "postingbody": " \n \n QR Code Link to This Post \n  \n \nWith more than 200 storage space customers and still counting. $48 Household Storage Space or Document Storage Services  \n \n \n \n \nAvailable Short/Long Term Storage Space  \n@ SERANGOON  \n@ PAYA LEBAR (Almost full)  \n@ WOODLAND LINK  \n@ TOA PAYOH (Full Currently)  \n@ CHANGI EXPO \n \nWe provide affordable, reliable and most flexible storage place and storage space in town. In a way similar and maybe better than self storage.  \nWe are in this business for more than 10 years since 2003. \n \nALL STORAGE SPACE FAQs, Price REFER URL BELOW \n -- http://payu-storage.blogspot.sg/ --  \n \nUsing our storage place services, there is no admin fee, no deposit, no penalties, no hidden charges, hasslefree, handsfree (Includes empty carton box &amp; Transport Pickup Option) &amp; worry free. secure, simple and easy to understand pay only what you use.  \nWe provide price estimation for your household storage and there wont be any hassle.  \nSimple agreement can be signed on the same day you moved in or when our movers go over to pickup your stuff from your premises to save your time and travelling.  \nOur storage offers no frill, safe and reliable storage space suitable for customers who do not need 24 hours or very frequent access and viewing is not necessary.  \nStorage of 16- 30 carton boxes of household items or document boxes in our storage space for $48, totally handsfree and hasslefree pickup option from your premises.  \n \nALL PRICES REFER URL BELOW \n -- http://payu-storage.blogspot.sg/ --  \n \n-- How to calculate the storage cost --  \nFOR CARTON BOXES  \n$48 per month for space to store 30 small carton boxes maximum size 35cm x 35cm x 35xm  \n$48 per month for space to store 24 medium carton boxes maximum size 40cm x 40cm x 40xm  \n$48 per month for space to store 20 large carton boxes maximum size 50cm x 40cm x 40xm  \n$48 per month for space to store 16 X-large carton boxes maximum size 55cm x 45cm x 45xm  \n \n$ 105 per month for storage of a typical SINGLE BED ROOM furniture  \n$ 108 per month for storage of a typical DINING &amp; KITCHEN APPLIANCES  \n$ 130 per month for storage of a typical LIVING ROOM furniture  \n$ 170 per month for storage of typical MASTER BED ROOM furniture \n \n---Individual Item Price Breakdown---  \nDetails in -- http://payu-storage.blogspot.sg/ --  \n \nWe provide storage space for rent a little different &amp; much more affordable than self storage, we calculate base on space used by items store in our storage space facility. We provide business storage space services, office document storage space and storage services. You can store personal belonging in our storage space or warehouse. The storage is among cheapest storage space in Singapore. Our storage is very secure and many chose our storage because it is reliable and safe and very suitable for temporary storage, short term storage and long term storage space in Singapore. We have handled storage and logistic for Pasar Malam item storage space in Singapore. Short term storage space and long term storage space can be affordable and cheap, especially during house moving where you need space to temporary store your household stuff or furniture. We try our best to provide Flexible storage space base on what you need unlike self storage where you pay for space that you do not use.  \n \nEven if you look at warehouse for rent, normally you store lesser than the space you pay.  \n \nYou can compare our PayU storage space prices with other storage space such as Storhub self storage space, Lock and safe storage, Extraspace storage, Or Storages, Store4you, Store-friendly, Lovestoreit, Storebank, EBC storage, Yourspace storage, Selfstore, Selfstorage, Dstore, Free storage space, storage Singapore, Singapore storage Extra Space&#65292; Extra Storage space&#65292; Warehouse storage. \n ",
        "title": "$48 Affordable and 100% SECURE Storage space Singapore"
    },
    {
        "postid": "5890354265",
        "postingbody": " \n \n QR Code Link to This Post \n  \n \nWith more than 200 storage space customers and still counting. $48 Household Storage Space or Document Storage Services  \n \n \n \n \nAvailable Short/Long Term Storage Space  \n@ SERANGOON  \n@ PAYA LEBAR (Almost full)  \n@ WOODLAND LINK  \n@ TOA PAYOH (Full Currently)  \n@ CHANGI (Near Expo) \n \nWe provide affordable, reliable and most flexible storage place and storage space in town. In a way similar and maybe better than self storage.  \nWe are in this business for more than 10 years since 2003. \n \nALL STORAGE SPACE FAQs, Price REFER URL BELOW \n -- http://payu-storage.blogspot.sg/ --  \n \nUsing our storage place services, there is no admin fee, no deposit, no penalties, no hidden charges, hasslefree, handsfree (Includes empty carton box &amp; Transport Pickup Option) &amp; worry free. secure, simple and easy to understand pay only what you use.  \nWe provide price estimation for your household storage and there wont be any hassle.  \nSimple agreement can be signed on the same day you moved in or when our movers go over to pickup your stuff from your premises to save your time and travelling.  \nOur storage offers no frill, safe and reliable storage space suitable for customers who do not need 24 hours or very frequent access and viewing is not necessary.  \nStorage of 16- 30 carton boxes of household items or document boxes in our storage space for $48, totally handsfree and hasslefree pickup option from your premises.  \n \nALL PRICES REFER URL BELOW \n -- http://payu-storage.blogspot.sg/ --  \n \n-- How to calculate the storage cost --  \nFOR CARTON BOXES  \n$48 per month for space to store 30 small carton boxes maximum size 35cm x 35cm x 35xm  \n$48 per month for space to store 24 medium carton boxes maximum size 40cm x 40cm x 40xm  \n$48 per month for space to store 20 large carton boxes maximum size 50cm x 40cm x 40xm  \n$48 per month for space to store 16 X-large carton boxes maximum size 55cm x 45cm x 45xm  \n \n$ 105 per month for storage of a typical SINGLE BED ROOM furniture  \n$ 108 per month for storage of a typical DINING &amp; KITCHEN APPLIANCES  \n$ 130 per month for storage of a typical LIVING ROOM furniture  \n$ 170 per month for storage of typical MASTER BED ROOM furniture \n \n---Individual Item Price Breakdown---  \nDetails in -- http://payu-storage.blogspot.sg/ --  \n \nWe provide storage space for rent a little different &amp; much more affordable than self storage, we calculate base on space used by items store in our storage space facility. We provide business storage space services, office document storage space and storage services. You can store personal belonging in our storage space or warehouse. The storage is among cheapest storage space in Singapore. Our storage is very secure and many chose our storage because it is reliable and safe and very suitable for temporary storage, short term storage and long term storage space in Singapore. We have handled storage and logistic for Pasar Malam item storage space in Singapore. Short term storage space and long term storage space can be affordable and cheap, especially during house moving where you need space to temporary store your household stuff or furniture. We try our best to provide Flexible storage space base on what you need unlike self storage where you pay for space that you do not use.  \n \nEven if you look at warehouse for rent, normally you store lesser than the space you pay.  \n \nYou can compare our PayU storage space prices with other storage space such as Storhub self storage space, Lock and safe storage, Extraspace storage, Or Storages, Store4you, Store-friendly, Lovestoreit, Storebank, EBC storage, Yourspace storage, Selfstore, Selfstorage, Dstore, Free storage space, storage Singapore, Singapore storage Extra Space&#65292; Extra Storage space&#65292; Warehouse storage. \n ",
        "title": "$48 Affordable and 100% SECURE Storage space Singapore"
    },
    {
        "postid": "5916992066",
        "postingbody": " \n \n QR Code Link to This Post \n  \n \n15000 sq ft landed house for rent from Jan-Apr 2017. \nUnfurnished. Best used for storage space. Please contact to arrange viewing.     ",
        "title": "Cheap storage space near Botanic Gdns (Jan-Apr 2017)"
    },
    {
        "postid": "5954414849",
        "postingbody": " \n \n QR Code Link to This Post \n  \n \nPayU Storage Space For Rent provides storage for carton boxes, pallet commercial items, household items, furniture, industrial bulky items, 20ft indoor container storage, events backdrop and exhibition storage, with more than 10000sqft of storage facilities in multiple locations islandwide, more than 10 years in operation and more than 200+ customers and positive feedbacks \n \n&#128077;&#128077;&#128077;Flexible price and size based on total items stored so you do not need to pay for unused or walking space. Price decrease when items reduced or upgrade to bigger capaciity when you have more items. \n \nPayU Storage offers the most secured storage and most affordable (some customers say cheapest with no hidden fees) with the most locations to suit your needs.  \n \nPayu Storage Space provides A-Z services like  \nOn site or off site price assessment,  \nSupply brand new or recycled Carton Boxes \nInhouse Mover and transportation from Vans to Box trucks, Open lorry with crane and tailgate  \nProvides dismantling/assembling services \nProvides wrapping services for fragile furniture using shrink wrap or cardboard \nProvides in house stacker to assist customer to stack their items \n \nWe are located at \n@ SERANGOON \n \n@ CHANGI (Expo) \n \n@ PAYA LEBAR  \n \n@ WOODLAND LINK \n \n@ Tuas (Mid/Long Term) \n \n@ Sungei Kadut (Mid/Long Term) \n \n@ TOA PAYOH (Currently Full) \n \n@ KALLANG (Currently Full) \n \n \nOur website provides lots of info to teach you how to pack your items and how to avoid bad storage vendor. \n \nThere is no admin fee, no deposit, no penalties, no hidden charges, no gimmicks and hasslefree, handsfree (Includes Mover Transport Pickup Option) &amp; worry free. safe, simple and easy to understand pay only what you use. \n \nWe provide price estimation and there wont be any hassle, simple legal agreement can be signed on the same day you moved in to save your time and troubles. \n \nIt is purely a no frill, safe and reliable storage space suitable for customers who do not need 24 hours. \n \nHome &amp; Contact  \nClick to Read. \nhttp://payu-storage.blogspot.sg/2016/03/for-rent-payu-storage-space-whatsapp.html \n \nHow To Pack for Safe Storage \nClick to Read \nhttp://payu-storage.blogspot.sg/2016/12/the-best-way-to-pack-your-items.html \n \nWhy PayU Storage Is Better \nClick to Read. Please Read! \nhttp://payu-storage.blogspot.sg/2016/04/why-payu-storage-is-better-than-others.html \n \nPRAISE for PayU Storage \nClick to Read More \nhttp://payu-storage.blogspot.sg/2016/03/testimonials-from-some-customers.html \n \nHow To Calculate Storage Cost  \nClick to Read. \nhttp://payu-storage.blogspot.sg/2016/03/how-to-calculate-storage-cost.html \n \nFrequently Asked Questions (Please Read This) \nClick to Read. Please Read! \nhttp://payu-storage.blogspot.sg/2016/03/frequently-asked-questions.html \n \nBEWARE! (Not All 'Storage' are Legal and Ethical)  \nClick to Read. Must Read! \nhttp://payu-storage.blogspot.sg/2016/04/beware.html \n \nWe provide storage space for all;- \nBusiness storage space services \nBusiness document storage space and storage services \nPersonal belonging storage space \nCheap storage space in Singapore, Probably cheapest storage space that is reliable and safe \nTemporary storage space and Permanent storage space in Singapore \nPasar Malam item storage space in Singapore \nCheap, reliable and safe storage space in Singapore \nShort term storage space and long term storage space. \nTemporary storage space \nStorage space for household stuff Storage space or furniture storage space \nFlexible storage space and reliable storage space.  \n \n \n \n \n \n \n \n \n \n \n \n \n \n \n \n \n \n \n \n \n \nYou can compare our PayU storage space prices with other storage space such as \n Storhub self storage space \n Lock and safe storage \n Extraspace storage \n Storages \n Store4you \n Store-friendly \n Lovestoreit \n Storebank \n EBC storage \n Yourspace storage \n Selfstore \n Selfstorage \n Dstore \n Free storage space \n storage Singapore \n Singapore storage \n Extra Space \n Extra Storage space \nWarehouse For Rent     ",
        "title": "$48 CHEAP/SAFE Storage space Singapore, Rental Storage Space"
    },
    {
        "postid": "5954412141",
        "postingbody": " \n \n QR Code Link to This Post \n  \n \nWith more than 200 storage space customers and still counting. $48 Household Storage Space or Document Storage Services  \n \n \n \n \nAvailable Short/Long Term Storage Space  \n@ SERANGOON \n \n@ PAYA LEBAR  \n \n@ WOODLAND LINK \n \n@ Tuas (Mid/Long Term) \n \n@ Sungei Kadut (Mid/Long Term) \n \n@ TOA PAYOH (Currently Full) \n \n@ KALLANG (Currently Full) \n \n@ CHANGI (Expo) \n \nWe provide affordable, reliable and most flexible storage place and storage space in town. In a way similar and maybe better than self storage.  \nWe are in this business for more than 10 years since 2003. \n \nALL STORAGE SPACE FAQs, Price REFER URL BELOW \n -- http://payu-storage.blogspot.sg/ --  \n \nUsing our storage place services, there is no admin fee, no deposit, no penalties, no hidden charges, hasslefree, handsfree (Includes empty carton box &amp; Transport Pickup Option) &amp; worry free. secure, simple and easy to understand pay only what you use.  \nWe provide price estimation for your household storage and there wont be any hassle.  \nSimple agreement can be signed on the same day you moved in or when our movers go over to pickup your stuff from your premises to save your time and travelling.  \nOur storage offers no frill, safe and reliable storage space suitable for customers who do not need 24 hours or very frequent access and viewing is not necessary.  \nStorage of 16- 30 carton boxes of household items or document boxes in our storage space for $48, totally handsfree and hasslefree pickup option from your premises.  \n \nALL PRICES REFER URL BELOW \n -- http://payu-storage.blogspot.sg/ --  \n \n-- How to calculate the storage cost --  \nFOR CARTON BOXES  \n$48 per month for space to store 30 small carton boxes maximum size 35cm x 35cm x 35xm  \n$48 per month for space to store 24 medium carton boxes maximum size 40cm x 40cm x 40xm  \n$48 per month for space to store 20 large carton boxes maximum size 50cm x 40cm x 40xm  \n$48 per month for space to store 16 X-large carton boxes maximum size 55cm x 45cm x 45xm  \n \n$ 105 per month for storage of a typical SINGLE BED ROOM furniture  \n$ 108 per month for storage of a typical DINING &amp; KITCHEN APPLIANCES  \n$ 130 per month for storage of a typical LIVING ROOM furniture  \n$ 170 per month for storage of typical MASTER BED ROOM furniture \n \n---Individual Item Price Breakdown---  \nDetails in -- http://payu-storage.blogspot.sg/ --  \n \nWe provide storage space for rent a little different &amp; much more affordable than self storage, we calculate base on space used by items store in our storage space facility. We provide business storage space services, office document storage space and storage services. You can store personal belonging in our storage space or warehouse. The storage is among cheapest storage space in Singapore. Our storage is very secure and many chose our storage because it is reliable and safe and very suitable for temporary storage, short term storage and long term storage space in Singapore. We have handled storage and logistic for Pasar Malam item storage space in Singapore. Short term storage space and long term storage space can be affordable and cheap, especially during house moving where you need space to temporary store your household stuff or furniture. We try our best to provide Flexible storage space base on what you need unlike self storage where you pay for space that you do not use.  \n \nEven if you look at warehouse for rent, normally you store lesser than the space you pay.  \n \nYou can compare our PayU storage space prices with other storage space such as Storhub self storage space, Lock and safe storage, Extraspace storage, Or Storages, Store4you, Store-friendly, Lovestoreit, Storebank, EBC storage, Yourspace storage, Selfstore, Selfstorage, Dstore, Free storage space, storage Singapore, Singapore storage Extra Space&#65292; Extra Storage space&#65292; Warehouse storage. \n ",
        "title": "$48 Affordable and 100% SECURE Storage space Singapore"
    },
    {
        "postid": "5890358806",
        "postingbody": " \n \n QR Code Link to This Post \n  \n \nPayU Storage strives to be the cheapest and best storage space in town. \n \nOur customer feedback is our motivation to keep improving our service. \n \nRead our REVIEW in Carousell or Click to Read More \nhttp://payu-storage.blogspot.sg/2016/03/testimonials-from-some-customers.html \n \nWe offer reliable, cheapest and most flexible storage space in town. We are in this business for more than 10 years since 2003.  \n \nFULL DETAILS REFER URL BELOW \nStorage space Available  \nShort/Long Term Storage Space with picking up and empty carton box options. \n \n@ SERANGOON \n \n@ PAYA LEBAR  \n \n@ WOODLAND LINK \n \n@ Tuas (Mid/Long Term) \n \n@ Sungei Kadut (Mid/Long Term) \n \n@ TOA PAYOH (Currently Full) \n \n@ KALLANG (Currently Full) \n \n \nCarton boxes @ $2.5 -$4 each. \n \n \n -- http://payu-storage.blogspot.sg/2016/03/for-rent-payu-storage-space-whatsapp.html -- \n \nThere is no admin fee, no deposit, no penalties, no hidden charges, hasslefree, handsfree (Includes Transport Pickup Option) &amp; worry free. safe, simple and easy to understand pay only what you use. \n \nWe provide price estimation and there wont be any hassle, simple agreement can be signed on the same day you moved in to save your time and troubles. \n \nIt is purely a no frill, safe and reliable storage space suitable for customers who do not need 24 hours or very frequent access and viewing is not necessary.You can also store 16-35 carton boxes of household items or document boxes in our storage space for $48. A totally handsfree and hasslefree pickup option from your premises is available too. \n \nOur Website Home Page \n -- http://payu-storage.blogspot.sg/2016/03/for-rent-payu-storage-space-whatsapp.html -- \n \nMany customers have continued to support us, you can read more on  \nWHY PayU STORAGE IS BETTER \nhttp://payu-storage.blogspot.sg/2016/04/why-payu-storage-is-better-than-others.html \n \nFAQs is very important to clear all your doubts of our storage space facilities, we are very transparent and please read for your own knowledge  \n \n&#128270;FAQs (Every Storage customers Must Read This) \nhttp://payu-storage.blogspot.sg/2016/03/frequently-asked-questions.html \n \n&#128195;BEWARE! (Not All 'Storage' are Legal and Ethical) \nThis is as importatnt as FAQs as it helps storage customers looking for storage place to avoid all the hidden fees that unscrupulous warehouse operators imposed, after storage space customers start using the storage area or warehouse place \nhttp://payu-storage.blogspot.sg/2016/04/beware.html \n \nWe provide straight forward ways of calculating and helping storage customers estimating the cost of the storage items.  \nStorage Space customers can get a rough guage of the storage cost by checking qty and sizes of the carton boxes listed inside our price list. \n \nExamples  \nSTORAGE FOR CARTON BOXES \n$48 per month for 16 16XL household packing carton boxes or 35 document carton boxes. \nSTORAGE FOR FURNITURES \n$ 105 per month for a typical SINGLE BED ROOM furniture \n$ 108 per month for a typical DINING &amp; KITCHEN APPLIANCES \n$130 per month for a typical LIVING ROOM furniture \n$ 170 per month for typical MASTER BED ROOM furniture \n \nPRICELIST Details on How To Calculate Storage Cost can be found inside here \nhttp://payu-storage.blogspot.sg/2016/03/how-to-calculate-storage-cost.html \n \nPayU Storage provide business storage space services \nWe provide business document storage space and storage services @ PayU Storage  \nWe provide personal belonging storage space and storage services @ PayU Storage  \nWe provide cheap PayU storage space in Singapore and among the cheapest storage space that is reliable and safe storage \nWe provide temporary PayU storage  space and permanent PayU storage  space in Singapore \nPayU storage provide pickup and Pasar Malam item storage space in Singapore \nWe provide cheap, reliable  and safe PayU storage  space in Singapore  \nWe provide short term storage space and long term PayU storage  space. \nWe provide temporary PayU storage  space during your pregnancy, renovation, relocation \nWe provide short term storage space for household stuff storage space or furniture storage space \nFlexible storage space and reliable short term PayU storage or long term PayU storage  \nOur PayU storage  space is much cheaper than all the self storage space that charge higher fees and deposit, you do not need self storage space if you do not need daily access. \n \n \n \n \n \n \n \n \n \n \n \n \n \n \n \n \n \n \n \n \n \n \n \n \n \n \n \n \n \n \n \n \n \n \n \n \n \n \n \n \n \n \n \n \n \n \n \n \n \n \n \n \n \n \n \n \n \n \n \n \n \n \n \n \n \n \n \nIf you are looking for storage space for rent or warehouse storage for rent, look no further and we are the best cheapest, reliable storage space for rent ofor Singapore storage or storage in Singapore. You can compare our PayU storage space prices with other storage space such as \nStorhub self storage space \nLock and safe storage \nExtraspace storage \nStorages \nStore4you \nStore-friendly \nLovestoreit \nStorebank \nEBC storage \nYourspace storage \nSelfstore \nSelfstorage \nDstore \nFree storage space \nstorage Singapore \nSingapore storage \nExtra Space \nExtra Storage space \nWarehouse storage \n \n \nMany customers mistaken that self storage is the best storage facility. While it offers flexibility of 24 access suitable for a small group of businesses, most home owners or even businesses does not need 24/7 access. There are disadvantages going to self storage places and those space are normally very low ceilings and it is like a big maze from our customers experience using this kind of storage area. You have to make your own arrangements with the movers and buy your own carton boxes, travel down to the storage place to sign documents, to be around when your mover comes in with your items, have to stack the items yourself or forced to pay the movers, this applies the same for those big warehouse for rent as these operators charge via pallet size but everything else is additional for warehouse operators to stack for you or unstack for you during retrieval of your items, this is very very hard especially for ladies or older people. Some warehouse for rent or warehouse offering storage space using pallets. As it is stacked 5-6meters high up, there is a tendency that items might drop and you have to pay for shrink wrap services and labour charges of mover or transportation companies to help you with the work. Some warehouse companies advertise very cheap price like $45-$50 and knowing that 1 pallet is not enough, will add on charges even if you exceeded 1 pallet slightly. The warehouse for rent or warehouse storage companies will charge you 2 times the price. \nThe worst part is charging you for exceeding a certain height of 1m or 1.2neter. As your household storage items are not necessary in rectangle shapes, it can be fridge which are not good putting it lying down. Customers are advised to beware of unscrupulous storage warehouse companies which are not there to help store your document boxes or your household items or your company records. They try to lure you in and slaughter you like a cow when you need to access, when you need manpower to unstack your furniture or document boxes, everything becomes chargeable like assisting in unstacking, charge for stacking it back, charge for afterhours access or retrieval or charging you because they need to wrap up your items to be placed high up.     ",
        "title": "**100% Secured and Affordable** Storage Space For Rent in Singapore"
    },
    {
        "postid": "5890357666",
        "postingbody": " \n \n QR Code Link to This Post \n  \n \nWith more than 200 storage space customers and still counting. $48 Household Storage Space or Document Storage Services  \n \n \n \n \nAvailable Short/Long Term Storage Space  \n@ SERANGOON \n \n@ PAYA LEBAR  \n \n@ WOODLAND LINK \n \n@ Tuas (Mid/Long Term) \n \n@ Sungei Kadut (Mid/Long Term) \n \n@ TOA PAYOH (Currently Full) \n \n@ KALLANG (Currently Full) \n \n \nWe provide affordable, reliable and most flexible storage place and storage space in town. In a way similar and maybe better than self storage.  \nWe are in this business for more than 10 years since 2003. \n \nALL STORAGE SPACE FAQs, Price REFER URL BELOW \n -- http://payu-storage.blogspot.sg/ --  \n \nUsing our storage place services, there is no admin fee, no deposit, no penalties, no hidden charges, hasslefree, handsfree (Includes empty carton box &amp; Transport Pickup Option) &amp; worry free. secure, simple and easy to understand pay only what you use.  \nWe provide price estimation for your household storage and there wont be any hassle.  \nSimple agreement can be signed on the same day you moved in or when our movers go over to pickup your stuff from your premises to save your time and travelling.  \nOur storage offers no frill, safe and reliable storage space suitable for customers who do not need 24 hours or very frequent access and viewing is not necessary.  \nStorage of 16- 30 carton boxes of household items or document boxes in our storage space for $48, totally handsfree and hasslefree pickup option from your premises.  \n \nALL PRICES REFER URL BELOW \n -- http://payu-storage.blogspot.sg/ --  \n \n-- How to calculate the storage cost --  \nFOR CARTON BOXES  \n$48 per month for space to store 30 small carton boxes maximum size 35cm x 35cm x 35xm  \n$48 per month for space to store 24 medium carton boxes maximum size 40cm x 40cm x 40xm  \n$48 per month for space to store 20 large carton boxes maximum size 50cm x 40cm x 40xm  \n$48 per month for space to store 16 X-large carton boxes maximum size 55cm x 45cm x 45xm  \n \n$ 105 per month for storage of a typical SINGLE BED ROOM furniture  \n$ 108 per month for storage of a typical DINING &amp; KITCHEN APPLIANCES  \n$ 130 per month for storage of a typical LIVING ROOM furniture  \n$ 170 per month for storage of typical MASTER BED ROOM furniture \n \n---Individual Item Price Breakdown---  \nDetails in -- http://payu-storage.blogspot.sg/ --  \n \nWe provide storage space for rent a little different &amp; much more affordable than self storage, we calculate base on space used by items store in our storage space facility. We provide business storage space services, office document storage space and storage services. You can store personal belonging in our storage space or warehouse. The storage is among cheapest storage space in Singapore. Our storage is very secure and many chose our storage because it is reliable and safe and very suitable for temporary storage, short term storage and long term storage space in Singapore. We have handled storage and logistic for Pasar Malam item storage space in Singapore. Short term storage space and long term storage space can be affordable and cheap, especially during house moving where you need space to temporary store your household stuff or furniture. We try our best to provide Flexible storage space base on what you need unlike self storage where you pay for space that you do not use.  \n \nEven if you look at warehouse for rent, normally you store lesser than the space you pay.  \n \nYou can compare our PayU storage space prices with other storage space such as Storhub self storage space, Lock and safe storage, Extraspace storage, Or Storages, Store4you, Store-friendly, Lovestoreit, Storebank, EBC storage, Yourspace storage, Selfstore, Selfstorage, Dstore, Free storage space, storage Singapore, Singapore storage Extra Space&#65292; Extra Storage space&#65292; Warehouse storage. \n ",
        "title": "CHEAP and SECURED STORAGE SPACE account document boxes, medical record"
    }
]