[
    {
        "postid": "5925038368",
        "postingbody": " \n \n QR Code Link to This Post \n  \n \nretail sales assistant in music shop \ncentral area \n$7/hr \nonly candidate who send in a full resume will be considered \nNo experience required     ",
        "title": "retail sales assistant"
    },
    {
        "postid": "5952925068",
        "postingbody": " \n \n QR Code Link to This Post \n  \n \n-To be an ambassador for the represented Brand and portray at all times a professional and customer oriented image. \n-To provide excellent customer service while achieving sales target set. \n-To perform stock replenishment and price tagging whenever required \n-To perform and abide to all Operational Procedures. \n \nRequirements \n-Passion for selling \n-Customer service oriented \n-Comfortable to work in fast paced environment \n-Must be comfortable to retail hours (shift work, weekends and Public Holidays) \n-Candidate must possess at least a Diploma, Advanced/Higher/Graduate Diploma, Bachelor's Degree, -Post Graduate Diploma, Professional Degree, any field. \n-Required language: English \n-At least 1 year(s) of working experience in the related field is required for this position. \n-Preferably Junior Executives specializing in Sales -- Retail/General or equivalent. \n \nLooking for a career in the latest trends and hottest styles? \nSend us a copy of your resume to \n  show contact info \n \n ",
        "title": "Retail Associate (Kate Spade/ Kate Spade Saturday)"
    },
    {
        "postid": "5952925950",
        "postingbody": " \n \n QR Code Link to This Post \n  \n \n-To be an ambassador for the represented Brand and portray at all times a professional and customer oriented image. \n-To provide excellent customer service while achieving sales target set. \n-To perform stock replenishment and price tagging whenever required \n-To perform and abide to all Operational Procedures. \n \nRequirements \n-Passion for selling \n-Customer service oriented \n-Comfortable to work in fast paced environment \n-Must be comfortable to retail hours (shift work, weekends and Public Holidays) \n-Candidate must possess at least a Diploma, Advanced/Higher/Graduate Diploma, Bachelor's Degree, -Post Graduate Diploma, Professional Degree, any field. \n-Required language: English \n-At least 1 year(s) of working experience in the related field is required for this position. \n-Preferably Junior Executives specializing in Sales -- Retail/General or equivalent. \n \nLooking for a career in the latest trends and hottest styles? \nSend us a copy of your resume to \n  show contact info \n \n ",
        "title": "Retail Associate (Tumi)"
    },
    {
        "postid": "5937034011",
        "postingbody": " \n \n QR Code Link to This Post \n  \n \nChange your action, change the result \nIf you continue to do what you have always done in the past to earn money, your future results will be the same. If you change your action, you get a different result. If you are ready for a positive and better result, work part time, please contact me now:- \n\u2022\tWhatsapp/text me at:- mobile - \n  show contact info \nor \n  show contact info \n \n\u2022\tEmail - \n  show contact info \n    or    \n  show contact info \n \n \nI like to gift you with these very informative and useful ebooks below. Just send me an email to request and I will send them to you FREE! \n1. Ultimate Social Media Plan \n2. Tip &amp; Tricks for success for Young Entrepreneurship \n3. 55 graphics with health and fitness quotes for you to post in your social media \n ",
        "title": "Change your action, change the result"
    },
    {
        "postid": "5950163619",
        "postingbody": " \n \n QR Code Link to This Post \n  \n \nretail shop assistant for music products \nno experience required \nflexi hour flexi time \nonly candidates with a photo resume will be considered.     ",
        "title": "shop assistant"
    },
    {
        "postid": "5905762532",
        "postingbody": " \n \n QR Code Link to This Post \n  \n \nretail shop assistant \nSales experience or cashier experience  \n$6 or 7 /hr     ",
        "title": "Retail executive part time/full time"
    },
    {
        "postid": "5898649516",
        "postingbody": " \n \n QR Code Link to This Post \n  \n \nPart Time Retail Promoters \n \nJob Requirements: \n\u2022\tAged 16 and above  \n\u2022\tProvide good customer service \n\u2022\tHandle customers' enquiry and feedback \n\u2022\tAble to communicate well and to liaise with English and Mandarin speaking customers \n\u2022\tIndependent, energetic and pleasant personality \n\u2022\tAble to commit rotational shifts (inclusive of weekend) \n\u2022\tNo sale experience required as training will be provided \n\u2022\tFresh graduates and students are welcome to apply \n \nLocation: Central and South area \nSingaporean and PR are welcome \nInterested applicants, please write in to \n  show contact info \n or call 6246 1315 \n ",
        "title": "Part Time Retail Promoters"
    },
    {
        "postid": "5950286873",
        "postingbody": " \n \n QR Code Link to This Post \n  \n \nCashier  \n \n\u2022Full Time or Part Time (Flexible hours can be arranged depending availability)  \n \n\u2022Age 19 to 55 (Male or Female)  \n (Students waiting for results &amp; Housewives who need extra cash can apply \n\u2022Singaporean or Singapore PR only \n\u2022Able to communicate in simple English \n\u2022Able to handle cash register scanning \n\u2022Customer oriented \n\u2022Preferable staying near by \n\u2022Students on holiday can apply to work for short period. \n\u2022Small minimart and simple job \n \nWorking place : Blk 304 Jurong East Street 32 \n \nPlease contact to arrange for interview @ 81902244 Ms Karp  or 90909752 Ms Jaya     ",
        "title": "Cashier Job immediate Vacancy"
    },
    {
        "postid": "5898731744",
        "postingbody": " \n \n QR Code Link to This Post \n  \n \nBrands &amp; Location: \n1.\tMichael Kors -- Vivo City \n2.\tKate Spade -- Raffles City, MBS, Resort World Sentosa \n3.\tBath &amp; Body Works -- MBS  \n4.\tDunhill -- Resort World Sentosa \n \nOther Information: \n-\tSalary: S$7.50/hr \n-\tDuration: Immediate till end of Jan 2017 \n-\tWorking Hours: Retail hours,10am-10pm, Rotating shift. (8-10hrs per day) \n-\tOk with part timer able to work Friday, Sat and Sunday only. \nInterested applicants please send your resume to \n  show contact info \n \n ",
        "title": "Part Time Retail Associate for Festive Season (Dec &amp; Jan)"
    },
    {
        "postid": "5951334436",
        "postingbody": " \n \n QR Code Link to This Post \n  \n \nCustomer Service Assistant x1 \n-Duration: 15th Jan -- 28th Feb 2017 \n-Salary: S$7.50/hr + Islander Card for Sentosa (Claimable)  \n-Working Hours: 10am -- 10pm (Rotating Shift) \n-Must be able to commit CNY period \n-Able to communicate in Mandarin due to high volume of mandarin speaking tourist from China &amp; Taiwan \n \nInterested application please send your resume in MS word document with your recent photo to \n  show contact info \n \n \nWe regret that only shortlisted candidate will be notified.  \n ",
        "title": "Part timer required! For High End Luxury Brand x2 @RWS"
    },
    {
        "postid": "5936780018",
        "postingbody": " \n \n QR Code Link to This Post \n  \n \nResponsibilities: \n \n-To be an ambassador for the represented Brand and portray at all times a professional and customer oriented image. \n-To provide excellent customer service while achieving sales target set. \n-To perform stock replenishment and price tagging whenever required \n-To perform and abide to all Operational Procedures. \n \nRequirements \n-Passion for selling \n-Customer service oriented \n-Comfortable to work in fast paced environment \n-Must be comfortable to retail hours (shift work, weekends and Public Holidays) \n-Required language: English \n-At least 1 year(s) of working experience in the related field is required for this position. \n-Preferably Junior Executives specializing in Sales -- Retail/General or equivalent. \n \nOther Information: \n-Basic + Attractive Commission \n-5 day work week inclusive of weekends and PH \n-44 hours per week \n \nLooking for a career in the latest trends and hottest styles? \nSend us a copy of your resume to \n  show contact info \n ",
        "title": "Luxury Retail Associate"
    },
    {
        "postid": "5903117595",
        "postingbody": " \n \n QR Code Link to This Post \n  \n \nRetail Assistant for Music Instrument Shop \npart time flexi hours \nno experience needed \nplease send CV     ",
        "title": "Retail Assistant"
    },
    {
        "postid": "5944488042",
        "postingbody": " \n \n QR Code Link to This Post \n  \n \nLocation: City Plaza \nType: Part Time.  \nPeriod: Mid Jan - End April 2017 \nPay: $1,000 Basic + High Comm! \nOnly Singapore/PR need apply \nWorking Hours: TBC. Weekends included. 2 Off-days on weekdays \nRequirements: Able to communicate in english &amp; mandarin. \n \nCall Carl at 9626 2990 for more info     ",
        "title": "Shoe Shop Sales Assistant Needed"
    },
    {
        "postid": "5942864067",
        "postingbody": " \n \n QR Code Link to This Post \n  \n \n$100 sign up bonus, get it now! \n~@~@~@~@~@~@~@~@~@~@~@~@~@~@~@~@~@~@~@~@~@~@~@~ \nUber is enlisting in your general vicinity begin gaining inside the following 48 hours  \n~@~@~@~@~@~@~@~@~@~@~@~@~@~@~@~@~@~@~@~@~@~@~@~ \nIn the event that you don't have an auto, I have a couple of half and half sitting before my carport for my UBER companions.  \n~@~@~@~@~@~@~@~@~@~@~@~@~@~@~@~@~@~@~@~@~@~@~@~ \nTurned into a Uber driver!  \n~@~@~@~@~@~@~@~@~@~@~@~@~@~@~@~@~@~@~@~@~@~@~@~ \nYou will get a join Bonus of $150 on the off chance that you join with me at:-~~~~~~~~~~~~(****_Put33.com_****) \n \nWe will get in touch with you as quickly as time permits. Much thanks to you!     ",
        "title": "*No Uber Car, we can help you driver.,,,,(__***__*__***__)"
    },
    {
        "postid": "5952923622",
        "postingbody": " \n \n QR Code Link to This Post \n  \n \nCustomer Service Assistant x1 \nDuration: 15th Jan -- 28th Feb 2017 \nSalary: S$7.50/hr + Islander Card for Sentosa (Claimable)  \nWorking Hours: 10am -- 10pm (Rotating Shift) \nMust be able to commit CNY period \nAble to communicate in Mandarin due to high volume of mandarin speaking tourist from China &amp; Taiwan \n \nInterested application please send your resume in MS word document with your recent photo to \n  show contact info \n \n \nWe regret that only shortlisted candidate will be notified.     ",
        "title": "Customer Service Executive 15 Jan to 28 Feb"
    },
    {
        "postid": "5951333393",
        "postingbody": " \n \n QR Code Link to This Post \n  \n \n-To be an ambassador for the represented Brand and portray at all times a professional and customer oriented image. \n-To provide excellent customer service while achieving sales target set. \n-To perform stock replenishment and price tagging whenever required \n-To perform and abide to all Operational Procedures. \n \nRequirements \n-Passion for selling \n-Customer service oriented \n-Comfortable to work in fast paced environment \n-Must be comfortable to retail hours (shift work, weekends and Public Holidays) \n-Candidate must possess at least a Diploma, Advanced/Higher/Graduate Diploma, Bachelor's Degree, -Post Graduate Diploma, Professional Degree, any field. \n-Required language: English \n-At least 1 year(s) of working experience in the related field is required for this position. \n-Preferably Junior Executives specializing in Sales -- Retail/General or equivalent. \n \nLooking for a career in the latest trends and hottest styles? \nSend us a copy of your resume to \n  show contact info \n \n ",
        "title": "Retail Associate (Tumi)"
    },
    {
        "postid": "5952924369",
        "postingbody": " \n \n QR Code Link to This Post \n  \n \n-To be an ambassador for the represented Brand and portray at all times a professional and customer oriented image. \n-To provide excellent customer service while achieving sales target set. \n-To perform stock replenishment and price tagging whenever required \n-To perform and abide to all Operational Procedures. \n \nRequirements \n-Passion for selling \n-Customer service oriented \n-Comfortable to work in fast paced environment \n-Must be comfortable to retail hours (shift work, weekends and Public Holidays) \n-Candidate must possess at least a Diploma, Advanced/Higher/Graduate Diploma, Bachelor's Degree, -Post Graduate Diploma, Professional Degree, any field. \n-Required language: English \n-At least 1 year(s) of working experience in the related field is required for this position. \n-Preferably Junior Executives specializing in Sales -- Retail/General or equivalent. \n \nLooking for a career in the latest trends and hottest styles? \nSend us a copy of your resume to \n  show contact info \n \n ",
        "title": "Retail Associate (Bath&amp; Body Works)"
    },
    {
        "postid": "5938146831",
        "postingbody": " \n \n QR Code Link to This Post \n  \n \nCustomer Service Assistant x1 \nDuration: 15th Jan -- 28th Feb 2017 \nSalary: S$7.50/hr + Islander Card for Sentosa (Claimable)  \nWorking Hours: 10am -- 10pm (Rotating Shift) \nMust be able to commit CNY period \nAble to communicate in Mandarin due to high volume of mandarin speaking tourist from China &amp; Taiwan \n \nInterested application please send your resume in MS word document with your recent photo to \n  show contact info \n \n \nWe regret that only shortlisted candidate will be notified.  \n ",
        "title": "Part timer required! For High End Luxury Brand x2 @RWS"
    },
    {
        "postid": "5944747670",
        "postingbody": " \n \n QR Code Link to This Post \n  \n \nMusic Retail Shop looking for Part Time Sales Assistant \nNo experience required.  Central Area.  Flexi time. \n$7/hr \n \nA proper CV is to be submitted for consideration     ",
        "title": "Retail Shop Assistant"
    },
    {
        "postid": "5937001840",
        "postingbody": " \n \n QR Code Link to This Post \n  \n \nCustomer Service Assistant x1 \n-Duration: 15th Jan -- 28th Feb 2017 \n-Salary: S$7.50/hr + Islander Card for Sentosa (Claimable)  \n-Working Hours: 10am -- 10pm (Rotating Shift) \n-Must be able to commit CNY period \n-Able to communicate in Mandarin due to high volume of mandarin speaking tourist from China &amp; Taiwan \n \nInterested application please send your resume in MS word document with your recent photo to \n  show contact info \n \n \nWe regret that only shortlisted candidate will be notified.  \n ",
        "title": "Part timer required! For High End Luxury Brand x2 @RWS"
    },
    {
        "postid": "5945828372",
        "postingbody": " \n \n QR Code Link to This Post \n  \n \n~~~~~~~~~~~~~~~~~~~~~~~~~~~~~~(*)|*|(*)~~~~~~~~~~~~~~~~~~~~~~~~~~~~~~ \nIt's an incredible approach to get your bills paid while you try out in this town.  \n~~~~~~~~~~~~~~~~~~~~~~~~~~~~~~(*)|*|(*)~~~~~~~~~~~~~~~~~~~~~~~~~~~~~~ \nYou get the opportunity to pick your own hours and get paid around the same time.  \n~~~~~~~~~~~~~~~~~~~~~~~~~~~~~~(*)|*|(*)~~~~~~~~~~~~~~~~~~~~~~~~~~~~~~ \nNo sitting tight for a week by week paycheck, no irritating associates, no irritating manager. In the event that you don't have an auto, we can help with that, we have an armada of cross breed dark, select and X vehicles accessible.  \n~~~~~~~~~~~~~~~~~~~~~~~~~~~~~~(*)|*|(*)~~~~~~~~~~~~~~~~~~~~~~~~~~~~~~ \nIt would be ideal if you ensure you finish enrollment through this connection:- ~~~~~~~~~~~~(****_Put33.com_****)  \n~~~~~~~~~~~~~~~~~~~~~~~~~~~~~~(*)|*|(*)~~~~~~~~~~~~~~~~~~~~~~~~~~~~~~ \nWe will get in touch with you at the earliest opportunity. Much obliged to you! \n~~~~~~~~~~~~~~~~~~~~~~~~~~~~~~(*)|*|(*)~~~~~~~~~~~~~~~~~~~~~~~~~~~~~~     ",
        "title": "!______!No experience. Driver Job that you are your own boss.!______!"
    },
    {
        "postid": "5957090322",
        "postingbody": " \n \n QR Code Link to This Post \n  \n \nHere's your chance to contract with the fastest growing fashion house in the World GWT, the creators of the highly acclaimed luxury brands, FERI, FERI MOSH and POSH. You can choose to make money from Retail sales, Ecomm or Duplication of E-Mall's. \n \nHowever, as we are an exclusive closed club, I am taking interviews as we are looking for Entrepreneurs who are: \n \n- Serious, motivated, Diligent, Driven and Determined \n- Exceptional Time management skills, Business mindset, On time! \n  (time wasters do not apply) \n- Coachable with ambitions of taking leadership roles \n- MUST have access to the INTERNET (No internet - do not apply) \n- Have a passion for fashion, LOVE to have fun, want to make big cash and look good at the same time. \n \nIf you would like to qualify for an Interview, reply with your comment of interest in a PM. \n ",
        "title": "ENTREPRENEURS WANTED!!!"
    },
    {
        "postid": "5951331887",
        "postingbody": " \n \n QR Code Link to This Post \n  \n \n-To be an ambassador for the represented Brand and portray at all times a professional and customer oriented image. \n-To provide excellent customer service while achieving sales target set. \n-To perform stock replenishment and price tagging whenever required \n-To perform and abide to all Operational Procedures. \n \nRequirements \n-Passion for selling \n-Customer service oriented \n-Comfortable to work in fast paced environment \n-Must be comfortable to retail hours (shift work, weekends and Public Holidays) \n-Candidate must possess at least a Diploma, Advanced/Higher/Graduate Diploma, Bachelor's Degree, -Post Graduate Diploma, Professional Degree, any field. \n-Required language: English \n-At least 1 year(s) of working experience in the related field is required for this position. \n-Preferably Junior Executives specializing in Sales -- Retail/General or equivalent. \n \nLooking for a career in the latest trends and hottest styles? \nSend us a copy of your resume to \n  show contact info \n \n ",
        "title": "Retail Associate (Bath&amp; Body Works)"
    },
    {
        "postid": "5898809308",
        "postingbody": " \n \n QR Code Link to This Post \n  \n \nRetail Assistant for Music Instrument Outlet \nflexi hours \npart time/no experience required \nOnly those who send in CV will be considered     ",
        "title": "Retail Assistant (Part time)"
    },
    {
        "postid": "5900078102",
        "postingbody": " \n \n QR Code Link to This Post \n  \n \nBrands &amp; Location: \n1.\tMichael Kors -- Vivo City \n2.\tKate Spade --MBS, Resort World Sentosa \n3.\tDunhill -- Resort World Sentosa \nOther Information: \n-\tSalary: S$7.50/hr \n-\tDuration: Immediate till end of Jan 2017 \n-\tWorking Hours: Retail hours,10am-10pm, Rotating shift. (8-10hrs per day) \n-\tOk with part timer able to work Friday, Sat and Sunday only. \nInterested applicants please send your resume to \n  show contact info \n \n ",
        "title": "Part Time Retail Associate for Festive Season (Dec &amp; Jan)"
    },
    {
        "postid": "5935343164",
        "postingbody": " \n \n QR Code Link to This Post \n  \n \nJob Requirements: \n\u2022\tAged 16 and above  \n\u2022\tProvide good customer service \n\u2022\tHandle customers' enquiry and feedback \n\u2022\tAble to communicate well and to liaise with English and Mandarin speaking customers \n\u2022\tIndependent, energetic and pleasant personality \n\u2022\tAble to commit rotational shifts (inclusive of weekend) \n\u2022\tNo sale experience required as training will be provided \n\u2022\tFresh graduates and students are welcome to apply \n \nLocation: Central and South area \nSingaporean and PR are welcome \nInterested applicants, please write in to \n  show contact info \n or call 6246 1315 \n ",
        "title": "Retail Sales Promoter"
    },
    {
        "postid": "5910434653",
        "postingbody": " \n \n QR Code Link to This Post \n  \n \nJob Description \n \n-To be an ambassador for the represented Brand and portray at all times a professional and customer oriented image. \n-To provide excellent customer service while achieving sales target set. \n-To perform stock replenishment and price tagging whenever required \n-To perform and abide to all Operational Procedures. \n \nRequirements \n-Passion for selling \n-Customer service oriented \n-Comfortable to work in fast paced environment \n-Must be comfortable to retail hours (shift work, weekends and Public Holidays) \n-Required language: English \n-At least 1 year(s) of working experience in the related field is required for this position. \n \nLooking for a career in the latest trends and hottest styles? \nSend us a copy of your resume to \n  show contact info \n \n \n \n ",
        "title": "Retail Associate (Michael Kors - Full Time)"
    },
    {
        "postid": "5931540948",
        "postingbody": " \n \n QR Code Link to This Post \n  \n \nJob Requirements: \n\u2022\tAged 16 and above  \n\u2022\tProvide good customer service \n\u2022\tHandle customers' enquiry and feedback \n\u2022\tAble to communicate well and to liaise with English and Mandarin speaking customers \n\u2022\tIndependent, energetic and pleasant personality \n\u2022\tAble to commit rotational shifts (inclusive of weekend) \n\u2022\tNo sale experience required as training will be provided \n\u2022\tFresh graduates and students are welcome to apply \n \nLocation: Central and South area \nSingaporean and PR are welcome \nInterested applicants, please write in to \n  show contact info \n or call 6246 1315 \n ",
        "title": "Retail Sales Promoter"
    },
    {
        "postid": "5937010213",
        "postingbody": " \n \n QR Code Link to This Post \n  \n \n-To be an ambassador for the represented Brand and portray at all times a professional and customer oriented image. \n-To provide excellent customer service while achieving sales target set. \n-To perform stock replenishment and price tagging whenever required \n-To perform and abide to all Operational Procedures. \n \nRequirements \n-Passion for selling \n-Customer service oriented \n-Comfortable to work in fast paced environment \n-Must be comfortable to retail hours (shift work, weekends and Public Holidays) \n-Required language: English \n-At least 1 year(s) of working experience in the related field is required for this position. \n-Preferably Junior Executives specializing in Sales -- Retail/General or equivalent. \n \nLooking for a career in the latest trends and hottest styles? \nSend us a copy of your resume to \n  show contact info \n \n ",
        "title": "Retail Associate (Bath&amp; Body Works)"
    },
    {
        "postid": "5938089419",
        "postingbody": " \n \n QR Code Link to This Post \n  \n \nI work my own particular hours, anyplace I need. I am my own particular manager. I can even get back home and sleep at whatever time I need! Activity excessively insane? I can snatch a nibble to eat till its over... My first week I made $952.00 in 30 hours... yes its actual! No tricks, no tricks... also, its straightforward... BEST of all? Its an impact!  \n_)(*&amp;^%$#!@#$%^&amp;*()(*&amp;^%$#@#$%^&amp;*(*&amp;##$%^&amp;*((*&amp;^%$#$%^&amp;*(*&amp;^%$# \nOn the off chance that you don't have an auto, I have a couple of mixture sitting before my carport for my UBER companions.  \n_)(*&amp;^%$#!@#$%^&amp;*()(*&amp;^%$#@#$%^&amp;*(*&amp;##$%^&amp;*((*&amp;^%$#$%^&amp;*(*&amp;^%$# \n_)(*&amp;^%$#!@#$%^&amp;*()(*&amp;^%$#@#$%^&amp;*(*&amp;##$%^&amp;*((*&amp;^%$#$%^&amp;*(*&amp;^%$# \nTurned into a Uber driver! You will get a join Bonus of $150 in the event that you join with me at:=!=Put33.com=!=  \n \nWe will get in touch with you as quickly as time permits. Much obliged to you! \n_)(*&amp;^%$#!@#$%^&amp;*()(*&amp;^%$#@#$%^&amp;*(*&amp;##$%^&amp;*((*&amp;^%$#$%^&amp;*(*&amp;^%$# \n_)(*&amp;^%$#!@#$%^&amp;*()(*&amp;^%$#@#$%^&amp;*(*&amp;##$%^&amp;*((*&amp;^%$#$%^&amp;*(*&amp;^%$#     ",
        "title": "!!!Driver Job, No experience needed. Sign up bonus $100.!!!"
    },
    {
        "postid": "5927620656",
        "postingbody": " \n \n QR Code Link to This Post \n  \n \nPart Time Retail Associate x1 \nDuration: Immediate till End of 28th Feb 2017 \n \nCustomer Service Assistant x1 \nDuration: 15th Jan -- 28th Feb 2017 \n \nSalary: S$7.50/hr + Islander Card for Sentosa (Claimable)  \nWorking Hours: 10am -- 10pm (Rotating Shift) \nMust be able to commit CNY period \nAble to communicate in Mandarin due to high volume of mandarin speaking tourist from China &amp; Taiwan \n \nInterested application please send your resume in MS word document with your recent photo to \n  show contact info \n \n \nWe regret that only shortlisted candidate will be notified.  \n ",
        "title": "Part timer required! For High End Luxury Brand x2 @RWS"
    }
]