[
    {
        "postid": "5951451909",
        "postingbody": " \n \n QR Code Link to This Post \n  \n \nWithin 5-minute drive to AYE and PIE \n \n5-minute drive from Jurong East MRT station \n \nA 10-storey of&#64257;ce tower cum 6 storey hi-tech industrial space with showroom space on ground &#64258;oor \n \nLink to ramp up carpark \n \nHigh Ceiling \n \nAlmost column free layout \n \nApprox Sizes 6,879 to 23,000 sq ft \n \nIndicative Rental:$3.80psf \n \nFor more information call 65898673 \n \nEmail : \n  show contact info \n \n ",
        "title": "Rare Warehouse Production Space for Rent , Jurong East"
    },
    {
        "postid": "5932294106",
        "postingbody": " \n \n QR Code Link to This Post \n  \n \nProcedure to Buy/Sell \n \nWho Can Buy Private Property?  \nAll Singapore citizens and companies can freely buy any type of private residential property.  \nHowever, there are HDB and CPF restrictions that may affect you when you buy a private property. \nFor flats bought directly from HDB (including flats bought from the open market with CPF Housing Grant) a) The flats lessees must satisfy the required occupation period for the flat before acquiring the private property \n \nb) The flat lessees must continue to stay in the HDB flat after acquiring the private property unless having met the required occupation period allowing them to rent out the HDB flat. \n \nFor flats bought from the open market without CPF Housing Grant \nYou still need to satisfy the required occupation period for the flat before acquiring the private property.  \n \nForeigners or foreign companies can buy certain types of residential property according to the Residential Property Act. \nThe Buying / Selling Process: \n1) Select an agent(Optional), but recommended.  \nA professional agent will not only help you to find the right property, but also ensure you get the right price, ensure all small details are covered prior to purchase, guide you through the process and make recommendations on financing and legal representation. \n \n2) Find your property and agree on a price \nWhen reaching a preliminary agreement to buy, ensure that all important points have been discussed and agreed, including any repairs or changes prior to purchase, what stays and what goes, any special requirements from both sides and the anticipated transaction completion date. \n \n3) Sign an Option to Purchase \nFor Private Property - The seller through their lawyer or agent will grant you an Option To Purchase sale contract for the property.  \nAt this point you are required to pay a non-refundable option fee (normally 1% of purchase price).  \nThe option period is usually 14 days. \n \nFor HDB Property - the HDB standard Option to Purchase has replaced the Sale &amp; Purchase Agreement as the form of contract to be used in resale flat transactions.  \n \nBuyers and sellers should not enter into any other forms of agreement or supplemental agreements.  \nLike private property, you are required to pay a non-refundable option fee (not more than SGD$1,000) when the Option To Purchase is granted to you.  \nThe option period is 21 days. \n \n4) Appoint a Lawyer \nYou now need to appoint a lawyer to make legal enquiries on the status of the seller, the title of the property and the terms of the sale. \n \n5) Arranging Financing \nCompare interest rates and special terms when choosing your finance scheme.  \nYou can apply for withdrawal of CPF savings by completing an application together with a valuation report prepared by a licensed valuer who is on the CPF panel of valuers. \n \n6) Exercise the Option / HDB 1st Appointment \n \nFor Private Property - If all is well you now sign the Option To Purchase sale contract as a form of exercising the option, and pay 5% of the purchase price (less the option fee). You also need to pay stamp duty within 14 days of the contract. \n \nFor HDB Property - After getting HDB's Loan Eligibility (HLE) Letter or the bank's Letter Of Offer (LO), you are to exercise the Option To Purchse and pay not more than SGD$5,000 (less the option fee).  \nThe buyer and seller must then register the transaction with HDB.  \nRegistration allows HDB to check the eligibility of the transaction and arrange for a 1st Appointment -- usually about 6 weeks after the registration. \n \n7) Legal Inspection &amp; Completion \nYour lawyer will carry out an investigation of title deeds and send requisitions to various government departments. The seller's lawyer will also prepare the completion statement and send documents for stamping to effect completion. \n \nSettle Payment and Handover / HDB 2nd Appointment \nFor Private Property - You now settle the outstanding balance of the purchase price. This might be 8 to 12 weeks after exercising the option. The seller's lawyer will then handover the keys and title deed of conveyance, and you become the owner of your new home. \n \nFor HDB Property - Completion takes place at the 2nd Appointment, usually about a 8 weeks after the 1st Appointment. The insurance and mortgage is arranged and stamp duty, legal fees and agent fees are paid. The sale is completed and arrangements are made for moving into your new home. \n \nEntire Process Time: Usually between 10 to 14 weeks \n \n \nYour Perfect Real Estate \nBusiness Partner Right Person Sincerity &amp; Honesty \nProfessional Service with Personal Touch. \nTenant feedback is an important tool. \n12 year experience full time agent \nThe face you know the experience you trust \n \nYours sincerely, \nTroy Edward 91009873 \nSenior Sale Team Associate Marketing Director \nMCDOWELL REALTY NETWORK \nCEA License Number: L3006213G / R015039A \nCert BY CES/ RES / CPD \nTOP Producer, Top Achievers, Top Lister     ",
        "title": "Full Procedures &amp; Tips to Buy &amp; Sell Private properties and HDB Resale"
    },
    {
        "postid": "5952994086",
        "postingbody": " \n \n QR Code Link to This Post \n  \n \nDear buyers: \n \nIf you are buying: \t\t\t\t\t\t \nEC\t\t\t\t\t\t \nOnly cater for SC family. If you are not SC, not eligible to buy EC.\t\t\t\t\t\t \n \nBuying a condominium\t\t\t\t\t\t \n \nForeigner also can buy, most of the fix item are provided, easier for you to set up a home!\t\t\t\t\t\t \n \nIf you are PR or foreigner, buying a small condominium better than spending 2-3k rental for nothing.\t\t\t\t\t\t \n \nIf you are short term in Singapore, you still can rent it out for rental yield or sell it for capital gain if you are not in Singapore! Then still waiting for what!\u00a0\t\t\t\t\t\t \n \nIf you are buying, should consider the following:\t\t\t\t\t\t \nGood location (near MRT), good price ( not the high end price), good return!\u00a0\t \n \n&#24819;&#35201;&#25237;&#36164;&#26032;&#21152;&#22369;&#30340;&#31169;&#20154;&#25151;&#22320;&#20135;&#65292;&#19996;&#35199;&#21335;&#21271;&#65292;&#24066;&#20013;&#24515; &#20219;&#20309;&#22320;&#26041;&#65292;&#21364;&#19981;&#30693;&#36947;&#22914;&#20309;&#36873;&#65292;&#20063;&#19981;&#30693;&#36947;&#35201;&#20184;&#20160;&#20040;&#36153;&#29992;&#12290;&#35753;&#25105;&#24110;&#20320;&#21543;&#65281;&#25105;&#24895;&#20570;&#20320;&#30340;&#21521;&#23548;&#24102;&#20320;&#21435;&#20219;&#20309;&#31034;&#33539;&#21333;&#20301;&#65292;&#24182;&#19988;&#30452;&#25509;&#21644;&#21457;&#23637;&#21830;&#20080;&#36141;&#65292;&#26080;&#38656;&#20184;&#25105;&#20219;&#20309;&#20013;&#20171;&#36153;&#12290;\t\t\t\t\t\t \n&#26412;&#20154;&#25000;&#21402;&#32769;&#23454;&#65292;&#26377;&#36131;&#20219;&#24515;&#65292;&#26159;&#20540;&#24471;&#20449;&#20219;&#30340;&#19968;&#21517;&#21512;&#26684;&#25151;&#22320;&#20135;&#20013;&#20171;&#65292;&#31934;&#36890;&#20013;&#33521;&#25991;&#65288;&#20854;&#23454;&#20013;&#25991;&#27604;&#33521;&#25991;&#22909;&#65289;&#12290;&#20080;&#23478;&#35831;&#32852;&#31995;90903698, &#30005;&#37038;: \n  show contact info \n \n \nwant to invest Private property at east /west/ north/south region,central region or anywhere. But you are not sure how to choose the right property, or not sure the process of the financial calculation etc; why not let me to help you out?\u00a0\u00a0I can bring you to the showflat and I will not collect one cent from you if deal directly with developer.\t\t\t\t\t\t \nBUYERS please call 90903698\u00a0\t\t\t\t\t\t \nEmail: \n  show contact info \n \nCEA Reg. No. : R051660D\t \n \nCall Emily @ 90903698 NOW for a discussion!\t\t\t\t\t\t \n \n ",
        "title": "Full time real estate agent provide real estate service EC/private con"
    },
    {
        "postid": "5951453876",
        "postingbody": " \n \n QR Code Link to This Post \n  \n \nBusiness Park Space For Rent (Expo MRT) \nSuits: IT and IT-related companies \nHighlights: Mixed development with Hotel, service apartment, office and retail, opposite \nExpo MRT Station and new future MRT station at basement (serving the Downtown line) \n \nSpace Available for Lease: Ranging from 14,000 sq ft to 70,000 sq ft \nAsking Rental from $3.80 neg \n \n \nCall +\n  show contact info \nor Email : \n  show contact info \n \n \nfor more information or schedule for a viewing \n \nContact Person : Cecilia Chia \n \nCEA Reg No : R029966B \n \nCorporate Visions Pte Ltd \n \nEstate Agent Reg No L3008887C     ",
        "title": "Business Park Office Space at Changi Business Park"
    },
    {
        "postid": "5864900153",
        "postingbody": " \n \n QR Code Link to This Post \n  \n \nRelocating to Singapore? Looking for an ideal home in SG? \n \nDrop me an email with you requirements and I will find you your ideal home in Singapore :) \n \n ",
        "title": "Relocating to Singapore? Looking for an ideal home in SG?"
    },
    {
        "postid": "5921328812",
        "postingbody": " \n \n QR Code Link to This Post \n  \n \nFor Troy Edward, being a Singaporean has proved to be an asset in the fast growing Singapore real estate market.  \nTroy started his real estate career as a licensed realtor to a top producing real estate team at Coldwell Banker.  \nHaving only been in real estate for 6 Months, Troy became a Associate Marketing Director in Coldwell Banker.  \nTroy is a perfectionist at everything he does, and this trait is reflected on the service he provides to his clients.  \nTroy prides himself on representing his clients and maintaining his high moral standards and values. \n \nHaving offer over 12 years of experience in Real Estate, Troy's knowledge and expertise of the Real Estate in Singapore is something few can provide.  \nThese attributes are the foundation to his success.  \nWith Troy's experience and achievements he can only look forward to great things in the future! \n \nIf you'd like more information about the Real Estate and the lifestyles Singapore offer, Troy Edward \n \nSpecialize in BUY/ SELL/ RENT HDB, CONDO, LANDED and New Launch Projects \nRealtor | Realtor Singapore \n \nProfessional Service with Personal Touch. \nOwner &amp; Tenant \nSeller &amp; Buyer feedback is an important tool. \n12 year experince full time agent since 2003 \n \nYours sincerely, \nTroy Edward 91009873 \nSenior Sale Team Associate Marketing Director \nMCDOWELL REALTY NETWORK \nCEA License Number: \nL3006213G / R015039A \nCertify BY RES / CPD \nHDB RESALENET AGENT     ",
        "title": "Knowledge &amp; Experience Count. Working with Buyers &amp; Sellers, Landlords"
    },
    {
        "postid": "5932969918",
        "postingbody": " \n \n QR Code Link to This Post \n  \n \nApproved Course Provider (ACP) appointed by the Council for Estate Agencies (CEA) to conduct the Real Estate Salesperson (RES) Course. Call us at +\n  show contact info \nfor more information. For more information visit:-  http://pioneertraining.org/enrollment/res-course \n ",
        "title": "Course in Real Estate"
    },
    {
        "postid": "5900088567",
        "postingbody": " \n \n QR Code Link to This Post \n  \n \nWe specialise in house painting repairs.Watermarks; Altar smoke; hairline cracks; concrete spalling or work done by inexperienced painters.With more than 12 years of experience.Yr work is in good hands.Pls contact Frank at 91854499 to know more.     ",
        "title": "Painting Repairs Specialists"
    },
    {
        "postid": "5946172126",
        "postingbody": " \n \n QR Code Link to This Post \n  \n \nProcedure to Buy/Sell \n \nWho Can Buy Private Property?  \nAll Singapore citizens and companies can freely buy any type of private residential property.  \nHowever, there are HDB and CPF restrictions that may affect you when you buy a private property. \nFor flats bought directly from HDB (including flats bought from the open market with CPF Housing Grant) a) The flats lessees must satisfy the required occupation period for the flat before acquiring the private property \n \nb) The flat lessees must continue to stay in the HDB flat after acquiring the private property unless having met the required occupation period allowing them to rent out the HDB flat. \n \nFor flats bought from the open market without CPF Housing Grant \nYou still need to satisfy the required occupation period for the flat before acquiring the private property.  \n \nForeigners or foreign companies can buy certain types of residential property according to the Residential Property Act. \nThe Buying / Selling Process: \n1) Select an agent(Optional), but recommended.  \nA professional agent will not only help you to find the right property, but also ensure you get the right price, ensure all small details are covered prior to purchase, guide you through the process and make recommendations on financing and legal representation. \n \n2) Find your property and agree on a price \nWhen reaching a preliminary agreement to buy, ensure that all important points have been discussed and agreed, including any repairs or changes prior to purchase, what stays and what goes, any special requirements from both sides and the anticipated transaction completion date. \n \n3) Sign an Option to Purchase \nFor Private Property - The seller through their lawyer or agent will grant you an Option To Purchase sale contract for the property.  \nAt this point you are required to pay a non-refundable option fee (normally 1% of purchase price).  \nThe option period is usually 14 days. \n \nFor HDB Property - the HDB standard Option to Purchase has replaced the Sale &amp; Purchase Agreement as the form of contract to be used in resale flat transactions.  \n \nBuyers and sellers should not enter into any other forms of agreement or supplemental agreements.  \nLike private property, you are required to pay a non-refundable option fee (not more than SGD$1,000) when the Option To Purchase is granted to you.  \nThe option period is 21 days. \n \n4) Appoint a Lawyer \nYou now need to appoint a lawyer to make legal enquiries on the status of the seller, the title of the property and the terms of the sale. \n \n5) Arranging Financing \nCompare interest rates and special terms when choosing your finance scheme.  \nYou can apply for withdrawal of CPF savings by completing an application together with a valuation report prepared by a licensed valuer who is on the CPF panel of valuers. \n \n6) Exercise the Option / HDB 1st Appointment \n \nFor Private Property - If all is well you now sign the Option To Purchase sale contract as a form of exercising the option, and pay 5% of the purchase price (less the option fee). You also need to pay stamp duty within 14 days of the contract. \n \nFor HDB Property - After getting HDB's Loan Eligibility (HLE) Letter or the bank's Letter Of Offer (LO), you are to exercise the Option To Purchse and pay not more than SGD$5,000 (less the option fee).  \nThe buyer and seller must then register the transaction with HDB.  \nRegistration allows HDB to check the eligibility of the transaction and arrange for a 1st Appointment -- usually about 6 weeks after the registration. \n \n7) Legal Inspection &amp; Completion \nYour lawyer will carry out an investigation of title deeds and send requisitions to various government departments. The seller's lawyer will also prepare the completion statement and send documents for stamping to effect completion. \n \nSettle Payment and Handover / HDB 2nd Appointment \nFor Private Property - You now settle the outstanding balance of the purchase price. This might be 8 to 12 weeks after exercising the option. The seller's lawyer will then handover the keys and title deed of conveyance, and you become the owner of your new home. \n \nFor HDB Property - Completion takes place at the 2nd Appointment, usually about a 8 weeks after the 1st Appointment. The insurance and mortgage is arranged and stamp duty, legal fees and agent fees are paid. The sale is completed and arrangements are made for moving into your new home. \n \nEntire Process Time: Usually between 10 to 14 weeks \n \n \nYour Perfect Real Estate \nBusiness Partner Right Person Sincerity &amp; Honesty \nProfessional Service with Personal Touch. \nTenant feedback is an important tool. \n12 year experience full time agent \nThe face you know the experience you trust \n \nYours sincerely, \nTroy Edward 91009873 \nSenior Sale Team Associate Marketing Director \nMCDOWELL REALTY NETWORK \nCEA License Number: L3006213G / R015039A \nCert BY CES/ RES / CPD \nTOP Producer, Top Achievers, Top Lister     ",
        "title": "Full Procedures &amp; Tips to Buy &amp; Sell Private properties and HDB Resale"
    },
    {
        "postid": "5951503990",
        "postingbody": " \n \n QR Code Link to This Post \n  \n \nPioneer Training and Consultancy Pte. Ltd. Provides Quality Training to Participants for a Meaningful learning and Lifelong Promising. Also, Pioneer is the 1st ACP to offer succinct and comprehensive  24/7 RES Online Revision. Join us Now at http://pioneertraining.org/  \n ",
        "title": "CEA Approved RES Course Provider"
    },
    {
        "postid": "5890355856",
        "postingbody": " \n \n QR Code Link to This Post \n  \n \nPayU Storage offers the most secured storage and most affordable (some customers say cheapest with no hidden fees) pricing with the most locations to suit your needs.  \n \nMany try to copy us to look like us but they hide their miscelleaneous fees somewhere.  \n \nStorage need not be expensive and a big headache anymore with PayAsYouUse storage \n \nOur website provides lots of info to teach you how not to be scam by unscrupulous storage operator and FAQs to guide you how to choose storage space, BEWARE of illegal storage space and places! \n \nPayu Storage Space for Rent also provide Carton Boxes For Sale \n \n@ SERANGOON \n \n@ PAYA LEBAR  \n \n@ WOODLAND LINK \n \n@ Tuas (Mid/Long Term) \n \n@ Sungei Kadut (Mid/Long Term) \n \n@ TOA PAYOH (Currently Full) \n \n@ KALLANG (Currently Full) \n \n@ CHANGI (Near Expo) \n \n \n \nWe offer reliable, cheapest and most flexible storage space in town. We are in this business for more than 10 years since 2003.  \n \nThere is no admin fee, no deposit, no penalties, no hidden charges, no gimmicks and hasslefree, handsfree (Includes Transport Pickup Option) &amp; worry free. safe, simple and easy to understand pay only what you use. \n \nWe provide price estimation and there wont be any hassle, simple legal agreement can be signed on the same day you moved in to save your time and troubles. \n \nIt is purely a no frill, safe and reliable storage space suitable for customers who do not need 24 hours or very frequent access and viewing is not necessary. \n \nYou can store 16-35 carton boxes of household items or document boxes in our storage space for $48, totally handsfree and hasslefree pickup options from your premises with zero hidden fees. \n \n \n \n \nHome &amp; Contact  \n \nClick to Read. \n \nhttp://payu-storage.blogspot.sg/2016/03/for-rent-payu-storage-space-whatsapp.html \n \n \n \n \nWhy PayU Storage Is Better \n \nClick to Read. Please Read! \n \nhttp://payu-storage.blogspot.sg/2016/04/why-payu-storage-is-better-than-others.html \n \n \n \n \nPRAISE for PayU Storage \n \nClick to Read More \n \nhttp://payu-storage.blogspot.sg/2016/03/testimonials-from-some-customers.html \n \n \n \n \nHow To Calculate Storage Cost  \n \nClick to Read. \n \nhttp://payu-storage.blogspot.sg/2016/03/how-to-calculate-storage-cost.html \n \n \n \n \nFrequently Asked Questions (Please Read This) \n \nClick to Read. Please Read! \n \nhttp://payu-storage.blogspot.sg/2016/03/frequently-asked-questions.html \n \n \n \n \nBEWARE! (Not All 'Storage' are Legal and Ethical)  \n \nClick to Read. Must Read! \n \nhttp://payu-storage.blogspot.sg/2016/04/beware.html \n \nWe provide storage space for all;- \n \nbusiness storage space services \n business document storage space and storage services \n personal belonging storage space \n cheap storage space in Singapore, probably cheapest storage space that is reliable and safe \n temporary storage space and permanent storage space in Singapore \n Pasar Malam item storage space in Singapore \n cheap, reliable and safe storage space in Singapore \n short term storage space and long term storage space. \n temporary storage space \n storage space for household stuff storage space or furniture storage space \n Flexible storage space and reliable storage space.  \n \n \n \n \n \n \n \n \n \n \n \n \n \n \n \n \n \n \n \n \n \n \nYou can compare our PayU storage space prices with other storage space such as \n Storhub self storage space \n Lock and safe storage \n Extraspace storage \n Storages \n Store4you \n Store-friendly \n Lovestoreit \n Storebank \n EBC storage \n Yourspace storage \n Selfstore \n Selfstorage \n Dstore \n Free storage space \n storage Singapore \n Singapore storage \n Extra Space \n Extra Storage space \nWarehouse storage in Singapore \n ",
        "title": "$48pcm CHEAP and SECURED STORAGE SPACE account document boxes record"
    },
    {
        "postid": "5919928319",
        "postingbody": " \n \n QR Code Link to This Post \n  \n \nWe provide all kinds of house related services. Contact us at 84791017 or email at \n  show contact info \n for a free discussion or on site quotation. \n \nHouse Renovation Package \nHouse Moving Services \nHouse Cleaning Services \nHouse Painting Services \nHouse Maintenance Services \n \nHomeworks Services Pte Ltd     ",
        "title": "House Renovation / Moving / Cleaning Services"
    },
    {
        "postid": "5941737907",
        "postingbody": " \n \n QR Code Link to This Post \n  \n \nWant to become a 'Real Estate Salesperson'? Join Pioneer Training &amp; get quality training which would leave you with meaningful Learning and a lifelong promising future ahead. To enrol today,logon to\u00a0http://pioneertraining.org/enrollment/res-course \n ",
        "title": "Real Estate Sales Training"
    },
    {
        "postid": "5936991385",
        "postingbody": " \n \n QR Code Link to This Post \n  \n \nGreat news !! Freehold 5 star hotel and commercial shop for sale in Johor bahru !! \n \nOnly RM30k++ to be a 5 star hotel owner \nWe have Asia ,Europe,America Three Theme and concept \n*Have ready tenant \n*Zero installment \n*Fully Furnished  \n*Professional managment  \n*Loan 60% \n*developer rebate 30% \n*Low first payment \n*high return \n*first 200unit early bird arsorb Gst6% (left around 20unit) \n \nLimited Units. First come first serve!  Revenue and capital gain for a freehold unit! Call now! \n \nWanna known more info, Pls call/ text/ whatsapp/ wechat me at 96903434     ",
        "title": "Invest now at Newest Premier Mixed Development in Malaysia"
    },
    {
        "postid": "5947513366",
        "postingbody": " \n \n QR Code Link to This Post \n  \n \nFor Troy Edward, being a Singaporean has proved to be an asset in the fast growing Singapore real estate market.  \nTroy started his real estate career as a licensed realtor to a top producing real estate team at Coldwell Banker.  \nHaving only been in real estate for 6 Months, Troy became a Associate Marketing Director in Coldwell Banker.  \nTroy is a perfectionist at everything he does, and this trait is reflected on the service he provides to his clients.  \nTroy prides himself on representing his clients and maintaining his high moral standards and values. \n \nHaving offer over 14 years of experience in Real Estate, Troy's knowledge and expertise of the Real Estate in Singapore is something few can provide.  \nThese attributes are the foundation to his success.  \nWith Troy's experience and achievements he can only look forward to great things in the future! \n \nIf you'd like more information about the Real Estate and the lifestyles Singapore offer, Troy Edward \n \nSpecialize in BUY/ SELL/ RENT HDB, CONDO, LANDED and New Launch Projects \nRealtor | Realtor Singapore \n \nProfessional Service with Personal Touch. \nOwner &amp; Tenant \nSeller &amp; Buyer feedback is an important tool. \n14 year full time agent since 2003 \n \nYours sincerely, \nTroy Edward 91009873 \nSenior Sale Team Associate Marketing Director \nMCDOWELL REALTY NETWORK \nCEA License Number: \nL3006213G / R015039A \nCertify BY RES / CPD \nHDB RESALENET AGENT     ",
        "title": "Knowledge &amp; Experience Count. Working with Buyers &amp; Sellers, Landlords"
    },
    {
        "postid": "5901820777",
        "postingbody": " \n \n QR Code Link to This Post \n  \n \n- Are you interested in real estate in Vietnam? \n- Are you worried about the laws and regulations? \n- Are you wondering if you are eligible to buy real estate? \n \nWORRY NO MORE!!!  \n \n \n \nOur agency accompanies you to find and suggest properties for sale meticulously in respect to the criteria that you have selected. And Supplying all necessary information for purchasing a property in Vietnam. We organizes visits to the properties which meet your selection criteria hence the necessity to supply unavoidable information to refine the search. \n Are you interested in? Contact us \nThank you and best regards, \n ",
        "title": "Vietnam real estate for sale &amp; Foreigner can buy!"
    },
    {
        "postid": "5932277477",
        "postingbody": " \n \n QR Code Link to This Post \n  \n \nProcedure to Buy/Sell \n \nWho Can Buy Private Property?  \nAll Singapore citizens and companies can freely buy any type of private residential property.  \nHowever, there are HDB and CPF restrictions that may affect you when you buy a private property. \nFor flats bought directly from HDB (including flats bought from the open market with CPF Housing Grant) a) The flats lessees must satisfy the required occupation period for the flat before acquiring the private property \n \nb) The flat lessees must continue to stay in the HDB flat after acquiring the private property unless having met the required occupation period allowing them to rent out the HDB flat. \n \nFor flats bought from the open market without CPF Housing Grant \nYou still need to satisfy the required occupation period for the flat before acquiring the private property.  \n \nForeigners or foreign companies can buy certain types of residential property according to the Residential Property Act. \nThe Buying / Selling Process: \n1) Select an agent(Optional), but recommended.  \nA professional agent will not only help you to find the right property, but also ensure you get the right price, ensure all small details are covered prior to purchase, guide you through the process and make recommendations on financing and legal representation. \n \n2) Find your property and agree on a price \nWhen reaching a preliminary agreement to buy, ensure that all important points have been discussed and agreed, including any repairs or changes prior to purchase, what stays and what goes, any special requirements from both sides and the anticipated transaction completion date. \n \n3) Sign an Option to Purchase \nFor Private Property - The seller through their lawyer or agent will grant you an Option To Purchase sale contract for the property.  \nAt this point you are required to pay a non-refundable option fee (normally 1% of purchase price).  \nThe option period is usually 14 days. \n \nFor HDB Property - the HDB standard Option to Purchase has replaced the Sale &amp; Purchase Agreement as the form of contract to be used in resale flat transactions.  \n \nBuyers and sellers should not enter into any other forms of agreement or supplemental agreements.  \nLike private property, you are required to pay a non-refundable option fee (not more than SGD$1,000) when the Option To Purchase is granted to you.  \nThe option period is 21 days. \n \n4) Appoint a Lawyer \nYou now need to appoint a lawyer to make legal enquiries on the status of the seller, the title of the property and the terms of the sale. \n \n5) Arranging Financing \nCompare interest rates and special terms when choosing your finance scheme.  \nYou can apply for withdrawal of CPF savings by completing an application together with a valuation report prepared by a licensed valuer who is on the CPF panel of valuers. \n \n6) Exercise the Option / HDB 1st Appointment \n \nFor Private Property - If all is well you now sign the Option To Purchase sale contract as a form of exercising the option, and pay 5% of the purchase price (less the option fee). You also need to pay stamp duty within 14 days of the contract. \n \nFor HDB Property - After getting HDB's Loan Eligibility (HLE) Letter or the bank's Letter Of Offer (LO), you are to exercise the Option To Purchse and pay not more than SGD$5,000 (less the option fee).  \nThe buyer and seller must then register the transaction with HDB.  \nRegistration allows HDB to check the eligibility of the transaction and arrange for a 1st Appointment -- usually about 6 weeks after the registration. \n \n7) Legal Inspection &amp; Completion \nYour lawyer will carry out an investigation of title deeds and send requisitions to various government departments. The seller's lawyer will also prepare the completion statement and send documents for stamping to effect completion. \n \nSettle Payment and Handover / HDB 2nd Appointment \nFor Private Property - You now settle the outstanding balance of the purchase price. This might be 8 to 12 weeks after exercising the option. The seller's lawyer will then handover the keys and title deed of conveyance, and you become the owner of your new home. \n \nFor HDB Property - Completion takes place at the 2nd Appointment, usually about a 8 weeks after the 1st Appointment. The insurance and mortgage is arranged and stamp duty, legal fees and agent fees are paid. The sale is completed and arrangements are made for moving into your new home. \n \nEntire Process Time: Usually between 10 to 14 weeks \n \n \nYour Perfect Real Estate \nBusiness Partner Right Person Sincerity &amp; Honesty \nProfessional Service with Personal Touch. \nTenant feedback is an important tool. \n12 year experience full time agent \nThe face you know the experience you trust \n \nYours sincerely, \nTroy Edward 91009873 \nSenior Sale Team Associate Marketing Director \nMCDOWELL REALTY NETWORK \nCEA License Number: L3006213G / R015039A \nCert BY CES/ RES / CPD \nTOP Producer, Top Achievers, Top Lister     ",
        "title": "Full Procedures &amp; Tips to Buy &amp; Sell Private properties and HDB Resale"
    },
    {
        "postid": "5946132347",
        "postingbody": " \n \n QR Code Link to This Post \n  \n \nThai lessons via facebook video call THB250,USD8  / hour. &#12479;&#12452;&#35486; &#10047;&#10047; \n1. Thai for tourists. (5 hours) \n2. Thai for professionals in business. (5 hours) \n3. Thai as a new language. \n4. The introduction of Thai culture. (5 hours) \nPlease tell me your special requirements. I can produce a special course to suit your needs. \n \n&#10047; Facebook: www.facebook.com/NekoTanochii \n&#10047; YouTube:   www.youtube.com/results?search_query=nicky+teach+thai+language \n&#10047; Instagram: www.instagram.com/thai.language.krunicky/ \n \n \nLearn Thai online with kru Nicky   &#12479;&#12452;&#35486; &#10047;&#10047; \n&#10047; 30 minute free trial  \n&#10047; FB: Nicky Suwipa \n&#10047; Skype: NBlue \n \nTranslation &#12479;&#12452;&#35486; &#10047;&#10047; \n&#10047; English - Japanese - Thai \n ",
        "title": "Thai language lessons, Free: 30 minutes trial"
    },
    {
        "postid": "5926580533",
        "postingbody": " \n \n QR Code Link to This Post \n  \n \nGet a great career in real estate where you can get opportunity to earn extra perks (more incentives) and live an interesting work life? We provide RES Course in Singapore and help you to become a real estate agent.Call us at +\n  show contact info \nFor more information visit:-  http://pioneertraining.org/enrollment/res-course \n ",
        "title": "Pioneer Training &amp; Consultancy : Great Career in Real Estate"
    },
    {
        "postid": "5957554438",
        "postingbody": " \n \n QR Code Link to This Post \n  \n \nGuardianship, airport transfer, laundry service, tuitions &amp; meals.  \n \nComfort bedroom with aircon &amp; free Wi-Fi.  \n \n3 mins walk to Mrt, shopping Mall, food court, fast food restaurants &amp;  coffee shops. Opp. Sports hall with Badminton courts &amp; gym. Swimming pool &amp; stadium opposite too.     ",
        "title": "Homestay for foreign students"
    },
    {
        "postid": "5954413113",
        "postingbody": " \n \n QR Code Link to This Post \n  \n \nPayU Storage offers the most secured storage and most affordable (some customers say cheapest with no hidden fees) pricing with the most locations to suit your needs.  \n \nMany try to copy us to look like us but they hide their miscelleaneous fees somewhere.  \n \nStorage need not be expensive and a big headache anymore with PayAsYouUse storage \n \nOur website provides lots of info to teach you how not to be scam by unscrupulous storage operator and FAQs to guide you how to choose storage space, BEWARE of illegal storage space and places! \n \nPayu Storage Space for Rent also provide Carton Boxes For Sale \n \n@ SERANGOON \n \n@ PAYA LEBAR  \n \n@ WOODLAND LINK \n \n@ Tuas (Mid/Long Term) \n \n@ Sungei Kadut (Mid/Long Term) \n \n@ TOA PAYOH (Currently Full) \n \n@ KALLANG (Currently Full) \n \n@ CHANGI (Expo) \n \nWe offer reliable, cheapest and most flexible storage space in town. We are in this business for more than 10 years since 2003.  \n \nThere is no admin fee, no deposit, no penalties, no hidden charges, no gimmicks and hasslefree, handsfree (Includes Transport Pickup Option) &amp; worry free. safe, simple and easy to understand pay only what you use. \n \nWe provide price estimation and there wont be any hassle, simple legal agreement can be signed on the same day you moved in to save your time and troubles. \n \nIt is purely a no frill, safe and reliable storage space suitable for customers who do not need 24 hours or very frequent access and viewing is not necessary. \n \nYou can store 16-35 carton boxes of household items or document boxes in our storage space for $48, totally handsfree and hasslefree pickup options from your premises with zero hidden fees. \n \n \n \n \nHome &amp; Contact  \n \nClick to Read. \n \nhttp://payu-storage.blogspot.sg/2016/03/for-rent-payu-storage-space-whatsapp.html \n \n \n \n \nWhy PayU Storage Is Better \n \nClick to Read. Please Read! \n \nhttp://payu-storage.blogspot.sg/2016/04/why-payu-storage-is-better-than-others.html \n \n \n \n \nPRAISE for PayU Storage \n \nClick to Read More \n \nhttp://payu-storage.blogspot.sg/2016/03/testimonials-from-some-customers.html \n \n \n \n \nHow To Calculate Storage Cost  \n \nClick to Read. \n \nhttp://payu-storage.blogspot.sg/2016/03/how-to-calculate-storage-cost.html \n \n \n \n \nFrequently Asked Questions (Please Read This) \n \nClick to Read. Please Read! \n \nhttp://payu-storage.blogspot.sg/2016/03/frequently-asked-questions.html \n \n \n \n \nBEWARE! (Not All 'Storage' are Legal and Ethical)  \n \nClick to Read. Must Read! \n \nhttp://payu-storage.blogspot.sg/2016/04/beware.html \n \nWe provide storage space for all;- \n \nbusiness storage space services \n business document storage space and storage services \n personal belonging storage space \n cheap storage space in Singapore, probably cheapest storage space that is reliable and safe \n temporary storage space and permanent storage space in Singapore \n Pasar Malam item storage space in Singapore \n cheap, reliable and safe storage space in Singapore \n short term storage space and long term storage space. \n temporary storage space \n storage space for household stuff storage space or furniture storage space \n Flexible storage space and reliable storage space.  \n \n \n \n \n \n \n \n \n \n \n \n \n \n \n \n \n \n \n \n \n \n \nYou can compare our PayU storage space prices with other storage space such as \n Storhub self storage space \n Lock and safe storage \n Extraspace storage \n Storages \n Store4you \n Store-friendly \n Lovestoreit \n Storebank \n EBC storage \n Yourspace storage \n Selfstore \n Selfstorage \n Dstore \n Free storage space \n storage Singapore \n Singapore storage \n Extra Space \n Extra Storage space \nWarehouse storage in Singapore \n ",
        "title": "$48pcm CHEAP and SECURED STORAGE SPACE account document boxes record"
    },
    {
        "postid": "5948771871",
        "postingbody": " \n \n QR Code Link to This Post \n  \n \nProcedure to Buy/Sell \n \nWho Can Buy Private Property?  \nAll Singapore citizens and companies can freely buy any type of private residential property.  \nHowever, there are HDB and CPF restrictions that may affect you when you buy a private property. \nFor flats bought directly from HDB (including flats bought from the open market with CPF Housing Grant) a) The flats lessees must satisfy the required occupation period for the flat before acquiring the private property \n \nb) The flat lessees must continue to stay in the HDB flat after acquiring the private property unless having met the required occupation period allowing them to rent out the HDB flat. \n \nFor flats bought from the open market without CPF Housing Grant \nYou still need to satisfy the required occupation period for the flat before acquiring the private property.  \n \nForeigners or foreign companies can buy certain types of residential property according to the Residential Property Act. \nThe Buying / Selling Process: \n1) Select an agent(Optional), but recommended.  \nA professional agent will not only help you to find the right property, but also ensure you get the right price, ensure all small details are covered prior to purchase, guide you through the process and make recommendations on financing and legal representation. \n \n2) Find your property and agree on a price \nWhen reaching a preliminary agreement to buy, ensure that all important points have been discussed and agreed, including any repairs or changes prior to purchase, what stays and what goes, any special requirements from both sides and the anticipated transaction completion date. \n \n3) Sign an Option to Purchase \nFor Private Property - The seller through their lawyer or agent will grant you an Option To Purchase sale contract for the property.  \nAt this point you are required to pay a non-refundable option fee (normally 1% of purchase price).  \nThe option period is usually 14 days. \n \nFor HDB Property - the HDB standard Option to Purchase has replaced the Sale &amp; Purchase Agreement as the form of contract to be used in resale flat transactions.  \n \nBuyers and sellers should not enter into any other forms of agreement or supplemental agreements.  \nLike private property, you are required to pay a non-refundable option fee (not more than SGD$1,000) when the Option To Purchase is granted to you.  \nThe option period is 21 days. \n \n4) Appoint a Lawyer \nYou now need to appoint a lawyer to make legal enquiries on the status of the seller, the title of the property and the terms of the sale. \n \n5) Arranging Financing \nCompare interest rates and special terms when choosing your finance scheme.  \nYou can apply for withdrawal of CPF savings by completing an application together with a valuation report prepared by a licensed valuer who is on the CPF panel of valuers. \n \n6) Exercise the Option / HDB 1st Appointment \n \nFor Private Property - If all is well you now sign the Option To Purchase sale contract as a form of exercising the option, and pay 5% of the purchase price (less the option fee). You also need to pay stamp duty within 14 days of the contract. \n \nFor HDB Property - After getting HDB's Loan Eligibility (HLE) Letter or the bank's Letter Of Offer (LO), you are to exercise the Option To Purchse and pay not more than SGD$5,000 (less the option fee).  \nThe buyer and seller must then register the transaction with HDB.  \nRegistration allows HDB to check the eligibility of the transaction and arrange for a 1st Appointment -- usually about 6 weeks after the registration. \n \n7) Legal Inspection &amp; Completion \nYour lawyer will carry out an investigation of title deeds and send requisitions to various government departments. The seller's lawyer will also prepare the completion statement and send documents for stamping to effect completion. \n \nSettle Payment and Handover / HDB 2nd Appointment \nFor Private Property - You now settle the outstanding balance of the purchase price. This might be 8 to 12 weeks after exercising the option. The seller's lawyer will then handover the keys and title deed of conveyance, and you become the owner of your new home. \n \nFor HDB Property - Completion takes place at the 2nd Appointment, usually about a 8 weeks after the 1st Appointment. The insurance and mortgage is arranged and stamp duty, legal fees and agent fees are paid. The sale is completed and arrangements are made for moving into your new home. \n \nEntire Process Time: Usually between 10 to 14 weeks \n \n \nYour Perfect Real Estate \nBusiness Partner Right Person Sincerity &amp; Honesty \nProfessional Service with Personal Touch. \nTenant feedback is an important tool. \n12 year experience full time agent \nThe face you know the experience you trust \n \nYours sincerely, \nTroy Edward 91009873 \nSenior Sale Team Associate Marketing Director \nMCDOWELL REALTY NETWORK \nCEA License Number: L3006213G / R015039A \nCert BY CES/ RES / CPD \nTOP Producer, Top Achievers, Top Lister     ",
        "title": "Full Procedures &amp; Tips to Buy &amp; Sell Private properties and HDB Resale"
    },
    {
        "postid": "5885797986",
        "postingbody": " \n \n QR Code Link to This Post \n  \n \nDear Owner, \n I have a few group of buyers that are looking for a whole unit at either Condo or HDB island wide for sale. \n \n Please feel free to call me David at HP: (65) 91383576 (PropNex). \n Agency fee applied to the Seller as buyers will not be paying it. \n \n Thank you for your help!     ",
        "title": "Whole unit for Sale wanted!"
    },
    {
        "postid": "5915674847",
        "postingbody": " \n \n QR Code Link to This Post \n  \n \nIf you are looking for Property in Batam ( house, shophouse, apartment, industrial building, warehouse, land ), either buy or rent, we can help you. \nPlease give us your specification/criteria, and we can help you to find it : \n- House / Office / Warehouse / Other :  \n- Location \n- Property Size \n- number of Bedroom \n- number of Toilet \n- 1 storey / 2 storey / Other : \n- Rent / Buy \n- Price Range \n- Fully Furnished / Partially Furnished / No Furnished \n \nYou may contact me by Whatsapp ( +6281364677689 ) and email. \nThank you and best regards, \nHenkel \nPT. Home Style Batam Property \nYour One Stop Solution for Living and Business in Batam     ",
        "title": "Looking for Property in Batam"
    },
    {
        "postid": "5951453609",
        "postingbody": " \n \n QR Code Link to This Post \n  \n \n- Affordable Fitted Office at the fringe of CBD \n \n- Fitted with air-conditioning, Lighting and Ceiling Boards \n \n- Variety of Food and beverage \n \n- Banking Services Nearby \n \n- Accessible from Tanjong Pagar MRT station \n \n- Supported via AYE, CTE Expressway \n \n- Size Available : 2000 sq ft ( Fitted Office ) \n \n- Asking Rental : 3.50 psf \n \n \nCall +\n  show contact info \nor Email : \n  show contact info \n \n \nfor more information or schedule for a viewing \n \nContact Person : Cecilia Chia \n \nCEA Reg No : R029966B \n \nCorporate Visions Pte Ltd \n \nEstate Agent Reg No L3008887C \n \nFor other factories and workshop space available visit us at \n \nwww.businessspace.com.sg     ",
        "title": "Affordable Fitted Office at the Fringe of CBD"
    },
    {
        "postid": "5954215429",
        "postingbody": " \n \n QR Code Link to This Post \n  \n \nWe provide all kinds of house related services. Contact us at 84791017 or email at \n  show contact info \n for a free discussion or on site quotation. \n \nHouse Renovation Package \nHouse Moving Services \nHouse Cleaning Services \nHouse Painting Services \nHouse Maintenance Services \n \nHomeworks Services Pte Ltd     ",
        "title": "House Renovation / Moving / Cleaning Services"
    },
    {
        "postid": "5955740426",
        "postingbody": " \n \n QR Code Link to This Post \n  \n \nHi,  \nI am full time real estate agent and focusing on projects (private property) and commercial property, If you want to invest for 2nd or 3 rd property for passive income, I might assist you according. \n \n&#24819;&#35201;&#25237;&#36164;&#26032;&#21152;&#22369;&#30340;&#31169;&#20154;&#25151;&#22320;&#20135;&#65292;&#19996;&#35199;&#21335;&#21271;&#65292;&#24066;&#20013;&#24515; &#20219;&#20309;&#22320;&#26041;&#65292;&#21364;&#19981;&#30693;&#36947;&#22914;&#20309;&#36873;&#65292;&#20063;&#19981;&#30693;&#36947;&#35201;&#20184;&#20160;&#20040;&#36153;&#29992;&#12290;&#35753;&#25105;&#24110;&#20320;&#21543;&#65281;&#25105;&#24895;&#20570;&#20320;&#30340;&#21521;&#23548;&#24102;&#20320;&#21435;&#20219;&#20309;&#31034;&#33539;&#21333;&#20301;&#65292;&#24182;&#19988;&#30452;&#25509;&#21644;&#21457;&#23637;&#21830;&#20080;&#36141;&#65292;&#26080;&#38656;&#20184;&#25105;&#20219;&#20309;&#20013;&#20171;&#36153;&#12290; \n&#26412;&#20154;&#25000;&#21402;&#32769;&#23454;&#65292;&#26377;&#36131;&#20219;&#24515;&#65292;&#26159;&#20540;&#24471;&#20449;&#20219;&#30340;&#19968;&#21517;&#21512;&#26684;&#25151;&#22320;&#20135;&#20013;&#20171;&#65292;&#31934;&#36890;&#20013;&#33521;&#25991;&#65288;&#20854;&#23454;&#20013;&#25991;&#27604;&#33521;&#25991;&#22909;&#65289;&#12290;&#20080;&#23478;&#35831;&#32852;&#31995;90903698, &#30005;&#37038;: \n  show contact info \n \n \nwant to invest Private property at east /west/ north/south region,central region or anywhere. But you are not sure how to choose the right property, or not sure the process of the financial calculation etc; why not let me to help you out?\u00a0\u00a0I can bring you to the showflat and I will not collect one cent from you if deal directly with developer. \nBUYERS please call 90903698\u00a0 \nEmail: \n  show contact info \n \nCEA Reg. No. : R051660D \nCall Emily @ 90903698 NOW for viewing!     ",
        "title": "Full time real estate agent"
    },
    {
        "postid": "5948806801",
        "postingbody": " \n \n QR Code Link to This Post \n  \n \nWe provide all kinds of house related services. Contact us at 84791017 or email at \n  show contact info \n for a free discussion or on site quotation. \n \nHouse Renovation Package \nHouse Moving Services \nHouse Cleaning Services \nHouse Painting Services \nHouse Maintenance Services \n \nHomeworks Services Pte Ltd     ",
        "title": "House Renovation / Moving / Cleaning Services"
    },
    {
        "postid": "5948806371",
        "postingbody": " \n \n QR Code Link to This Post \n  \n \nLooking for professional contractors to renovate your home? Look no further, we are here to help you! :) \n \nWe have a huge list of satisfied clients that trust us and the services we provide: \n \nMarble Polishing /Parquet Repair and Polish Professional House Painting (using Nippon paint and experience painter), House cleaning (general cleaning), Handy man job (plumbing, checking lights, home items repair, and carpenter job - partition/ repair kitchen cabinets/ replacement of doors). \nBe it big job or small job, we are able to handle and should you have services that are not listed, do give us a call at 84791017 or \n  show contact info \n. We Will Be There for you!! \n \n1. Painting for condo/hdb (comes with white paint) \n \n1 room condo/hdb 2room flat (&lt; 500sf) -$450-500 \n2 room condo/hdb and 3/4room flat (600sf-1000sf) - $600-$1000 \n3/4 room condo/hdb 5/Exec flat (1100sf-1500sf) - $1000-$1500 \n \n2. Parquet floor polishing, Floor varnishing, Timber floor polishing \n \n1 standard room flat - $320-$350 \n2 room flat - $450-$500 \n3 room flat -- only $550 \n \n3. Marble floor polishing \n \n$1.20 per sf min $400++ up \n$180 (up)for marble toilet floor \n$160 (up) for marble top \n \n4. Post Reno Cleaning and Contract Cleaning \n \nStudio (388sf-570sf) - $200-$230 \n2 bedroom(650sf -1100sf) - $250-$300 \n3 bedroom (1100sf -1400sf) - $350-$400 \nHandy man/repair job - $50 up per job \nWardrobe/Kitchen cabinet (PROMO ) - $120 per foot run \n \nHomeworks Services Pte Ltd Provides services for residential and commercial properties that include - Painting, Room Partitioning, Tiling, Cleaning and Disposal. We strive to provide the best services possible and at very reasonable prices. we ensure to provide reliable and good after sale service. We have a nice and warm Sales Person to answer your phone call and attend to your enquiries. \nOur prices are open for you to see! \n \nFor more details, do not hesitate to contact Daniel at 84791017 or \n  show contact info \n. \n \nOther Services We provide for our clients at special rates include:  \n \n1.Class tshirts \n2.Corporate tshirts \n3.Polo Tee \n4.Drifit/Sports attire \n5.CCA Tshirts \n6.Cotton Designer Tees \n7.Corporate Gifts \n8.School Uniform \n9.Corporate Apparel \n \nOur Clients include: Holygrace Kindergarten Foo Chow Kindergarten Pu Hui Kindergarten Masterhand Student Care Centre N Many More.! \n \n ",
        "title": "[renovation moving cleaning painting] 84791017"
    },
    {
        "postid": "5948806599",
        "postingbody": " \n \n QR Code Link to This Post \n  \n \nWe provide all kinds of house related services. Contact us at 84791017 or email at \n  show contact info \n for a free discussion or on site quotation. \n \nHouse Renovation Package \nHouse Moving Services \nHouse Cleaning Services \nHouse Painting Services \nHouse Maintenance Services \n \nHomeworks Services Pte Ltd     ",
        "title": "House Renovation / Moving / Cleaning Services"
    },
    {
        "postid": "5913235367",
        "postingbody": " \n \n QR Code Link to This Post \n  \n \nWe provide all kinds of house related services. Contact us at 84791017 or email at \n  show contact info \n for a free discussion or on site quotation. \n \nHouse Renovation Package \nHouse Moving Services \nHouse Cleaning Services \nHouse Painting Services \nHouse Maintenance Services \n \nHomeworks Services Pte Ltd     ",
        "title": "House Renovation / Moving / Cleaning Services"
    },
    {
        "postid": "5876884173",
        "postingbody": " \n \n QR Code Link to This Post \n  \n \nWe offer the most secured and convenient storage facilities and service to all our customers. The one stop solutions to transport and storage, we are confident that we will provide you with the best service and solutions to all your personal/business needs. We offer clean and secure storage facilities for short and long term storage spaces, competitively priced, inventoried and prorated by day or month for all sizes ranging from the best rate.Our storage facilities are equipped with a top-of-the-line secure alarm system as well as a water and fire warning system to ensure the safety of your goods. We offer budget storage space to accommodate both residential and commercial requirements.Prior to storage, each of your belongings will be inventoried and assigned a tracking number to ensure their arrival and safety first at our warehouse.We bundle our premium relocation package with value added services to make sure that the client's every special need is taken care of. \n \nOur storage facilities are: \n \nCheap, Clean, Convenient, Big, Secured, Protected from dust with sling wrapping \n \nCargo and items can be palletized/sling wrapped and placed on storage racks \n \nItems can be processed/retrieved anytime at a call away \n \nWe provide storage space for all;- \n \nbusiness storage space services \nbusiness document storage space and storage services \npersonal belonging storage space \ncheap storage space in Singapore, probably cheapest storage space that is reliable and safe \ntemporary storage space and permanent storage space in Singapore \nPasar Malam item storage space in Singapore \ncheap, reliable and safe storage space in Singapore \nshort term storage space and long term storage space. \ntemporary storage space \nstorage space for household stuff storage space or furniture storage space \nFlexible storage space and reliable storage space.  \nFurnitures/Heavy equipment/Machines \nGeneral cargo/Palletized cargo \n \nExtra value services \n \nFree quotation and many extra value added services to achieve our customer top satisfaction \n \nWe also provide delivery/moving service from/to your doorstep (Anywhere in Singapore!) \n \nRates: \n \nWe charged based on number of pallets/ Cubic size of goods / Square area size of storage. Our quotation can be customized to the best of our customers' needs! \n \nContact: \n \nPlease call 96923193 (Javen)/ 96668329 (Mr Tan) for a non-obligatory quotation now!!!(Your call is precious to us, please SMS if we did not answer your call)     ",
        "title": "CHEAP STORAGE SPACE/WAREHOUSING AND STORAGE/STORAGE AND MOVERS/STORAGE"
    },
    {
        "postid": "5916998875",
        "postingbody": " \n \n QR Code Link to This Post \n  \n \nWe provide all kinds of house related services. Contact us at 84791017 or email at \n  show contact info \n for a free discussion or on site quotation. \n \nHouse Renovation Package \nHouse Moving Services \nHouse Cleaning Services \nHouse Painting Services \nHouse Maintenance Services \n \nHomeworks Services Pte Ltd     ",
        "title": "House Renovation / Moving / Cleaning Services"
    },
    {
        "postid": "5957160581",
        "postingbody": " \n \n QR Code Link to This Post \n  \n \nFor Troy Edward, being a Singaporean has proved to be an asset in the fast growing Singapore real estate market.  \nTroy started his real estate career as a licensed realtor to a top producing real estate team at Coldwell Banker.  \nHaving only been in real estate for 6 Months, Troy became a Associate Marketing Director in Coldwell Banker.  \nTroy is a perfectionist at everything he does, and this trait is reflected on the service he provides to his clients.  \nTroy prides himself on representing his clients and maintaining his high moral standards and values. \n \nHaving offer over 14 years of experience in Real Estate, Troy's knowledge and expertise of the Real Estate in Singapore is something few can provide.  \nThese attributes are the foundation to his success.  \nWith Troy's experience and achievements he can only look forward to great things in the future! \n \nIf you'd like more information about the Real Estate and the lifestyles Singapore offer, Troy Edward \n \nSpecialize in BUY/ SELL/ RENT HDB, CONDO, LANDED and New Launch Projects \nRealtor | Realtor Singapore \n \nProfessional Service with Personal Touch. \nOwner &amp; Tenant \nSeller &amp; Buyer feedback is an important tool. \n14 year full time agent since 2003 \n \nYours sincerely, \nTroy Edward 91009873 \nSenior Sale Team Associate Marketing Director \nMCDOWELL REALTY NETWORK \nCEA License Number: \nL3006213G / R015039A \nCertify BY RES / CPD \nHDB RESALENET AGENT     ",
        "title": "Knowledge &amp; Experience Count. Working with Buyers &amp; Sellers, Landlords"
    },
    {
        "postid": "5920419606",
        "postingbody": " \n \n QR Code Link to This Post \n  \n \n3 mins walk to Mrt, shopping mall, coffee shops &amp; NTUC. Free Wi-Fi, full furnishing, washing machine available. Renovated, clean &amp; quiet. Students &amp; working class. Singaporean, PR &amp; all nationality. Only ladies are welcome. Call Owner @84375988.     ",
        "title": "$750 Rooms for rent @Hougang Central"
    },
    {
        "postid": "5925118723",
        "postingbody": " \n \n QR Code Link to This Post \n  \n \neffective and proven. treats cigarette smoke, mould, pet and other odors. for pubs, cafes, hotels, apartments. call the specialist today- the odor treatment specialist \n \n ",
        "title": "odor treatment specialist"
    },
    {
        "postid": "5952769150",
        "postingbody": " \n \n QR Code Link to This Post \n  \n \nLooking for professional contractors to renovate your home? Look no further, we are here to help you! :) \n \nWe have a huge list of satisfied clients that trust us and the services we provide: \n \nMarble Polishing /Parquet Repair and Polish Professional House Painting (using Nippon paint and experience painter), House cleaning (general cleaning), Handy man job (plumbing, checking lights, home items repair, and carpenter job - partition/ repair kitchen cabinets/ replacement of doors). \nBe it big job or small job, we are able to handle and should you have services that are not listed, do give us a call at 84791017 or \n  show contact info \n. We Will Be There for you!! \n \n1. Painting for condo/hdb (comes with white paint) \n \n1 room condo/hdb 2room flat (&lt; 500sf) -$450-500 \n2 room condo/hdb and 3/4room flat (600sf-1000sf) - $600-$1000 \n3/4 room condo/hdb 5/Exec flat (1100sf-1500sf) - $1000-$1500 \n \n2. Parquet floor polishing, Floor varnishing, Timber floor polishing \n \n1 standard room flat - $320-$350 \n2 room flat - $450-$500 \n3 room flat -- only $550 \n \n3. Marble floor polishing \n \n$1.20 per sf min $400++ up \n$180 (up)for marble toilet floor \n$160 (up) for marble top \n \n4. Post Reno Cleaning and Contract Cleaning \n \nStudio (388sf-570sf) - $200-$230 \n2 bedroom(650sf -1100sf) - $250-$300 \n3 bedroom (1100sf -1400sf) - $350-$400 \nHandy man/repair job - $50 up per job \nWardrobe/Kitchen cabinet (PROMO ) - $120 per foot run \n \nHomeworks Services Pte Ltd Provides services for residential and commercial properties that include - Painting, Room Partitioning, Tiling, Cleaning and Disposal. We strive to provide the best services possible and at very reasonable prices. we ensure to provide reliable and good after sale service. We have a nice and warm Sales Person to answer your phone call and attend to your enquiries. \nOur prices are open for you to see! \n \nFor more details, do not hesitate to contact Daniel at 84791017 or \n  show contact info \n. \n \nOther Services We provide for our clients at special rates include:  \n \n1.Class tshirts \n2.Corporate tshirts \n3.Polo Tee \n4.Drifit/Sports attire \n5.CCA Tshirts \n6.Cotton Designer Tees \n7.Corporate Gifts \n8.School Uniform \n9.Corporate Apparel \n \nOur Clients include: Holygrace Kindergarten Foo Chow Kindergarten Pu Hui Kindergarten Masterhand Student Care Centre N Many More.! \n \n ",
        "title": "[renovation moving cleaning painting] 84791017"
    },
    {
        "postid": "5916998362",
        "postingbody": " \n \n QR Code Link to This Post \n  \n \nWe provide all kinds of house related services. Contact us at 84791017 or email at \n  show contact info \n for a free discussion or on site quotation. \n \nHouse Renovation Package \nHouse Moving Services \nHouse Cleaning Services \nHouse Painting Services \nHouse Maintenance Services \n \nHomeworks Services Pte Ltd     ",
        "title": "House Renovation / Moving / Cleaning Services"
    },
    {
        "postid": "5913328722",
        "postingbody": " \n \n QR Code Link to This Post \n  \n \nPioneer Training &amp; Consultancy Pte Ltd is an Approved Course Provider (ACP) appointed by the Council for Estate Agencies (CEA) to conduct the Real Estate Salesperson (RES) Course. Visit http://pioneertraining.org/enrollment/res-course to know more. \n ",
        "title": "Pioneer Training &amp; Consultancy: RES Course Provider"
    },
    {
        "postid": "5951496562",
        "postingbody": " \n \n QR Code Link to This Post \n  \n \nEC\t \nOnly cater for SC family. If you are not SC, not eligible to buy EC.\t \n \nBuying a condominium\t \n \nForeigner also can buy, most of the fix item are provided, easier for you to set up a home!\t \n \nIf you are PR or foreigner, buying a small condominium better than spending 2-3k rental for nothing.\t \n \nIf you are short term in Singapore, you still can rent it out for rental yield or sell it for capital gain if you are not in Singapore! Then still waiting for what!\u00a0\t \n \nIf you are buying, should consider the following:\t \nGood location (near MRT), good price ( not the high end price), good return!\u00a0\t \n&#24819;&#35201;&#25237;&#36164;&#26032;&#21152;&#22369;&#30340;&#31169;&#20154;&#25151;&#22320;&#20135;&#65292;&#19996;&#35199;&#21335;&#21271;&#65292;&#24066;&#20013;&#24515; &#20219;&#20309;&#22320;&#26041;&#65292;&#21364;&#19981;&#30693;&#36947;&#22914;&#20309;&#36873;&#65292;&#20063;&#19981;&#30693;&#36947;&#35201;&#20184;&#20160;&#20040;&#36153;&#29992;&#12290;&#35753;&#25105;&#24110;&#20320;&#21543;&#65281;&#25105;&#24895;&#20570;&#20320;&#30340;&#21521;&#23548;&#24102;&#20320;&#21435;&#20219;&#20309;&#31034;&#33539;&#21333;&#20301;&#65292;&#24182;&#19988;&#30452;&#25509;&#21644;&#21457;&#23637;&#21830;&#20080;&#36141;&#65292;&#26080;&#38656;&#20184;&#25105;&#20219;&#20309;&#20013;&#20171;&#36153;&#12290;\t \n&#26412;&#20154;&#25000;&#21402;&#32769;&#23454;&#65292;&#26377;&#36131;&#20219;&#24515;&#65292;&#26159;&#20540;&#24471;&#20449;&#20219;&#30340;&#19968;&#21517;&#21512;&#26684;&#25151;&#22320;&#20135;&#20013;&#20171;&#65292;&#31934;&#36890;&#20013;&#33521;&#25991;&#65288;&#20854;&#23454;&#20013;&#25991;&#27604;&#33521;&#25991;&#22909;&#65289;&#12290;&#20080;&#23478;&#35831;&#32852;&#31995;90903698, &#30005;&#37038;: \n  show contact info \n \n \nwant to invest Private property at east /west/ north/south region,central region or anywhere. But you are not sure how to choose the right property, or not sure the process of the financial calculation etc; why not let me to help you out?\u00a0\u00a0I can bring you to the showflat and I will not collect one cent from you if deal directly with developer.\t \nBUYERS please call 90903698\u00a0\t \nEmail: \n  show contact info \n \nCEA Reg. No. : R051660D\t \nCall Emily @ 90903698 NOW for viewing!     ",
        "title": "Provide real estate service EC/private condominium etc"
    }
]