[
    {
        "postid": "5958316661",
        "postingbody": " \n \n QR Code Link to This Post \n  \n \nI work my own hours, anywhere I want. I am my own boss. I can even come home and take a nap anytime I want! Traffic too crazy? I can grab a bite to eat till its over... My 1st week I made $952.00 in 30 hours... yes its true! No gimmicks, no scams... and its simple... BEST of all? Its a blast! \n+++++++++++++++++++++++++++++++++++++++++++++++++++++++++++++++++++ \nIf you do not have a car, I have a few hybrid sitting in front of my garage for my UBER friends. \n+++++++++++++++++++++++++++++++++++++++++++++++++++++++++++++++++++ \nBecome an Uber driver! You will get a sign up Bonus of $150 if you sign up with me at:========&gt;&gt;&gt;&gt;&gt;&gt;&gt;Put33.com========= \n+++++++++++++++++++++++++++++++++++++++++++++++++++++++++++++++++++ \nWe will contact you as soon as possible. Thank you! \n+++++++++++++++++++++++++++++++++++++++++++++++++++++++++++++++++++ \nNo experience needed. Our driver come from Uber, Lyft, Sidecar, Side car, delivery, taxi, limo, limousine, truck, bus, ride share, ride sharing, ridesharing, carpooling, car pooling, AZ, Security. Be your own boss, flexible part time full time or seasonal job flexible hours. CDL, TLC, automobile, Driver, Bonus, transportation. \n \n+++++++++++++++++++++++++++++++++++++++++++++++++++++++++++++++++++ \n+++++++++++++++++++++++++++++++++++++++++++++++++++++++++++++++++++     ",
        "title": "%@%ign up bonus $100! Make serious money. Drive around.%@%"
    },
    {
        "postid": "5942854038",
        "postingbody": " \n \n QR Code Link to This Post \n  \n \nI work my own particular hours, anyplace I need. I am my own particular supervisor. I can even return home and sleep at whatever time I need! Movement excessively insane? I can get a chomp to eat till its over... My first week I made $952.00 in 30 hours... yes its actual! No tricks, no tricks... what's more, its straightforward... BEST of all? Its an impact!  \n_____________________________________________________ \nOn the off chance that you don't have an auto, I have a couple of half and half sitting before my carport for my UBER companions.  \n_____________________________________________________ \nTurned into a Uber driver!  \n_____________________________________________________ \nYou will get a join Bonus of $150 on the off chance that you join with me at:==&gt;Put33.com___~!  \n_____________________________________________________ \nWe will reach you as quickly as time permits. Much obliged to you! \n \n \n \n \n&amp;&amp;&amp;&amp;&amp;&amp;&amp;&amp;&amp;&amp;&amp;&amp;&amp;&amp;&amp;&amp;&amp;&amp;&amp;&amp;     ",
        "title": "&#10168;Si~gn up bon~us $100. Fl~exible Dr~iver J-o-b.&#10168;"
    }
]