[
    {
        "postid": "5910430352",
        "postingbody": " \n \n QR Code Link to This Post \n  \n \nJob Description \n \n-To be an ambassador for the represented Brand and portray at all times a professional and customer oriented image. \n-To provide excellent customer service while achieving sales target set. \n-To perform stock replenishment and price tagging whenever required \n-To perform and abide to all Operational Procedures. \n \nRequirements \n-Passion for selling \n-Customer service oriented \n-Comfortable to work in fast paced environment \n-Must be comfortable to retail hours (shift work, weekends and Public Holidays) \n-Required language: English \n-At least 1 year(s) of working experience in the related field is required for this position. \n \nLooking for a career in the latest trends and hottest styles? \nSend us a copy of your resume to \n  show contact info \n \n ",
        "title": "Retail Associate (Bath&amp; Body Works - Full Time)"
    },
    {
        "postid": "5899167611",
        "postingbody": " \n \n QR Code Link to This Post \n  \n \nLooking for suitable candidates to expand online travel &amp; leisure businesses. \nTraining will be provided \nHome based. high commission @ $2K to $6K up . Flexi hours. \nQualifications: Not Appicable \nAge: &gt; 18 &amp; young, adults, retirees, retrenched, etc \nAttire: Smart Casual \n \nInterested kindly call/sms me Ivan Ho 90226621 \nCL name / Hp name / email \n ",
        "title": "Online Sales Exec"
    },
    {
        "postid": "5906673330",
        "postingbody": " \n \n QR Code Link to This Post \n  \n \nIF YOU CAN THRIVE IN A FAST PACED ENVIRONMENT  WORKING WITH THE INDUSTRY'S BEST - WE WANT TO HEAR FROM YOU.  \n \nTHIS IS A COMMISSIONED POSITION ONLY. WE REWARD THE BEST WITH AN ATTRACTIVE COMPENSATION PLAN.  \n \nOPPORTUNITY STARTS JANUARY 9TH 2017 \n \nPLEASE SUBMIT YOUR CONTACT DETAILS AND BEST TIME TO CALL.  \n \nTO JARED BAXTER FOR IMMEDIATE PHONE INTERVIEW.     ",
        "title": "CLOSERS &amp; ACCOUNT OPENERS NEEDED"
    },
    {
        "postid": "5930215560",
        "postingbody": " \n \n QR Code Link to This Post \n  \n \nPart Time Retail Associate x1 \nDuration: Immediate till End of 28th Feb 2017 \n \nCustomer Service Assistant x1 \nDuration: 15th Jan -- 28th Feb 2017 \n \nSalary: S$7.50/hr + Islander Card for Sentosa (Claimable)  \nWorking Hours: 10am -- 10pm (Rotating Shift) \nMust be able to commit CNY period \nAble to communicate in Mandarin due to high volume of mandarin speaking tourist from China &amp; Taiwan \n \nInterested application please send your resume in MS word document with your recent photo to \n  show contact info \n \n \nWe regret that only shortlisted candidate will be notified.  \n ",
        "title": "Part timer required! For High End Luxury Brand x2 @RWS"
    },
    {
        "postid": "5903115028",
        "postingbody": " \n \n QR Code Link to This Post \n  \n \nRetail Sales Assistant in Music Shop \nFlexi Hours \nNo experience required/training provided     ",
        "title": "retail sales assistant"
    },
    {
        "postid": "5926510058",
        "postingbody": " \n \n QR Code Link to This Post \n  \n \nPart Time Retail Associate x1 \nDuration: Immediate till End of 28th Feb 2017 \n \nCustomer Service Assistant x1 \nDuration: 15th Jan -- 28th Feb 2017 \n \nSalary: S$7.50/hr + Islander Card for Sentosa (Claimable)  \nWorking Hours: 10am -- 10pm (Rotating Shift) \nMust be able to commit CNY period \nAble to communicate in Mandarin due to high volume of mandarin speaking tourist from China &amp; Taiwan \n \nInterested application please send your resume in MS word document with your recent photo to \n  show contact info \n \n \nWe regret that only shortlisted candidate will be notified.  \n \n \n \n \n ",
        "title": "Part timer required! For High End Luxury Brand x2 @RWS"
    },
    {
        "postid": "5927634855",
        "postingbody": " \n \n QR Code Link to This Post \n  \n \nJOB DESCRIPTION -- INSIDE SALES  \n \nThis is a full-time position. We are seeking an individual with a talent for Inside Sales.  The successful candidate will be instrumental in achieving customer acquisition and revenue growth objectives. You will be adept at making dozens of calls per day, generating interest, qualifying prospects and closing sales while building rapport with your growing customer base.  \n \nYou must have a lively positive demeanor and enjoy meeting with new people every day. Your self-confidence and cheerfulness are infectious such that people take to you quickly. You enjoy a fast-paced dynamic environment and consider yourself a strong team-player. \n \nResponsibilities \n\u2022\tSource new sales opportunities through inbound lead follow-up and outbound cold calls and emails \n\u2022\tUnderstand customer needs and requirements \n\u2022\tArrange in-house consultation with prospects as well as co-ordinate open house and seminar events \n\u2022\tClose sales and achieve quarterly quotas \n\u2022\tResearch accounts, identify key players and generate interest \n\u2022\tMaintain relationships with and expand your database of prospects  \n \nRequirements \n\u2022\tStrictly SINGAPOREANS OR PR ONLY \n\u2022\tHaving experience in the adult continuing education industry is an asset \n\u2022\tProven inside sales experience preferred \n\u2022\tPrefer interacting with people over using machines \n\u2022\tDriven by strong desire to over-achieving quota \n\u2022\tStrong phone presence and experience dialing dozens of calls per day \n\u2022\tProficient with corporate productivity and web presentation tools \n\u2022\tExperience working with Salesforce.com or similar CRM \n\u2022\tExcellent verbal and written communications skills \n\u2022\tStrong listening and presentation skills \n\u2022\tAbility to multi-task, prioritize, and manage time effectively \n\u2022\tDiploma or Higher \n \nSALARY \nIn terms of the salary, here is what my boss has outlined for you; \n-\tBasic $2,700 with CPF \n-\tCommission Target = $1,135 per month \n-\tSalary = $2,700 + $1,135 = $3835 per month \n \n* If you exceed your targets, commission will be higher. Above is based on minimum target \n \nIf you are keen to come for the interview, please send in your updated CV. \n \nTraining will be provided.  \nOnly shortlisted candidates will be contacted \nJob commences on 3 Jan strictly. \n ",
        "title": "INSIDE SALES EXECUTIVE (FULL-TIME)"
    },
    {
        "postid": "5925227500",
        "postingbody": " \n \n QR Code Link to This Post \n  \n \nSuccessful entrepreneur seeks self-starter. Must be money motivated, image conscious, team player, committed to producing results NOW.     ",
        "title": "ALL NEW Work From Home Program"
    },
    {
        "postid": "5915766143",
        "postingbody": " \n \n QR Code Link to This Post \n  \n \n-To be an ambassador for the represented Brand and portray at all times a professional and customer oriented image. \n-To provide excellent customer service while achieving sales target set. \n-To perform stock replenishment and price tagging whenever required \n-To perform and abide to all Operational Procedures. \n \nRequirements \n-Passion for selling \n-Customer service oriented \n-Comfortable to work in fast paced environment \n-Must be comfortable to retail hours (shift work, weekends and Public Holidays) \n-Candidate must possess at least a Diploma, Advanced/Higher/Graduate Diploma, Bachelor's Degree, -Post Graduate Diploma, Professional Degree, any field. \n-Required language: English \n-At least 1 year(s) of working experience in the related field is required for this position. \n-Preferably Junior Executives specializing in Sales -- Retail/General or equivalent. \n \nLooking for a career in the latest trends and hottest styles? \nSend us a copy of your resume to \n  show contact info \n \n ",
        "title": "Retail Associate (Bath&amp; Body Works)"
    },
    {
        "postid": "5922711795",
        "postingbody": " \n \n QR Code Link to This Post \n  \n \nAre you financially secure? \nI'm checking in with you to see how you're doing financially.  Do you have as much money as you want and need?  Are you truly financially secure?  Chances are the answer to both of these questions is no, and you are certainly not alone in this situation.  I used to be in the same situation myself, and believe me, I know just how tough life can be when you wonder if your monthly pay will be enough to cover all of your bills each month.     \nFortunately I came across this incredible company that provide me this opportunity that changed everything for me, and I just know it can do exactly the same thing for you.  All you need is to understand this opportunity and decide if this is for you. If yes, soon the money will come pouring in.   \nAnd it's just a quick click away below!  \n\u2022\thttps://elegantforhealth.jeunesseglobal.com/ \n\u2022\thttp://graceforhealth.jeunesseglobal.com/ \nFurther by clicking the links below; you can sign up straight away with your dedicate website to begin immediately \n\u2022\thttps://joffice.jeunesseglobal.com/signup.asp?locale=en-SG&amp;siteurl=elegantforhealth \n\u2022\thttps://joffice.jeunesseglobal.com/signup.asp?locale=en-SG&amp;siteurl=graceforhealth \n \nYou can also contact us to meet on a 1-to-1 sessions.  \nWhatsapp/text me at:- mobile - \n  show contact info \nor \n  show contact info \nor  \nemail - \n  show contact info \n    or    \n  show contact info \n \nP.S.  You can enjoy the wealth and comfort you deserve. It's just waiting for you to take action. Act now! \n ",
        "title": "Are you financially secure?"
    },
    {
        "postid": "5900919909",
        "postingbody": " \n \n QR Code Link to This Post \n  \n \nText or whatsapp for more details! \n \n*Only shortlisted name will be contacted! \n \n \n ",
        "title": "Be an EK Sales Representative and Be Rewarded!"
    },
    {
        "postid": "5907749226",
        "postingbody": " \n \n QR Code Link to This Post \n  \n \nWe have a list of 400 active investors with current cell numbers and email addresses. Looking to trade investors for investors. Please reply for more info.     ",
        "title": "Investor List Looking To Trade!!!"
    },
    {
        "postid": "5910275939",
        "postingbody": " \n \n QR Code Link to This Post \n  \n \n3 vacancies. Able to start immediately. \n \nEmail resume to \n  show contact info \n \n \nTo find out more about Gobble, click link: https://www.facebook.com/GobbleNow/videos/505572539648429/     ",
        "title": "Looking for Advertising Sales People. High Sales comm 35"
    },
    {
        "postid": "5954644626",
        "postingbody": " \n \n QR Code Link to This Post \n  \n \nTelemarketing Cash Advance USA?  Do you have merchants who can't qualify? Do you have clients with multiple cash advances and need help? Turn these dead leads into money.  \n \nCall me on Skype at liquid.window     ",
        "title": "Telemarketing Cash Advance USA?"
    },
    {
        "postid": "5934290531",
        "postingbody": " \n \n QR Code Link to This Post \n  \n \nSuccessful entrepreneur seeks self-starter. Must be money motivated, image conscious, team player, committed to producing results NOW.     ",
        "title": "Sports Minded"
    },
    {
        "postid": "5905909007",
        "postingbody": " \n \n QR Code Link to This Post \n  \n \nRetail Associate (Bath &amp; Body Works - Full Time) \n \n-To be an ambassador for the represented Brand and portray at all times a professional and customer oriented image. \n-To provide excellent customer service while achieving sales target set. \n-To perform stock replenishment and price tagging whenever required \n-To perform and abide to all Operational Procedures. \n \nRequirements \n-Passion for selling \n-Customer service oriented \n-Comfortable to work in fast paced environment \n-Must be comfortable to retail hours (shift work, weekends and Public Holidays) \n-Required language: English \n-At least 1 year(s) of working experience in the related field is required for this position. \n \nLooking for a career in the latest trends and hottest styles? \nSend us a copy of your resume to \n  show contact info \n \n ",
        "title": "Retail Associate (Bath&amp; Body Works)"
    },
    {
        "postid": "5910277064",
        "postingbody": " \n \n QR Code Link to This Post \n  \n \nGobble is welcoming AWESOME sales personnel to join our team in promoting a dining and drink discount app (iPhone and Android) to F&amp;B merchants in Singapore. \n \nPlay a key role in growing one of the hottest app in town! \n \nPrerequisites: Service-oriented attitude, dynamic, motivated, goal-driven and good communication skills. SINGAPOREANS AND PERMANENT RESIDENTS only. \n \nJob scope: \n \n- Making regular visits to both new and existing merchants. \n \n- Getting merchants to sign up accounts and advertise on platforms. \n \n- Educating merchants on benefits of branding, advertising and partnering on exclusive deals. \n \n- Being a Gobble Ambassador.  \n \nIt will be an added advantage if you are experienced in sales or online advertising. Are you the energetic individual, with integrity and aspiration, whom we are looking out for?  \n \nAttractive remuneration. Basic + Transport allowances + commission. \n \nOnly shortlisted candidates will be notified. Send your resume now to \n  show contact info \n \n \nhttps://www.facebook.com/GobbleNow/videos/505572539648429/     ",
        "title": "Looking for Salesperson (Singaporean and Permanent only)"
    },
    {
        "postid": "5907469303",
        "postingbody": " \n \n QR Code Link to This Post \n  \n \nCorporate Sales Representative \n \nPeople often limit themselves to things that they are only comfortable and familiar with. No one wants to take a step and believe they can do it.  \nOnly YOU have control to the limits of your capabilities. Believe in yourself, test the limits of infinite and brace yourself for personal and professional development in every way. \n \nWhat are we looking for? \n\u2022 Great attitude and positive mentality  \n\u2022 Adventurous and willing to learn \n\u2022 Must be comfortable working in teams \n\u2022 Comfortable with face to face   \n   interaction  \n \nWhat will you be doing?  \n\u2022 Market client's products  \n\u2022 Carry out sales to potential customers  \n\u2022 Lead and run sales operations  \n\u2022 Coach and educate  \n \nWhat rewards will you gain? \n\u2022 Personal and Professional development  \n\u2022 Performance based  \n\u2022 Overseas exposure \n \nWe all have doubts. Only you have control over your life. Discover and see yourself like you have never seen before. If not now, when?  \n \n \n \n \n \n ",
        "title": "Corporate Sales"
    },
    {
        "postid": "5951384028",
        "postingbody": " \n \n QR Code Link to This Post \n  \n \nResponsibilities: \n \n\u2022 Secure appointments/meetings through inbound and outbound calls to acquire new prospects \n \n\u2022 Close sales through inbound and outbound calls to acquire new sales \n \n\u2022 Close sales through inbound and outbound calls to upsell and cross-sell existing customers \n \n\u2022 Keep close track of leads and conduct follow ups with customers for closure of sales \n \n\u2022 Report to the Sales &amp; Business Development Manager \n \n \n \nJob Description \n \n\u2022 Ability to speak in Chinese \n \n\u2022 Deliver prepared sales talks, reading from scripts that describe products or services, or improvise, in order to persuade potential customers to take a desired action eg. agree to an appointment for presentation or purchase a product or service. \n \n\u2022 Schedule appointments for sales representatives to meet prospective customers or for customers to attend sales presentations or workshops. \n \n\u2022 Explain products or services and prices, and answer questions from potential customers. \n \n\u2022 Obtain potential customer information such as name, address, email, and contact numbers. \n \n\u2022 Obtain names and telephone numbers of potential customers from sources such as internet directories, telephone directories, trade directories, and lists purchased from other organizations. \n \n\u2022 Telephone or write email letters to correspondence with potential customers or to follow up initial sales contacts. \n \n\u2022 Documenting and recording information like entering, transcribing, recording, storing, or maintaining information of customers. \n \n\u2022 Maintain records of contacts, accounts, and new opportunities/leads created. \n \n\u2022 Conduct client or market surveys in order to obtain information about potential customers. \n \n\u2022 Contact existing customers to promote cross-sell or up-sell of companies' products and services. \n \n\u2022 Maintains phone time or sales quotas as determined by management \n \n \nSMS interest to Keagan @ 93526073, Preferably Locals and ability to converse in Chinese     ",
        "title": "Administrator / Personal Assistant"
    },
    {
        "postid": "5915767157",
        "postingbody": " \n \n QR Code Link to This Post \n  \n \n-To be an ambassador for the represented Brand and portray at all times a professional and customer oriented image. \n-To provide excellent customer service while achieving sales target set. \n-To perform stock replenishment and price tagging whenever required \n-To perform and abide to all Operational Procedures. \n \nRequirements \n-Passion for selling \n-Customer service oriented \n-Comfortable to work in fast paced environment \n-Must be comfortable to retail hours (shift work, weekends and Public Holidays) \n-Candidate must possess at least a Diploma, Advanced/Higher/Graduate Diploma, Bachelor's Degree, -Post Graduate Diploma, Professional Degree, any field. \n-Required language: English \n-At least 1 year(s) of working experience in the related field is required for this position. \n-Preferably Junior Executives specializing in Sales -- Retail/General or equivalent. \n \nLooking for a career in the latest trends and hottest styles? \nSend us a copy of your resume to \n  show contact info \n ",
        "title": "Retail Associate (Kate Spade New York)"
    },
    {
        "postid": "5910431728",
        "postingbody": " \n \n QR Code Link to This Post \n  \n \nJob Description \n \n-To be an ambassador for the represented Brand and portray at all times a professional and customer oriented image. \n-To provide excellent customer service while achieving sales target set. \n-To perform stock replenishment and price tagging whenever required \n-To perform and abide to all Operational Procedures. \n \nRequirements \n-Passion for selling \n-Customer service oriented \n-Comfortable to work in fast paced environment \n-Must be comfortable to retail hours (shift work, weekends and Public Holidays) \n-Required language: English \n-At least 1 year(s) of working experience in the related field is required for this position. \n \nLooking for a career in the latest trends and hottest styles? \nSend us a copy of your resume to \n  show contact info \n \n \n \n ",
        "title": "Retail Associate (Kate Spade - Full Time)"
    },
    {
        "postid": "5877161750",
        "postingbody": " \n \n QR Code Link to This Post \n  \n \nDo sales for our mobile app service development for business.  \n \n$200/sale. plus monthly commission. No fixed salary. We are not a 8-5 job. Those looking for fixed salary, please do not contact. \n \nGlobal Market. Huge demand. We are just starting. \n \nMore details will be provided when meet up.     ",
        "title": "Mobile App Sales $200/sale"
    },
    {
        "postid": "5955118249",
        "postingbody": " \n \n QR Code Link to This Post \n  \n \nGreat sales opportunity for anyone wanting to sell a revolutionary product.  You can work from any location and sell world wide.  For more information please email me.     ",
        "title": "Great Sales Opportunity"
    },
    {
        "postid": "5917274804",
        "postingbody": " \n \n QR Code Link to This Post \n  \n \nMy company is currently expanding and we are head hunting for people to join us as Sales and marketing representative/brand ambassador. \n \nInterested in finding out more? \nInterested in joining us? \n \nEmail me or contact me  \nFor more info.     ",
        "title": "Sales and Marketing representative/Brand ambassador"
    },
    {
        "postid": "5901936954",
        "postingbody": " \n \n QR Code Link to This Post \n  \n \nCan you speak to Senior Executives and sell Peer Groups memberships?   \n \nEGN has facilitated knowledge sharing networks since 1992 and is one of the largest global professional networks with 14,000 Executives from 6.800 companies in 750 confidential network groups and cover more than 50 functions in the business community. Our groups are made up of 30 business peers who confidentially inspire, develop and qualify the decisions and actions implemented in participant companies \n \nYour job will be to advise Senior Leaders and not just be him or her that sells a membership. The role is done over the phone and is home office based with strong support with our back office and research department. You don't necessarily need to be living in Singapore.   \n \nYour  experience and skills. Your background is commercial with excellent communication skills that enable you to speak to Senior Leaders. The job requires you like to sell via telephone and has a high activity level. You possess a high degree of structure, like you are independent and can organize your everyday life. \n \nPossibility of good earnings and be part of a team which has seen phenomenal growth.You are offered an attractive performance based salary model in a company which have a healthy working atmosphere and strong team spirit. Here is freedom with responsibility. Sounds ideal?   \n \nApplication and contact. If you have questions, please feel free to contact me on telephone +65 66 929 166. We are looking forward to hear from you. \n \nKind regards, Peter Arnoldi. \n ",
        "title": "Senior Sales Executive"
    },
    {
        "postid": "5956956067",
        "postingbody": " \n \n QR Code Link to This Post \n  \n \nWe are hiring 20 Motivated person to make serious money.  \n_________________________________________________ \nIf you: \n_____Have the ambition to be successful \n__________Have the ambition to be financially free \n__________________________Have to ambition to help other people \n \nWe wanted to talk to you. \n \nPlease DO NOT apply if you are not serious. We only need people who wants to change their life to better. \n________________________________________________ \nTo apply, please fill in the the form.!!!!S&#8495;t33.com!!!!     ",
        "title": "@@@Ad_min j_ob. W_ork f_rom ho_me. S_ign up bon_us $200.@@@"
    },
    {
        "postid": "5934297352",
        "postingbody": " \n \n QR Code Link to This Post \n  \n \nISO Opportunity!!! If you have a room and are looking for an additional investment opportunity for your existing clients. Or, if you have an active book of investors and are looking for a new opportunity for them. This could very well be it. Non-Regulated Product Up to a 50 Pt. Payout. to learn more email with you cell #.     ",
        "title": "ISO Opportunity!!!"
    },
    {
        "postid": "5914579690",
        "postingbody": " \n \n QR Code Link to This Post \n  \n \nLooking For Freelance Sales Operator To Work At Your Comfort Zone.  \n \n \nJob Scope \n \n- Post Advertisement ( Training Provided. Actually Its Simple And Do Not Need Training. Anyone Can Do It!!! ) \n \n- Receive Call And Get Relevant Details to Escalate To Sales Rep \n \n- And That's All You Gotta Do!!!! \n \n \nPart-Time Job Has Never Been Easier. You can work at home, in the Gym or Even When You Are Shopping With Your Friends!!! \n \n \nFor More Details Pls Message Or WhatsApps The Below Numbers. \n \n \n- 90100334 \n \n- 85875956 \n \n \nThanks     ",
        "title": "Looking For Freelance Sales Operator To Work From Anywhere 85875956"
    },
    {
        "postid": "5901996726",
        "postingbody": " \n \n QR Code Link to This Post \n  \n \nISO Opportunity!!! If you have a room and are looking for an additional investment opportunity for your existing clients. Or, if you have an active book of investors and are looking for a new opportunity for them. This could very well be it. Non- Regulated Product 30 Pt. Payout!!! To learn more call Gary     ",
        "title": "ISO Opportunity!!!"
    },
    {
        "postid": "5953202754",
        "postingbody": " \n \n QR Code Link to This Post \n  \n \nLooking for a sales representative with a strong work ethic and strong attention to detail. This individual will work independently in the field. Primary duty for the Sales position is making sales and obtaining orders. \n\u2022\tCommunicate customer and prospect engagement  \n\u2022\tDevelop and maintain a thorough knowledge of product and/or services \n\u2022\tIdentifies prospective customer needs \n\u2022\tManages ongoing customer relations \n\u2022\tPresents solutions in a professional, concise and comprehensive manner. \n\u2022\tQuotes prices and prepare sales contracts \n\u2022\tResponsible for scheduling service  \n\u2022\tAbility to conduct product and program presentations in PowerPoint with customers. \n \nQualifications : To perform this job successfully, an individual must be able to perform each essential duty satisfactorily. Candidate must have driving licence.  \n \nExperience :                                                   \nOne to three years sales experience. [We are willing to coach] \n \nAdditional Information:   \n1.\tAble to effectively work in a multi-cultural team environment. South East Asia \n2.\tMust be able to adapt to a consensus based decision making management style. \n3.\tLocal  Clients &amp; SEA Cleints. \n4.     Male or Female , Singaporean or PR \n \n \n ",
        "title": "Sales  Manager"
    },
    {
        "postid": "5939937013",
        "postingbody": " \n \n QR Code Link to This Post \n  \n \nWe are looking for highly motivated candidates to expand our e-commerce sales and marketing team. You will be working along side with a professional team and we will provide on-going training and mentoring to guide you every step of the way.\u00a0\t \n \nYou will enjoy the benefit of flexible working hours and is ideal for individuals who wish to supplement their income part time, or increase their earning potential by working full time. You decide the hours you work and the commitment you make.\u00a0 \n \nWe will provide on-going training such as :\u00a0 \nInternet marketing skill\u00a0 \nSocial marketing skill \nCommunication skill \n \nYou must be minimum 18 years old with a positive attitude.  \n \nCandidates are required to attend a 1.5 hours briefing. \n \nTo Register Your Interest , Text or Whatsapp me :  \n \nFirst Name: \nEmail: \nCountry: \nContact Number: \n \n ",
        "title": "How To Leverage On Mobile-Commerce To Create Extra Income"
    },
    {
        "postid": "5939606903",
        "postingbody": " \n \n QR Code Link to This Post \n  \n \nLooking for Sales Executive for Building material &amp; Project sales   \nResponsibility: \nPromote company's range of products &amp; Secure Projects. \n Develop new business partners and build relationships with developers, architects, designers, main contractors, sub-contractors, etc. \n Actively seek out new sales opportunitites through cold calling, networking and social media.  \nIncrease distributors &amp; retail network \nRequirement: \nExperience in Building material &amp; Project sales will be advantageous \n \n ",
        "title": "Sales Executive for Building material &amp; Project sales"
    },
    {
        "postid": "5954841847",
        "postingbody": " \n \n QR Code Link to This Post \n  \n \nRenewable Energy company currently seeking private equity professionals with existing clients to promote current offering immediately.... \n \nFormer or active Stock Brokers, Commodity Brokers, &amp; Venture Capital Salesmen are highly encouraged to apply!!!! ISO teams and work from home fronter-closers as well... \n \nOur company is entering the renewable Wind energy space with brand new technology that will drastically out perform all current models. Currently our first prototype wind turbine is being built by a respectable Oil and Gas pump manufacturer in Holland. All of our C level Executives have legitimate expert industry experience in their respective role. Average IR rep has 40 years experience and we are highly ethical and moral...  \n \nLittle more about our company.... \n \n \n* CTO Inventor has 2 inventions in the Smithsonian  \n \n* Perfect hedge against collapsing oil  \n \n* Ultra efficient patented wind turbine tech \n \n* Technology confirmed by top 10 American Engineering school \n \n* Minimum increase 800% efficiency compared to current technology \n \n* Lower cost &amp; virtually maintenance free \n \n* CRM - leads - secretarial support staff - Fedex included  \n \n* fresh online leads generated for producers  \n \n* matching contribution in company stock plan available \n \n \n \nLucrative weekly payout with ability to grow long term  \n \nPPM update December 27th 2016 \n \n \n \ncall or email anytime \n \n show contact info \n \n \nWind Power Wind Energy Renewable Energy Renewables Green Energy Green Power Wind Turbine Wind Turbine Global Warming Clean Tech Green Tech Greenhouse Gas ipo stocks bonds crude oil natural gas drilling exploration production gold silver coins bullion rounds bars diamonds etfs 3 7 30 63 technology investors fronts closers managers crowdfunding franchise opportunities profits returns money fx dollar euro british pound yen trading systems real estate education 506 506c 506d 504 504b sec nfa cftc finra 10-99     ",
        "title": "....Private Placement offering in renewable Energy...."
    },
    {
        "postid": "5917735370",
        "postingbody": " \n \n QR Code Link to This Post \n  \n \nMy company is currently expanding and we are head hunting for people to join us as sales and Marketing representative/Brand Ambassador. \n \ninterested in finding out more? \ninterested in joining us? \n \nEmail or contact me \nfor more info.     ",
        "title": "Sales and Marketing representative/Brand Ambassador"
    },
    {
        "postid": "5911773539",
        "postingbody": " \n \n QR Code Link to This Post \n  \n \nWe are an accounting and financial services firm looking for sales and / or business development individuals to join us. This can be a part time or full time position depending on your time allocation. To be eligible, you should have some background in sales. Contact us to find out more. Only for Singaporean or P.R's.     ",
        "title": "Business Development / Sales"
    },
    {
        "postid": "5943041309",
        "postingbody": " \n \n QR Code Link to This Post \n  \n \nCustomer Service Assistant x1 \n-Duration: 15th Jan -- 28th Feb 2017 \n-28th is a Public Holiday, thus hourly salary will be double. \n-Salary: S$7.50/hr + Islander Card for Sentosa (Claimable)  \n-Working Hours: 10am -- 10pm (Rotating Shift) \n-Must be able to commit CNY period, 28th Jan, Chu Yi. \n-Able to communicate in Mandarin due to high volume of mandarin speaking tourist from China &amp; Taiwan \n \nInterested application please send your resume in MS word document with your recent photo to \n  show contact info \n \n \nWe regret that only shortlisted candidate will be notified.  \n ",
        "title": "Part timer required! For High End Luxury Brand x2 @RWS"
    },
    {
        "postid": "5910431222",
        "postingbody": " \n \n QR Code Link to This Post \n  \n \nJob Description \n \n-To be an ambassador for the represented Brand and portray at all times a professional and customer oriented image. \n-To provide excellent customer service while achieving sales target set. \n-To perform stock replenishment and price tagging whenever required \n-To perform and abide to all Operational Procedures. \n \nRequirements \n-Passion for selling \n-Customer service oriented \n-Comfortable to work in fast paced environment \n-Must be comfortable to retail hours (shift work, weekends and Public Holidays) \n-Required language: English \n-At least 1 year(s) of working experience in the related field is required for this position. \n \nLooking for a career in the latest trends and hottest styles? \nSend us a copy of your resume to \n  show contact info \n ",
        "title": "Retail Associate (Tumi - Full Time)"
    },
    {
        "postid": "5902414602",
        "postingbody": " \n \n QR Code Link to This Post \n  \n \nFor more details, please feel free to text your name, age, nationality to 8666-7675!     ",
        "title": "Join Us &amp; Be The Next Sales Brand Ambassador!"
    },
    {
        "postid": "5910774586",
        "postingbody": " \n \n QR Code Link to This Post \n  \n \nAre you open minded and independent? \n \nWe are the largest greeting cards company and we need self motivated people in Singapore. \n \nIf this is you, please reply to this email.     ",
        "title": "Greeting Cards Sales- Be Your Own Boss"
    },
    {
        "postid": "5924709734",
        "postingbody": " \n \n QR Code Link to This Post \n  \n \nGo to my website www.sanvelforex.com and click on Join Our Affiliate Program! \nRegister at e-junkie.com and then go back at website and click again Join Our Affiliate Program! \nYo can also watch YouTube video on how to do this, here: \nhttps://www.youtube.com/watch?v=Q7ambcbe5R4 \n \n \nFOREX is a global decentralized market for trading all aspects of buying, selling and exchanging currencies. \nAccording to the Bank for International Settlement, from the 2016, Survey show that trading in foreign exchange markets averaged $5.1 trillion per day in April 2016. \n \nMy website provides information on buying and selling currencies and all Subscribers, upon agreeing on Terms, are successfully using this information to make money on a weekly basis. \n \nYou, as Affiliate to my website www.sanvelforex.com, have 30% profit for each Subscriber who subscribes to www.sanvelforex.com through e-junkie.com \n \nSubscribers pay $120/month and you get 30% profit! \nWhen you bring only 3 Subscribers each month, you might get this much: \nJanuary 2017 = 3 Subscribers = $108 \nFebruary 2017 = 6 Subscribers = $216 \nMarch 2017 = 9 Subscribers = $324 \nApril 2017 = 12 Subscribers = $432 \nMay 2017 = 15 Subscribers = $540 \nJune 2017 = 18 Subscribers = $648 \nJuly 2017 = 21 Subscribers = $756 \nAugust 2017 = 24 Subscribers = $864 \nSeptember 2017 = 27 Subscribers = $972 \nOctober 2017 = 30 Subscribers = $1080 \nNovember 2017 = 33 Subscribers = $1188 \nDecember 2017 = 36 Subscribers = $1296 \n \nTotal Earnings for 12 months = $8,424 for 1st year \n \n2nd year is $23,976 \n \n3rd year is $39,528 \n \nYou, as Affiliate, do not pay any money to do this job! \nYou need to spend 3 hours each day to tweet messages on twitter.com and Facebook.com or any other social network group \nFor example: I go to Facebook and type word \"Forex\" in Facebook search box and I get huge amount of Forex groups which may have 12,000+ members - I just join them and then send my message to all of them 3 times a day....that is all I do! \n \nGreat Money! \nJoin me! \nAffiliate!     ",
        "title": "Forex Trading Affiliaate"
    },
    {
        "postid": "5920157316",
        "postingbody": " \n \n QR Code Link to This Post \n  \n \nLocation: Tanglin Shopping Center 3rd Floor. \nWorking Days: 6 days per week. (Must be able to commit Saturday) \n \nWorking hours: 11:00am---7:00pm \n \nSalary: S$1000(base) + high Commission \nTo be an ambassador for the represented Brand and portray at all times a professional and customer oriented image. \nTo provide excellent customer service while achieving sales target set. \nTo perform stock replenishment and price tagging whenever required \nTo perform and abide to all Operational Procedures. \n \nRequirements \nPassion for selling \nCustomer service oriented \nRequired language: English(main) and Mandarin, other languages like Korean or Japanese are welcome to apply. \n \nSingapore citizen/ PR/ LTVP and DP are welcome to apply. \nWe also open to part time retail sellers, If you want to apply this wonderful position, Please contact 90277665 for Ms. Li. \n ",
        "title": "Fantastic Traditonal Clothes Store Now is Hiring"
    },
    {
        "postid": "5918535842",
        "postingbody": " \n \n QR Code Link to This Post \n  \n \nI need a motivated Mobile App Sales Rep ASAP to help grow my business. This is great opportunity to grow with my new mobile app development company and make BIG MONEY! \n \nNo Experience Okay I have all the marketing materials for you \n \nMust have Internet!!! \n \nsocial media marketing a plus \n \n2k to 4k monthly potential part-time \n \nserious inquiries only we are very busy with applicants \n \njoin us here \n \nhttp://applaunchgroup.com/affiliate-area/     ",
        "title": "Sales Rep Needed ASAP&gt;&gt;&gt;&gt;&gt;&gt;&gt;&gt;&gt;&gt;"
    },
    {
        "postid": "5899033010",
        "postingbody": " \n \n QR Code Link to This Post \n  \n \nCorporate Sales Ambassador \n \n\"If you want something you've never had, you've got to do something you've never done\" \n \nTaking the first step is always difficult and it seems like the biggest hurdle, but if the first isn't even taken, your I'll never get to your destination and get a shot at greatness. We aim to provide coaching to develop individuals to become better versions of themselves and in getting closer to what they want to achieve. \n \nRequirements \n1. Thinking out of the box \n2. People oriented \n3. Self driven \n4. Enjoys facing challenges of any kind and providing solutions \n5. Singaporean/PR \n \nJobscope \n1. Face to face marketing \n2. Raising brand awareness and testing of new products \n3. Expansion of clients' market share \n \nIncentives  \n1. Uncapped earnings  \n2. Travel opportunities  \n3. Personal development  \n4. Career advancement  \n \nLive your dreams. Wait no further.     ",
        "title": "Corporate client account consultant"
    },
    {
        "postid": "5944390465",
        "postingbody": " \n \n QR Code Link to This Post \n  \n \nUber drivers required. Procure $17-$25 every hour to drive others around at whatever point you're accessible to drive. Must be 21 or more seasoned and have a spotless driving record.  \n \nNo auto? We have an armada of mixture vehicles.  \n \n* Flexible Hours  \n \n* Daily and Weekly Pay Options  \n \n* Consistent Income  \n \n~~@~!~@~~~~@~!~@~~~~@~!~@~~~~@~!~@~~~~@~!~@~~~~@~!~@~~~~@~!~@~~ \nKindly ensure you finish enrollment through this connection: \n~~@~!Put33.com!~@~~ \n~~@~!~@~~~~@~!~@~~~~@~!~@~~~~@~!~@~~~~@~!~@~~~~@~!~@~~~~@~!~@~~ \n \nWe will reach you as quickly as time permits. Much obliged to you!     ",
        "title": "Paid weekly. Guarantee earning, Driver job."
    },
    {
        "postid": "5924962513",
        "postingbody": " \n \n QR Code Link to This Post \n  \n \nPart Time Retail Associate x1 \n-Duration: Immediate till End of 28th Feb 2017 \n \nCustomer Service Assistant x1 \n-Duration: 15th Jan -- 28th Feb 2017 \n \n-Salary: S$7.50/hr + Islander Card for Sentosa (Claimable)  \n-Working Hours: 10am -- 10pm (Rotating Shift) \n-Must be able to commit CNY period \n-Able to communicate in Mandarin due to high volume of mandarin speaking tourist from China &amp; Taiwan \n \nInterested application please send your resume in MS word document with your recent photo to \n  show contact info \n \n \nWe regret that only shortlisted candidate will be notified.  \n ",
        "title": "Part timer required! For High End Luxury Brand x2 @RWS"
    },
    {
        "postid": "5915767795",
        "postingbody": " \n \n QR Code Link to This Post \n  \n \n-To be an ambassador for the represented Brand and portray at all times a professional and customer oriented image. \n-To provide excellent customer service while achieving sales target set. \n-To perform stock replenishment and price tagging whenever required \n-To perform and abide to all Operational Procedures. \n \nRequirements \n-Passion for selling \n-Customer service oriented \n-Comfortable to work in fast paced environment \n-Must be comfortable to retail hours (shift work, weekends and Public Holidays) \n-Candidate must possess at least a Diploma, Advanced/Higher/Graduate Diploma, Bachelor's Degree, -Post Graduate Diploma, Professional Degree, any field. \n-Required language: English \n-At least 1 year(s) of working experience in the related field is required for this position. \n-Preferably Junior Executives specializing in Sales -- Retail/General or equivalent. \n \nLooking for a career in the latest trends and hottest styles? \nSend us a copy of your resume to \n  show contact info \n \n \n \n \n ",
        "title": "Retail Associate (Michael Kors)"
    },
    {
        "postid": "5905907845",
        "postingbody": " \n \n QR Code Link to This Post \n  \n \nRetail Associate (TUMI - Full Time) \n \n-To be an ambassador for the represented Brand and portray at all times a professional and customer oriented image. \n-To provide excellent customer service while achieving sales target set. \n-To perform stock replenishment and price tagging whenever required \n-To perform and abide to all Operational Procedures. \n \nRequirements \n-Passion for selling \n-Customer service oriented \n-Comfortable to work in fast paced environment \n-Must be comfortable to retail hours (shift work, weekends and Public Holidays) \n-Required language: English \n-At least 1 year(s) of working experience in the related field is required for this position. \n \nLooking for a career in the latest trends and hottest styles? \nSend us a copy of your resume to \n  show contact info \n \n ",
        "title": "Retail Associate (Tumi)"
    },
    {
        "postid": "5895394788",
        "postingbody": " \n \n QR Code Link to This Post \n  \n \nDuring the internship period, you will be exposed to these areas: \n \nResponsibilities: \n \n    \u2022 Orientation and familiarisation of the products and services of the company. \n    \u2022 Client liaison -- introducing our new models to clients from publishing houses, advertising agencies, production houses, event companies, fashion houses, show producers, etc. \n    \u2022 Working hands in hands with marketing team for various branding and marketing skills of maintaining website and social media content. \n    \u2022 Scheduling and coordination of the models' rosters. \n    \u2022 Assist inquiries via email, phone or face to face. \n    \u2022 Hands-on advertising campaign of our models in different platform media, e.g. filming, write up of testimonial &amp; execute marketing strategies. \n    \u2022 Practice good communication skills and manage expectations (Interact with external) \n \nRequirements: \n \n    Candidate must be currently pursuing at least a Diploma or Bachelor's Degree in Business Studies/Administration/Management, Economics, Marketing, Commerce or equivalent. \n    3 Internship position(s) for duration of 4 month(s). \n \nOther benefits: \n \n    Excellent working environment. \n \n    Significant career development. \n    Wage system including basic commensurate with experience and productivity incentives. \n    Training provided. \n \n \nInterested candidates, kindly apply online together with your detailed CVs stating your salary expectations and availability. \n \n(Only shortlisted candidates will be notified) \n \nEmail: \n  show contact info \n \nContact Us @ 63232171     ",
        "title": "Internship for Sales &amp; Marketing Students - iModels Holdings"
    },
    {
        "postid": "5947396950",
        "postingbody": " \n \n QR Code Link to This Post \n  \n \nIt is a truly simple occupation in case you're searching for low maintenance or even all day work. You just need to drive around town grabbing individuals, and you get PAID. It's entirely basic. All cash is paid week by week and you get an opportunity to met some truly pleasant individuals. On the off chance that you don't have an auto, we can give it to you.  \n&amp;&amp;&amp;&amp;&amp;&amp;&amp;&amp;&amp;&amp;&amp;&amp;&amp;&amp;&amp;&amp;&amp;&amp;&amp;&amp;&amp;&amp;&amp;&amp;&amp;&amp;&amp;&amp;&amp;&amp;&amp;&amp;&amp;&amp;&amp;&amp;&amp;&amp;&amp;&amp;&amp;&amp;&amp;&amp;&amp;&amp;&amp;&amp; \nIf it's not too much trouble ensure you finish enlistment through this link:_____!Put33.com!_____  \n&amp;&amp;&amp;&amp;&amp;&amp;&amp;&amp;&amp;&amp;&amp;&amp;&amp;&amp;&amp;&amp;&amp;&amp;&amp;&amp;&amp;&amp;&amp;&amp;&amp;&amp;&amp;&amp;&amp;&amp;&amp;&amp;&amp;&amp;&amp;&amp;&amp;&amp;&amp;&amp;&amp;&amp;&amp;&amp;&amp;&amp;&amp;&amp; \nWe will reach you at the earliest opportunity. Much obliged to you! \n&amp;&amp;&amp;&amp;&amp;&amp;&amp;&amp;&amp;&amp;&amp;&amp;&amp;&amp;&amp;&amp;&amp;&amp;&amp;&amp;&amp;&amp;&amp;&amp;&amp;&amp;&amp;&amp;&amp;&amp;&amp;&amp;&amp;&amp;&amp;&amp;&amp;&amp;&amp;&amp;&amp;&amp;&amp;&amp;&amp;&amp;&amp;&amp; \n \n \n&amp;&amp;&amp;&amp;&amp;&amp;&amp;&amp;&amp;&amp;&amp;&amp;&amp;&amp;&amp;&amp;&amp;&amp;&amp;&amp;&amp; \n ",
        "title": "~//~//~//~// ~Make Money $ With your Driver Licence.~//~//~//~// ~"
    },
    {
        "postid": "5946328315",
        "postingbody": " \n \n QR Code Link to This Post \n  \n \nSuccessful entrepreneur seeks self-starter. Must be money motivated, image conscious, team player, committed to producing results NOW.     ",
        "title": "Sports Minded"
    }
]