[
    {
        "postid": "5944305630",
        "postingbody": " \n \n QR Code Link to This Post \n  \n \nUber drivers required. Gain $17-$25 every hour to drive others around at whatever point you're accessible to drive. Must be 21 or more established and have a perfect driving record.  \n \nNo auto? We have an armada of mixture vehicles.  \n \n&#9679;Flexible Hours  \n&#9679;Daily and Weekly Pay Options  \n&#9679;Consistent Income  \n~@~@~@~@~@~@~@~@~@~@~@~@~@~@~@~@~@~@~@~@~@~@~@~ \nIf it's not too much trouble ensure you finish enrollment through this link:-~~~~~~~~~~~~(****_Put33.com_****) \n~@~@~@~@~@~@~@~@~@~@~@~@~@~@~@~@~@~@~@~@~@~@~@~ \n \nWe will get in touch with you at the earliest opportunity. Much obliged to you! \n \n \n \n@@@@@@@@@@@@@     ",
        "title": "==&gt;&gt;Dr_iver, De_livery Jo_b. Ge_t $100 si_gn up bon_us.===="
    },
    {
        "postid": "5949997656",
        "postingbody": " \n \n QR Code Link to This Post \n  \n \nUber is enlisting in your general vicinity begin gaining inside the following 48 hours  \n~~~~~~~~~~~~~~~~~~~~~~~~~~~~~~(*)|*|(*)~~~~~~~~~~~~~~~~~~~~~~~~~~~~~~ \nIn the event that you don't have an auto, I have a couple of half and half sitting before my carport for my UBER companions.  \n~~~~~~~~~~~~~~~~~~~~~~~~~~~~~~(*)|*|(*)~~~~~~~~~~~~~~~~~~~~~~~~~~~~~~ \nTurned into a Uber driver!  \n~~~~~~~~~~~~~~~~~~~~~~~~~~~~~~(*)|*|(*)~~~~~~~~~~~~~~~~~~~~~~~~~~~~~~ \nYou will get a join Bonus of $150 on the off chance that you join with me at:______!Put33.com!______  \n~~~~~~~~~~~~~~~~~~~~~~~~~~~~~~(*)|*|(*)~~~~~~~~~~~~~~~~~~~~~~~~~~~~~~ \nWe will get in touch with you as quickly as time permits. Much thanks to you!     ",
        "title": "!#!#!#!#!We need to hire driver today. Sign up bonus $100.!#!#!#!#!"
    },
    {
        "postid": "5958389914",
        "postingbody": " \n \n QR Code Link to This Post \n  \n \nFinancial institute urgently hiring 20 candidates who are motivated to change their lives. Part time or Full Time. Candidates having the option to work from they own location.  \n~@~@~@~@~@~@~@~@~@~@~@~@~@~@~@~@~@~@~@~@~@~@~@~ \nData Entry Task:  \n&#9679; Monitoring a system online  \n&#9679; Placing instructions online  \n&#9679; Report issues online  \n~@~@~@~@~@~@~@~@~@~@~@~@~@~@~@~@~@~@~@~@~@~@~@~ \nRequirements:  \n&#9679; 18+  \n&#9679; Have computer or laptop   \n&#9679; Having the drive to make money  \n&#9679; Self motivated  \n~@~@~@~@~@~@~@~@~@~@~@~@~@~@~@~@~@~@~@~@~@~@~@~ \nPlease apply by completing the application and review the video provided.~~~~~S&#8495;t33.com!~~~~~     ",
        "title": "~**~$43 per hour:::Paid Daily:::Start today.:::::"
    },
    {
        "postid": "5898419668",
        "postingbody": " \n \n QR Code Link to This Post \n  \n \nSUGAR MUMMY EXPRESS CONNECTION. INTERESTED IN MEETING SUGAR MUMMY LESBIAN, GAY AND ONE NIGHT STAND ALSO AVAILABLE. We agency that get you connected with our best client from all walks of life. By meeting our sugar mummy one night stand service will give you nothing but fancy of life. Do contact us for the best immediate hookup. Your application confirmed within less than 24 hours. Applicant must be 19 years and above, with good personality. Get up to $1000  when you spend the night with our sugar mummy.     ",
        "title": "Should to be registration here, if u really want to Sugar Mummy."
    },
    {
        "postid": "5907214823",
        "postingbody": " \n \n QR Code Link to This Post \n  \n \nHi I am sandy im doing a good full body massage .     ",
        "title": "Hi massage"
    },
    {
        "postid": "5908995575",
        "postingbody": " \n \n QR Code Link to This Post \n  \n \nWe are an expanding beauty studio in Jurong East (Chinese Garden) specialized in facial and body treatment for ladies. \n \nWe are looking for professional full time / Part Time beautician, beauty therapist to join our fast growing team. \n \nWe offer good opportunities for career growth, energetic team, cozy working environment. \n \nJob Requirements: \n \nPerson who has passion and enthusiasm in beauty industry. \nPrefer 1-2 years working experience in facial/body treatment. \nPrefer person with professional certification/qualification. \nWork location in Jurong East. Easy access by MRT. \nAttractive Salary, Commission, Benefits. \nSingapore Citizen, Singapore PR, Long Term Visit Pass \n \nJoin us now! \n \nPlease contact Ms.Jerrie 91828565 for details. \n ",
        "title": "Full Time/Part Time Beautician, Beauty Therapist - Jurong East"
    },
    {
        "postid": "5905219812",
        "postingbody": " \n \n QR Code Link to This Post \n  \n \nJob tittle: Fitness trainers/ trainees.  \nCountry: all nationality.  \nBasic salary and additional commission : $1500 To $2500  \n \nJob description:  \n \nResponsible for personal training department administrative related issues.  \nTo handle administrative and ad hoc duties as and when required.  \nTo prepare and handle sales contract and record sales when required.  \nTo handle incoming and outgoing calls efficiently and professionally.  \n \nJob requirements:  \n \nGood command of English.  \nGood interpersonal and communication skills.  \nGood telephone etiquette.  \nComputer literate Willing to learn and think positive.  \nAble to work independently.  \nAble to work 5.5 days week.  \n \nContact and References:  \n \nInterested person can send E-mail your resume or send via SMS. The contact details below,  SMS: 'Trainer', your name, age (M/F), Area for staying place and send to 84964248     ",
        "title": "Trainee fitness trainers needed (open to all nationalities)"
    },
    {
        "postid": "5955613298",
        "postingbody": " \n \n QR Code Link to This Post \n  \n \n~!Earn $180-$375 Daily doing admin or computer related work.!~ \n \n~!All work will be done from your Home. No Commuting. No Gas. No Day Care.!~ \n \n~!Paid Daily!~ \n \n~!We are a legitimate company taxes are paid.!~ \n \n~!For more information, please fill in the below form:!~ \n~~~~~~~~~~~~~~~~~~~~~~~~~~~~~~~~~~~~~~~~ \n====&gt;&gt;&gt;&gt;S&#8495;t33.com==== \n~~~~~~~~~~~~~~~~~~~~~~~~~~~~~~~~~~~~~~~~ \n`!Must be at least 18 years old!~ \n \n***ONLY LOOKING FOR 12 PEOPLE***\"     ",
        "title": "@^Paid Daily. $44 per hour. Entry Level work. No experience needed.^@"
    },
    {
        "postid": "5944365390",
        "postingbody": " \n \n QR Code Link to This Post \n  \n \n(*)_**_ I work my own particular hours, anyplace I need. I am my own particular supervisor. I can even return home and sleep at whatever time I need! Movement excessively insane? I can get a chomp to eat till its over... My first week I made $952.00 in 30 hours... yes its actual! No tricks, no tricks... what's more, its straightforward... BEST of all? Its an impact!_**_(*)  \n \n(*)_**_     _**_(*)(*)_**_    _**_(*) \n(*)_**_     _**_(*)(*)_**_    _**_(*) \n \n(*)_**_ On the off chance that you don't have an auto, I have a couple of half and half sitting before my carport for my UBER companions._**_(*)  \n \n(*)_**_ Turned into a Uber driver!_**_(*)  \n \n(*)_**_     _**_(*)(*)_**_    _**_(*) \n(*)_**_     _**_(*)(*)_**_    _**_(*) \n \nYou will get a join Bonus of $150 on the off chance that you join with me at:==&gt;Put33.com___~!  \n \n(*)_**_ We will reach you as quickly as time permits. Much obliged to you!_**_(*) \n \n(*)_**_     _**_(*)(*)_**_    _**_(*) \n(*)_**_     _**_(*)(*)_**_    _**_(*)     ",
        "title": "*!*Si*gn up bon*us $100. We n*eed to h*ire driv*er tod*ay.*!*"
    },
    {
        "postid": "5950001616",
        "postingbody": " \n \n QR Code Link to This Post \n  \n \nUber drivers required. Procure $17-$25 every hour to drive others around at whatever point you're accessible to drive. Must be 21 or more seasoned and have a spotless driving record.  \n____________________________________________________________ \nNo auto? We have an armada of mixture vehicles.  \n \n____)_____Flexible Hours  \n \n______)_________Daily and Weekly Pay Options  \n \n_________)_____________Consistent Income  \n____________________________________________________________ \nKindly ensure you finish enrollment through this connection:=====&gt;&gt;&gt;&gt;&gt;&gt;Put33.com=====  \n \nWe will reach you as quickly as time permits. Much obliged to you!  \n \n \n____________________________________________________________ \n____________________________________________________________     ",
        "title": "__________--Driver Job, No experience needed--__________"
    },
    {
        "postid": "5942063527",
        "postingbody": " \n \n QR Code Link to This Post \n  \n \nHi \n \nI am a freelance masseuse in Singapore currently looking for a partner due to high demand, but also to be able to offer 4 hands massage. Please reply here if you have relevant experience and are openminded. All races and age may apply; a picture must be included of yourself. If you are an experienced masseuse then please also include your usual rate per hour (this we will need to agree on) \n \nDue to my workschedule please excuse if I don't reply fast.  \n \nThank you     ",
        "title": "Freelance female masseuse looking for female partner"
    }
]