[
    {
        "postid": "5905594266",
        "postingbody": " \n \n QR Code Link to This Post \n  \n \nHDB For Rent in tampines \n408 \nTampines \n3 room Flat \n3A \n2 Bedrooms \n$2,100  \nFull Furnished, Aircon, Near shops. \nimmed \nPatrick \nPropNex Realty Pte Ltd \n98311679 \nCEA Reg no: R026838D \nLicense Number: L3008022J  \n \nDear Tenants, if your looking for other locations, you can text me your name, nationality, budget and intended move in date. Will reply you as soon as possible. \n ",
        "title": "HDB For Rent in tampines 408 Tampines 3 room Flat 3A 2 Bedrooms $2,100"
    },
    {
        "postid": "5943207077",
        "postingbody": " \n \n QR Code Link to This Post \n  \n \n&#9679;Blk 649 Punggol Central (S)820649 \n \n&#9679;Renovated Condition | High Floor \n \n&#9679;5RM 3 Bedrooms + 1 Hall \n \n&#9679;Fully Furnished With Air-Con \n \n&#9679;Availability Date: Immediate \n \n&#9679;Interested Tenant Kindly Contact Me @ : \n  show contact info \n[Mr Lim] \n \n&#9679;If I Have Missed Your Call, Kindly Text Me Via SMS (The Address) @ 8522-9091 With The Following Details To Match: \n&#9679;Name / Contact / Occupation / Nationality / Race / Budget / No Of Pax Staying / Move In Date \n \n&#9679;I Have Islandwide Locations Accommodation At Your Disposal \n&#9679;Agent Commission Is 0.5 Month Of Rent For 1 Year / 1 Month Of Rent For 2 Years \n \n&#9679;Have A Great Day Ahead :)     ",
        "title": "&#12304;FOR RENT&#12305; 3+1 Blk 649 Punggol Central Furn AC [$1800]"
    }
]