[
    {
        "postid": "5957234260",
        "postingbody": " \n \n QR Code Link to This Post \n  \n \nJob Description: \n \n- Administration and conduct training on ITIL processes and tools \n- Provide support on general administrative matters \n- Provide support on purchase requisition and payment related matters \n- Provide support on IT administrative support \n \nJob Requirements: \n \n- Possess at least a Diploma and above qualification with at least 2 years of general IT related administration experience \n- Experience in ITIL tools and processes is an added advantage \n- Familiarity with IT sector and IT project management is preferred \n- Good team player and interpersonal skills \n \nInterested candidates, please send us your detailed resume in MS word format, attached with your recent photograph, stating your current/last drawn &amp; expected salary to \n  show contact info \n (EA Lic. 02C2819 / Reg No. R1658303) \n \n \nWe would like to thank all candidates in advance on their interest for this position and regret that only short-listed candidates will be notified.     ",
        "title": "Service Delivery Administrator"
    },
    {
        "postid": "5954587524",
        "postingbody": " \n \n QR Code Link to This Post \n  \n \nZion Tech Group provides IT global services on demand. We are looking for a technical resource with field experience in IT assistance tasks on demand Level 1 and 2, with knowledge in PC Hardware, Data Center, Cisco, Computer Hardware Servicing, Computer Trouble shooting, Unix, Linux and Windows. \n \nRequirements: \n \n* Knowledge of Cisco Routers Configuration (LAN/WAN)  \n* Good English Communication Skills \n* Visit our customer for onsite support &amp; replace/install parts \n* HW / SW Maintenance, Configuration &amp; Installation \n* Troubleshoot Routers &amp; Replace components (Network cards/SPA etc) \n* Experience on Infrastructure ( IT, Switches, Server, Data Center ) \n* Imaging desktops and laptops using SCCM \n* Handling different operating systems  \n* Asset/Inventory Management at sites \n* Desktop/Network Printers Management at sites \n* Image creation &amp; Deployment\t \n \nWe will provide training if needed for all opportunities that you receive.     ",
        "title": "IT Support / Network Engineer"
    },
    {
        "postid": "5952791025",
        "postingbody": " \n \n QR Code Link to This Post \n  \n \nMicro2000 -- Singapore \n \nJob Responsibilities: \n\u00e2&#128;\u00a2 Replacement, repairing and maintenance customers' IT machine and equipment \n\u00e2&#128;\u00a2 Troubleshooting and diagnostics of devices \n\u00e2&#128;\u00a2 Reporting and escalation of all observed problems to the operations team \n\u00e2&#128;\u00a2 Any other duties as assigned \n \nJob Requirements: \n\u00e2&#128;\u00a2 Minimum N/ A / O Levels / Nitec / Higher Nitec / Diploma in IT field or engineering \n\u00e2&#128;\u00a2 Prior experience is preferred \n\u00e2&#128;\u00a2 No experience is welcome to apply \n\u00e2&#128;\u00a2 Must be able to work retail shift. \n \nInterested candidates please send in your resume \n  show contact info \n (Attn: IT Tech) to enquire about the position. \n ",
        "title": "IT Technicians"
    },
    {
        "postid": "5957234984",
        "postingbody": " \n \n QR Code Link to This Post \n  \n \nJob Responsibilities: \n \n- Answers incoming calls for Password Reset or Account Unlock requests and handle them according to process and logs all information in the call tracking system \n- Escalates out of scope Password Reset/ Account Unlock requests to other support groups in a timely manner according to established process \n- Respond to callers according to Service Level Agreement \n- Work closely with IT Service Desk Engineer, Service Desk Team Leads &amp; Technical Support Engineers \n- Be familiar with the user's applications, helpdesk policies and services \n- Follow Service Desk standard operating procedures \n- Be familiar with the Application Systems and support groups in the IT Department \n- Accurately log all Service Desk requests using Remedy \n- Other duties as assigned by the Service Desk Manager \n \n \nJob Requirements: \n \n- Minimum of Higher NITEC in IT \n- Ability to utilize software applications such as WIndows7 and Office 2010 for support, reporting and documentation \n- Good phone skills, professional demeanor, Customer-oriented, patient, friendly, meticulous and a strong team player \n- Self motivated and pro-active in heading off problems. Strong &amp; effective communication and interpersonal skills with desire to work as part of a team. \n- Customer focus, Composure &amp; Priority Setting \n- Ability to work with minimal supervision \n- Ability to handle constantly changing inflow of calls; remain productive during off peak time and be able to multitask effectively during busy times \n- Patience and professional during stressful situations \n- No experience required \n \n \nInterested candidates, please send us your detailed resume in MS word format, attached with your recent photograph, stating your current/last drawn &amp; expected salary to \n  show contact info \n (EA Lic. 02C2819 / Reg No. R1658303) \n \nWe would like to thank all candidates in advance on their interest for this position and regret that only short-listed candidates will be notified.     ",
        "title": "Password Reset Executive (IT Service Desk; 24x7 Shift)"
    },
    {
        "postid": "5926359203",
        "postingbody": " \n \n QR Code Link to This Post \n  \n \nJob Description: \n \n- Responsible to create, activate, maintain, validate and deactivate and secure user accounts and contact information for IT systems. \n- Write and maintain user documentation. Work with policy and business requirement development groups to provide subject matter expertise regarding the provisioning of user accounts, and contact data validity. \n- Provide quality control and quality assurance techniques to the development of identity records and user access for IT systems. \n- Application access administration over multiple platforms including administrative and financial applications. \n- Facilitate communication between System Owners/Operators, Compliance (Privacy and Security), and end users and managers regarding identity record and user access matters. \n \nJob Requirements: \n \n- Diploma or equivalent experience (preferably in computer science or related disciplines) \n- Demonstrate attention to detail. \n- Experience or basic knowledge of utilizing Windows based Microsoft Office applications like Word or Excel. \n- Demonstrate initiative, follow-up and the ability to prioritize effectively. \n- Demonstrate punctuality and organizational skills. \n- 1 year of working experience in IT related environment is preferred. \n \n \nInterested candidates, please send us your detailed resume in MS word format, attached with your recent photograph, stating your current/last drawn &amp; expected salary to \n  show contact info \n (EA Lic. 02C2819 / Reg No. R1658303) \n \nWe would like to thank all candidates in advance on their interest for this position and regret that only short-listed candidates will be notified.     ",
        "title": "ID Administrator (MNC; Office Hour)"
    },
    {
        "postid": "5955762943",
        "postingbody": " \n \n QR Code Link to This Post \n  \n \nSoftLayer, an IBM Company \n \nInventory Technician \n \nJob Description \n \nEmpowered. Innovative. Inspiring. Creative. Intense. These are all words we use to describe life at SoftLayer. \n \nAre you looking for a real career opportunity? SoftLayer currently has openings for highly motivated individuals who are self-driven and multi-talented. Average Joe's and clock punchers need not apply. This is an exciting opportunity to work in a fast-moving, large datacenter environment with the fastest growing hosting company in the world! \n \nSoftLayer is looking for highly motivated individuals who are multi-talented and self-driven. \n \nResponsibilities: \n \nComputer hardware component identification \nEnter hardware tracking information into data base \nVerification of proper shipment &amp; the tracking of new inbound shipments \nRequired Experience: \n \nFocused work ethic in a team environment \nAbility and willingness to accept and complete task with a painstaking attention to detail \nMay be required to lift up to 50 pounds \nMust be able to stand for long durations \nSome inventory control experience preferred \nMust be able to speak and read English \nEducation: \n \nHigh school diploma or general equivalence degree (GED) \nPosition Type \n \nFull-Time \n \nJob Type: Full-time     ",
        "title": "Inventory Teachnician"
    },
    {
        "postid": "5947615144",
        "postingbody": " \n \n QR Code Link to This Post \n  \n \nPosition Overview: \n \nThe Data Center Operator assists in performing routine tasks associated with operating mainframe and non-mainframe (distributed environment) tasks in accordance with detailed instructions. \n \nKey Accountabilities/Duties: \n \n- Monitoring server console. \n- Mounting cartridges in cartridge libraries Maintaining software applications, operating systems and regular maintenance. \n- Assist in transport backup cartridges and disks to offsite locations. \n- Monitor the security cameras. \n- Coordinate all works in the data centre. \n- Troubleshoot and escalate on batch job failures and assist in fixing these problems. \n- Daily IT Operations tasks, e.g. shutdown of specified databases and application jobs, initiate backup etc. \n- Data Centre environmental monitoring, e.g. ensure the Air Con environment is in a healthy state. \n- Any other duties as assigned by management. \n \nRequirements: \n \n- Recognized Diploma in Electrical / Electronic / Computer Engineering / Information Systems. \n- At least 3 years' experience in Data Center Operation. \n- Possess excellent oral and written communication skills. \n- Good customer service aptitude, and strong work ethic. \n- May require to work on shift. \n- Basic knowledge of Windows Server 2003/2008/2012 operating system. \n- Basic knowledge of Unix and Linux operating system. \n- Basic knowledge on virtualization technologies (Vmware ESXi, Microsoft HyperV). \n- Basic knowledge on network infrastructure. \n- Basic knowledge on batch jobs scheduling tools. \n- Self-driven and able to work independently. \n \nInterested candidates, please send us your detailed resume in MS word format, attached with your recent photograph, stating your current/last drawn &amp; expected salary to \n  show contact info \n (EA Lic. 02C2819 / Reg No. R1658303) \n \nWe would like to thank all candidates in advance on their interest for this position and regret that only short-listed candidates will be notified.     ",
        "title": "Data Centre Operator (Shift work)"
    },
    {
        "postid": "5921205763",
        "postingbody": " \n \n QR Code Link to This Post \n  \n \nTaureau Engineering was established on year 2011 and began as electrical &amp; maintenance contractor. We are providing the services in M &amp; E engineering sector, our mainly activities are providing the services maintenance for the two Major telecoms company in Singapore.  \n \nCurrently we are looking for new telecommunications technician. \n \n \n \nRequirements: \n \n1. Hands-on knowledge on electrical wirings. \n \n2. Proficient with MS Excel and MS Word \n \n3. Have motorcycle license. \n \n4. Willing to travel around to different work sites. \n \nIf interested, please send your contact details to \n  show contact info \n ",
        "title": "Looking For Telecommunications Technician"
    },
    {
        "postid": "5905924082",
        "postingbody": " \n \n QR Code Link to This Post \n  \n \nJob Description: \n \n- Responsible to create, activate, maintain, validate and deactivate and secure user accounts and contact information for IT systems. \n- Write and maintain user documentation.  \n- Work with policy and business requirement development groups to provide subject matter expertise regarding the provisioning of user accounts, and contact data validity. \n- Provide quality control and quality assurance techniques to the development of identity records and user access for IT systems. \n- Application access administration over multiple platforms including administrative and financial applications. \n- Facilitate communication between System Owners/Operators, Compliance (Privacy and Security), and end users and managers regarding identity record and user access matters. \n \nJob Requirements: \n \n- Diploma or equivalent experience (preferably in computer science or related disciplines) \n- Demonstrate attention to detail. \n- Experience or basic knowledge of utilizing Windows based Microsoft Office applications like Word or Excel. \n- Demonstrate initiative, follow-up and the ability to prioritize effectively. \n- Demonstrate punctuality and organizational skills. \n- 1 year of working experience in IT related environment is preferred. \n \n \nInterested candidates, please send us your detailed resume in MS word format, attached with your recent photograph, stating your current/last drawn &amp; expected salary to \n  show contact info \n (EA Lic. 02C2819 / Reg No. R1658303) \n \nWe would like to thank all candidates in advance on their interest for this position and regret that only short-listed candidates will be notified.     ",
        "title": "ID Administrator"
    },
    {
        "postid": "5905924862",
        "postingbody": " \n \n QR Code Link to This Post \n  \n \nJob Description: \n \n- Conduct installations in accordance with customer requirements &amp; company specifications, from site inspections through to final sign-off and acceptance. \n- Diagnose and perform repairs on equipment and solutions physically or remotely and ensure that relevant updates and patches are applied accordingly on-site or remote diagnostic procedures at customer sites. \n- Capacity to take control of Service situations, include initiating escalation procedures and following through on all open calls to customer satisfaction on allocated sites (as either primary or secondary engineer) and ensure customer is well informed as to the status of the escalation or resolution. \n- Manage &amp; maintain daily operation of IT services including installation and configuration and set up of all new computer equipment. \n- Establish &amp; maintain office network accessibility and troubleshooting. \n- Troubleshoot &amp; resolves IT services issues physically or remotely (computer installation / reinstallation and configuration of common office software) \n- Capable to communicate and guide users in problem solving. \n \nJob Requirements: \n \n- Min ITE or Diploma in Engineering, Computer Science / IT \n- Min 1 year in technical service relevant role \n- Excellent communication skills (verbal &amp; written) \n \n \nInterested candidates, please send us your detailed resume in MS word format, attached with your recent photograph, stating your current/last drawn &amp; expected salary to \n  show contact info \n (EA Lic. 02C2819 / Reg No. R1658303) \n \nWe would like to thank all candidates in advance on their interest for this position and regret that only short-listed candidates will be notified.     ",
        "title": "Service Desk Engineer (24/7 Shift)"
    },
    {
        "postid": "5905924285",
        "postingbody": " \n \n QR Code Link to This Post \n  \n \nJob Description: \n \n- Conduct installations in accordance with customer requirements &amp; company specifications, from site inspections through to final sign-off and acceptance. \n- Diagnose and perform repairs on equipment and solutions physically or remotely and ensure that relevant updates and patches are applied accordingly on-site or remote diagnostic procedures at customer sites. \n- Capacity to take control of Service situations, include initiating escalation procedures and following through on all open calls to customer satisfaction on allocated sites (as either primary or secondary engineer) and ensure customer is well informed as to the status of the escalation or resolution. \n- Manage &amp; maintain daily operation of IT services including installation and configuration and set up of all new computer equipment. \n- Establish &amp; maintain office network accessibility and troubleshooting. \n- Troubleshoot &amp; resolves IT services issues physically or remotely (computer installation / reinstallation and configuration of common office software) \n- Capable to communicate and guide users in problem solving. \n \nJob Requirements: \n \n- Min ITE or Diploma in Engineering, Computer Science / IT \n- Min 1 year in technical service relevant role \n- Excellent communication skills (verbal &amp; written) \n \n \nInterested candidates, please send us your detailed resume in MS word format, attached with your recent photograph, stating your current/last drawn &amp; expected salary to \n  show contact info \n (EA Lic. 02C2819 / Reg No. R1658303) \n \nWe would like to thank all candidates in advance on their interest for this position and regret that only short-listed candidates will be notified.     ",
        "title": "Desktop Support Engineer (MNC)"
    }
]