[
    {
        "postid": "5957508386",
        "postingbody": " \n \n QR Code Link to This Post \n  \n \nGood Night! \n \nNow, would a relaxing yet therapeutic massage of sorts  plus the jolly bits that come after, work well with you sir?!? \n \nSounds good? CooL?? \n \nIt's certainly gonna B terrific i tell ya, so, do not hold back, drop inhibitions... simply dial the digits right N0W &amp; get it fixed rightaway, splendid right?!? \n \nBut Remember: Please treat others just the way U wanna be treated - No Attitude here to begin with, so, No Worries;) \n \nLocal T S all ready to serve and accommodate/East &amp; connect viA... 98349005 for Local Malay TG/TS - Thanks A MiL!!! \n \nCheers! \n \n ",
        "title": "THE MASSAGE SG"
    },
    {
        "postid": "5930384603",
        "postingbody": " \n \n QR Code Link to This Post \n  \n \nWhether just only my signature \nboosting fine-tune oil body rub; \nimplemented by gentle touch  \nand pressures...or two stage  \nenhanced program, with integrated kneading \nof core muscle groups: you can \nbe sure of getting all the right ingredients... \nand then some, for that potential big  \nhealth impact! Promoting immensely deep relaxation. \n \nI am a asian lady and of pleasant  \ndisposition; a particularly well qualified,  \nfreelance masseuse: stunningly effective rebut to  \nneutral and highly commercial experiences; super-antidepressant too! \n \nI offer prompt on demand out calls \n( subject to availability and the usual booking confirmations )  \nfor 90mins session of massage..take me out tonight..+\n  show contact info \n ",
        "title": ".Healing Tantric MASSAGE by KRISTEL"
    },
    {
        "postid": "5957373242",
        "postingbody": " \n \n QR Code Link to This Post \n  \n \nCall me at cherry.co+\n  show contact info \n \n \nMy massage at your location: \nWhy travel and lose the benefits of the massage \nwhen I can bring everything to you? \nNo traffic, weather or parking \nissues. Relax before and after your  \nmassage to increase the benefits of \nrelaxation. Please have sufficient \nspace for a massage table - a proper  \nmassage needs to be done on the table. \n \nJust for 90mins session -of a professional \nand highly respectful relaxation massage \nfor stress and pleasure - take some quality \ntime for yourself.  \n \nStress reduction, improved sleep patterns, \nafter-workout relaxation from soreness \n, stiffness from computer/desk work and an  \noverall great feeling.  \n \nI use high quality all-natural and  \nunscented oils and lotion, a heated \ntable and nature sounds therapy music. \n \nCall me at cherry.co+\n  show contact info \n ",
        "title": "This is the Best Moment of a RAINY day! Massage *&#10084;&#10084;*"
    },
    {
        "postid": "5938199042",
        "postingbody": " \n \n QR Code Link to This Post \n  \n \nWhether just only my signature \nboosting fine-tune oil body rub; \nimplemented by gentle touch  \nand pressures...or two stage  \nenhanced program, with integrated kneading \nof core muscle groups: you can \nbe sure of getting all the right ingredients... \nand then some, for that potential big  \nhealth impact! Promoting immensely deep relaxation. \n \nI am a asian lady and of pleasant  \ndisposition; a particularly well qualified,  \nfreelance masseuse: stunningly effective rebut to  \nneutral and highly commercial experiences; super-antidepressant too! \n \nI offer prompt on demand out calls \n( subject to availability and the usual booking confirmations )  \nfor 90mins session of massage..take me out tonight..+\n  show contact info \n ",
        "title": ".Healing Tantric MASSAGE by KRISTEL"
    },
    {
        "postid": "5949097363",
        "postingbody": " \n \n QR Code Link to This Post \n  \n \nNew in Town... \nTry the best experience with me... \nGood service with a High Girlfriend Experience you ever wanted... \nDon't hesitate contact me at 91607649-right away... \nSay NO to FAKES!     ",
        "title": "~~FAY~~&#10084;20YO&#10084;~~FAY~~"
    },
    {
        "postid": "5949097363",
        "postingbody": " \n \n QR Code Link to This Post \n  \n \nNew in Town... \nTry the best experience with me... \nGood service with a High Girlfriend Experience you ever wanted... \nDon't hesitate contact me at 91607649-right away... \nSay NO to FAKES!     ",
        "title": "~~FAY~~&#10084;20YO&#10084;~~FAY~~"
    },
    {
        "postid": "5935583964",
        "postingbody": " \n \n QR Code Link to This Post \n  \n \nWhether just only my signature \nboosting fine-tune oil body rub; \nimplemented by gentle touch  \nand pressures...or two stage  \nenhanced program, with integrated kneading \nof core muscle groups: you can \nbe sure of getting all the right ingredients... \nand then some, for that potential big  \nhealth impact! Promoting immensely deep relaxation. \n \nI am a asian lady and of pleasant  \ndisposition; a particularly well qualified,  \nfreelance masseuse: stunningly effective rebut to  \nneutral and highly commercial experiences; super-antidepressant too! \n \nI offer prompt on demand out calls \n( subject to availability and the usual booking confirmations )  \nfor 90mins session of massage..take me out tonight..+\n  show contact info \n ",
        "title": ".Healing Tantric MASSAGE by KRISTEL"
    },
    {
        "postid": "5951671071",
        "postingbody": " \n \n QR Code Link to This Post \n  \n \natisfaction Guaranteed! 24x7 \n \nAttractive female masseuses and therapists \n \nOffering a wide repertoire of Body Massages (from $50) \n \nWhen you come your grin will be oh so wide \n \nFor appointment, please call 6567-9328 \n \n ",
        "title": "Definitely make you come and come again"
    },
    {
        "postid": "5938199039",
        "postingbody": " \n \n QR Code Link to This Post \n  \n \nWhether just only my signature \nboosting fine-tune oil body rub; \nimplemented by gentle touch  \nand pressures...or two stage  \nenhanced program, with integrated kneading \nof core muscle groups: you can \nbe sure of getting all the right ingredients... \nand then some, for that potential big  \nhealth impact! Promoting immensely deep relaxation. \n \nI am a asian lady and of pleasant  \ndisposition; a particularly well qualified,  \nfreelance masseuse: stunningly effective rebut to  \nneutral and highly commercial experiences; super-antidepressant too! \n \nI offer prompt on demand out calls \n( subject to availability and the usual booking confirmations )  \nfor 90mins session of massage..take me out tonight..+\n  show contact info \n ",
        "title": ".Healing Tantric MASSAGE by KRISTEL"
    },
    {
        "postid": "5938199039",
        "postingbody": " \n \n QR Code Link to This Post \n  \n \nWhether just only my signature \nboosting fine-tune oil body rub; \nimplemented by gentle touch  \nand pressures...or two stage  \nenhanced program, with integrated kneading \nof core muscle groups: you can \nbe sure of getting all the right ingredients... \nand then some, for that potential big  \nhealth impact! Promoting immensely deep relaxation. \n \nI am a asian lady and of pleasant  \ndisposition; a particularly well qualified,  \nfreelance masseuse: stunningly effective rebut to  \nneutral and highly commercial experiences; super-antidepressant too! \n \nI offer prompt on demand out calls \n( subject to availability and the usual booking confirmations )  \nfor 90mins session of massage..take me out tonight..+\n  show contact info \n ",
        "title": ".Healing Tantric MASSAGE by KRISTEL"
    },
    {
        "postid": "5935586498",
        "postingbody": " \n \n QR Code Link to This Post \n  \n \nWhether just only my signature \nboosting fine-tune oil body rub; \nimplemented by gentle touch  \nand pressures...or two stage  \nenhanced program, with integrated kneading \nof core muscle groups: you can \nbe sure of getting all the right ingredients... \nand then some, for that potential big  \nhealth impact! Promoting immensely deep relaxation. \n \nI am a asian lady and of pleasant  \ndisposition; a particularly well qualified,  \nfreelance masseuse: stunningly effective rebut to  \nneutral and highly commercial experiences; super-antidepressant too! \n \nI offer prompt on demand out calls \n( subject to availability and the usual booking confirmations )  \nfor 90mins session of massage..take me out tonight..+\n  show contact info \n ",
        "title": ".Healing Tantric MASSAGE by KRISTEL"
    },
    {
        "postid": "5925263812",
        "postingbody": " \n \n QR Code Link to This Post \n  \n \nHi I am wendy,26yrs old, . Independent massage girl. \nIm here to serve you.. What you see is what you get.sms me in chinese.9439 4341.     ",
        "title": "Looking for massages. Just chat with me, Singapore"
    },
    {
        "postid": "5921206865",
        "postingbody": " \n \n QR Code Link to This Post \n  \n \nNew in Town... \nTry the best experience with me... \nGood service with a High Girlfriend Experience you ever wanted... \nDon't hesitate contact me at 91607649-right away... \nSay NO to FAKES!     ",
        "title": "~~FAY~~&#10084;20YO&#10084;~~FAY~~"
    },
    {
        "postid": "5921206865",
        "postingbody": " \n \n QR Code Link to This Post \n  \n \nNew in Town... \nTry the best experience with me... \nGood service with a High Girlfriend Experience you ever wanted... \nDon't hesitate contact me at 91607649-right away... \nSay NO to FAKES!     ",
        "title": "~~FAY~~&#10084;20YO&#10084;~~FAY~~"
    },
    {
        "postid": "5957359070",
        "postingbody": " \n \n QR Code Link to This Post \n  \n \nSatisfaction Guaranteed! 24x7 \n \nAttractive female masseuses and therapists \n \nOffering a wide repertoire of Body Massages (from $50) \n \nWhen you come your grin will be oh so wide \n \nFor appointment, please call 6567-9328 \n \n https://www.facebook.com/orchidspa  \n \nBlk 344 Jurong East Street 31 \n#01-41 S(600344) \n2 storey shophouse, 5 mins from Chinese Garden MRT     ",
        "title": "Mindblowing massages just for you!"
    },
    {
        "postid": "5935584434",
        "postingbody": " \n \n QR Code Link to This Post \n  \n \nWhether just only my signature \nboosting fine-tune oil body rub; \nimplemented by gentle touch  \nand pressures...or two stage  \nenhanced program, with integrated kneading \nof core muscle groups: you can \nbe sure of getting all the right ingredients... \nand then some, for that potential big  \nhealth impact! Promoting immensely deep relaxation. \n \nI am a asian lady and of pleasant  \ndisposition; a particularly well qualified,  \nfreelance masseuse: stunningly effective rebut to  \nneutral and highly commercial experiences; super-antidepressant too! \n \nI offer prompt on demand out calls \n( subject to availability and the usual booking confirmations )  \nfor 90mins session of massage..take me out tonight..+\n  show contact info \n ",
        "title": ".Healing Tantric MASSAGE by KRISTEL"
    },
    {
        "postid": "5935584426",
        "postingbody": " \n \n QR Code Link to This Post \n  \n \nWhether just only my signature \nboosting fine-tune oil body rub; \nimplemented by gentle touch  \nand pressures...or two stage  \nenhanced program, with integrated kneading \nof core muscle groups: you can \nbe sure of getting all the right ingredients... \nand then some, for that potential big  \nhealth impact! Promoting immensely deep relaxation. \n \nI am a asian lady and of pleasant  \ndisposition; a particularly well qualified,  \nfreelance masseuse: stunningly effective rebut to  \nneutral and highly commercial experiences; super-antidepressant too! \n \nI offer prompt on demand out calls \n( subject to availability and the usual booking confirmations )  \nfor 90mins session of massage..take me out tonight..+\n  show contact info \n ",
        "title": ".Healing Tantric MASSAGE by KRISTEL"
    },
    {
        "postid": "5955622845",
        "postingbody": " \n \n QR Code Link to This Post \n  \n \nNew in Town... \nTry the best experience with me... \nGood service with a High Girlfriend Experience you ever wanted... \nDon't hesitate contact me at 91607649-right away... \nSay NO to FAKES!     ",
        "title": "~~FAY~~&#10084;20YO&#10084;~~FAY~~"
    },
    {
        "postid": "5958628142",
        "postingbody": " \n \n QR Code Link to This Post \n  \n \nHurray it's weekend ! \n \nAt last you can take some time out from your busy life. \n \nCome indulge in the touch and pampering of another guy. There are few greater pleasures than simply enjoying the touch of another man. \n \nAllow your sensations to come to life through my special massage technique for thorough contentment and bliss.  \n \nVisits to hotels and residences available too. \n \n84859133 Jason     ",
        "title": "Relaxing Weekend Massage Services For Guys By SG Boy"
    },
    {
        "postid": "5951676838",
        "postingbody": " \n \n QR Code Link to This Post \n  \n \nSatisfaction Guaranteed! 24x7 \n \nAttractive female masseuses and therapists \n \nOffering a wide repertoire of Body Massages (from $50) \n \nWhen you come your grin will be oh so wide \n \nFor appointment, please call 6567-9328 \n \n https://www.facebook.com/orchidspa  \n \nBlk 344 Jurong East Street 31 \n#01-41 S(600344) \n2 storey shophouse, 5 mins from Chinese Garden MRT     ",
        "title": "Want to know what is heaven?  Come come come"
    },
    {
        "postid": "5935583969",
        "postingbody": " \n \n QR Code Link to This Post \n  \n \nWhether just only my signature \nboosting fine-tune oil body rub; \nimplemented by gentle touch  \nand pressures...or two stage  \nenhanced program, with integrated kneading \nof core muscle groups: you can \nbe sure of getting all the right ingredients... \nand then some, for that potential big  \nhealth impact! Promoting immensely deep relaxation. \n \nI am a asian lady and of pleasant  \ndisposition; a particularly well qualified,  \nfreelance masseuse: stunningly effective rebut to  \nneutral and highly commercial experiences; super-antidepressant too! \n \nI offer prompt on demand out calls \n( subject to availability and the usual booking confirmations )  \nfor 90mins session of massage..take me out tonight..+\n  show contact info \n ",
        "title": ".Healing Tantric MASSAGE by KRISTEL"
    },
    {
        "postid": "5936973234",
        "postingbody": " \n \n QR Code Link to This Post \n  \n \nSatisfaction Guaranteed! 24x7 \n \nAttractive female masseuses and therapists \n \nOffering a wide repertoire of Body Massages (from $50) \n \nWhen you come your grin will be oh so wide \n \nFor appointment, please call 6567-9328 \n \n https://www.facebook.com/orchidspa  \n \nBlk 344 Jurong East Street 31 \n#01-41 S(600344) \n2 storey shophouse, 5 mins from Chinese Garden MRT     ",
        "title": "Moo moo"
    },
    {
        "postid": "5944973730",
        "postingbody": " \n \n QR Code Link to This Post \n  \n \nFor those seeking a high quality social impression. Ling is also a very popular weekend travel companion. Lightly tanned, well toned and absolutely delicious, ling will make your evening unforgettable.. \n \n \n \nPlayful ling is a lovely, enthusiastic, pampering cutie who loves to play and have fun. Flirtatious, seductive and passionate, she loves to experiment with her sensuality and explore your fantasies. She has a slim, athletic physique and curves in all the right places.     ",
        "title": "Sofia Sofia Sofia"
    },
    {
        "postid": "5957519319",
        "postingbody": " \n \n QR Code Link to This Post \n  \n \nProven natural method to cure ere-ctile dys-function &amp; Pre-mature Eja-culation \n \nPrema-ture eja-culation refers to ejaculating too early than is required for a satisfying se-xual experience. Introducing Fulvic Plus Last Longer that gifts you all natural sta-mina and enable you to hold on to your ere-ction for a longer time without side-effects. \n \n* Stay tuned for 36hrs in single Dose. \n \n*Increase Retention time to play \nlonger even already out/eja-culate. \n \n*Boosts se-xual stamina and s-ex \ndrive, longer time then ever. \n \n*No prescription needed \n \n* Stay energized even at the age \nof 70, and enjoy the fullest se-xual \nrelation with your partner. \n \nPrice: SGD 89/Bottle (Special \nDiscount on 3 and 6 Bottles) \n(30 capsule) \n \nPrice for Delay Sp-ray: SGD 34/Bottle \n \nSATISFACTION GUARANTEED \n \nFor Inquiry SMS/WhatsApp: \n+65 9085 0954 \n \nfulvicplus (.) com     ",
        "title": "extra energy extra performance"
    },
    {
        "postid": "5957519319",
        "postingbody": " \n \n QR Code Link to This Post \n  \n \nProven natural method to cure ere-ctile dys-function &amp; Pre-mature Eja-culation \n \nPrema-ture eja-culation refers to ejaculating too early than is required for a satisfying se-xual experience. Introducing Fulvic Plus Last Longer that gifts you all natural sta-mina and enable you to hold on to your ere-ction for a longer time without side-effects. \n \n* Stay tuned for 36hrs in single Dose. \n \n*Increase Retention time to play \nlonger even already out/eja-culate. \n \n*Boosts se-xual stamina and s-ex \ndrive, longer time then ever. \n \n*No prescription needed \n \n* Stay energized even at the age \nof 70, and enjoy the fullest se-xual \nrelation with your partner. \n \nPrice: SGD 89/Bottle (Special \nDiscount on 3 and 6 Bottles) \n(30 capsule) \n \nPrice for Delay Sp-ray: SGD 34/Bottle \n \nSATISFACTION GUARANTEED \n \nFor Inquiry SMS/WhatsApp: \n+65 9085 0954 \n \nfulvicplus (.) com     ",
        "title": "extra energy extra performance"
    },
    {
        "postid": "5947428651",
        "postingbody": " \n \n QR Code Link to This Post \n  \n \nNew in Town... \nTry the best experience with me... \nGood service with a High Girlfriend Experience you ever wanted... \nDon't hesitate contact me at 91607649-right away... \nSay NO to FAKES!     ",
        "title": "~~FAY~~&#10084;20YO&#10084;~~FAY~~"
    },
    {
        "postid": "5923971667",
        "postingbody": " \n \n QR Code Link to This Post \n  \n \nNew in Town... \nTry the best experience with me... \nGood service with a High Girlfriend Experience you ever wanted... \nDon't hesitate contact me at 91607649-right away... \nSay NO to FAKES!     ",
        "title": "~~FAY~~&#10084;20YO&#10084;~~FAY~~"
    },
    {
        "postid": "5951665980",
        "postingbody": " \n \n QR Code Link to This Post \n  \n \nSatisfaction Guaranteed! 24x7 \n \nAttractive female masseuses and therapists \n \nOffering a wide repertoire of Body Massages (from $50) \n \nWhen you come your grin will be oh so wide \n \nFor appointment, please call 6567-9328 \n \n https://www.facebook.com/orchidspa  \n \nBlk 344 Jurong East Street 31 \n#01-41 S(600344) \n2 storey shophouse, 5 mins from Chinese Garden MRT     ",
        "title": "I am Star come enjoy me"
    },
    {
        "postid": "5938197127",
        "postingbody": " \n \n QR Code Link to This Post \n  \n \nWhether just only my signature \nboosting fine-tune oil body rub; \nimplemented by gentle touch  \nand pressures...or two stage  \nenhanced program, with integrated kneading \nof core muscle groups: you can \nbe sure of getting all the right ingredients... \nand then some, for that potential big  \nhealth impact! Promoting immensely deep relaxation. \n \nI am a asian lady and of pleasant  \ndisposition; a particularly well qualified,  \nfreelance masseuse: stunningly effective rebut to  \nneutral and highly commercial experiences; super-antidepressant too! \n \nI offer prompt on demand out calls \n( subject to availability and the usual booking confirmations )  \nfor 90mins session of massage..take me out tonight..+\n  show contact info \n ",
        "title": ".Healing Tantric MASSAGE by KRISTEL"
    },
    {
        "postid": "5957728970",
        "postingbody": " \n \n QR Code Link to This Post \n  \n \nHi there,  \nNew AUDI 20yo part time model assure u only those that knows will knows how to see the real ads real pics knows am real. I'm a natural Real born lady with a nice body shape. \nCall/Sms/Whatspp me at now 90862734... \nFull Services except A.J and R.A.W! \n \nAudi     ",
        "title": "&#9989;&#9989;&#9989;NEW_AUDI_SUPERB&#9989;&#9989;&#9989;"
    },
    {
        "postid": "5920580257",
        "postingbody": " \n \n QR Code Link to This Post \n  \n \nHi there,  \nNew AUDI 20yo part time model assure u only those that knows will knows how to see the real ads real pics knows am real. I'm a natural Real born lady with a nice body shape. \nCall/Sms/Whatspp me at now 90862734... \nFull Services except A.J and R.A.W! \n \nAudi     ",
        "title": "&#9989;&#9989;&#9989;NEW_AUDI_SUPERB&#9989;&#9989;&#9989;"
    },
    {
        "postid": "5953201788",
        "postingbody": " \n \n QR Code Link to This Post \n  \n \nProven natural method to  cure ere-ctile dys-function &amp; Pre-mature Eja-culation \n \nPrema-ture eja-culation refers to ejaculating too early than is required for a satisfying se-xual experience. Introducing Fulvic Plus Last Longer that gifts you all natural sta-mina and enable you to hold on to your ere-ction for a longer time without side-effects. \n \n* Stay tuned for 36hrs in single Dose. \n \n*Increase Retention time to play \nlonger even already out/eja-culate. \n \n*Boosts se-xual stamina and s-ex \ndrive, longer time then ever. \n \n*No prescription needed \n \n* Stay energized even at the age \nof 70, and enjoy the fullest se-xual \nrelation with your partner. \n \nPrice: SGD 89/Bottle (Special \nDiscount on 3 and 6 Bottles) \n(30 capsule) \n \nPrice for Delay Sp-ray: SGD 34/Bottle \n \nSATISFACTION GUARANTEED \n \nFor Inquiry SMS/WhatsApp: \n+65 9085 0954 \n \nfulvicplus (.) com     ",
        "title": "extra energy extra performance"
    },
    {
        "postid": "5932362799",
        "postingbody": " \n \n QR Code Link to This Post \n  \n \nMERRY XMAS &amp; HAPPY H0LIDAYS!!! \n \nA nice massage awaits &amp; brought to you courtesy of lovely Local LB Trans in &amp; about some terrific and therapeutic non-rush manner come complete with grand twists &amp; specials:) \n \nBest N0W accommodating in the eaSt or maybe Central! \n \nPLEASE CALL ME N0W TO VERIFY - L0CAL MALAY TRANS T S VIA 9125-5977, MANY THANKS xoX0xo \n \nCheers!!!     ",
        "title": "Eastsider Mly TGTS SG:"
    },
    {
        "postid": "5930804942",
        "postingbody": " \n \n QR Code Link to This Post \n  \n \nWhether just only my signature \nboosting fine-tune oil body rub; \nimplemented by gentle touch  \nand pressures...or two stage  \nenhanced program, with integrated kneading \nof core muscle groups: you can \nbe sure of getting all the right ingredients... \nand then some, for that potential big  \nhealth impact! Promoting immensely deep relaxation. \n \nI am a asian lady and of pleasant  \ndisposition; a particularly well qualified,  \nfreelance masseuse: stunningly effective rebut to  \nneutral and highly commercial experiences; super-antidepressant too! \n \nI offer prompt on demand out calls \n( subject to availability and the usual booking confirmations )  \nfor 90mins session of massage..take me out tonight..+\n  show contact info \n ",
        "title": ".Healing Tantric MASSAGE by KRISTEL"
    },
    {
        "postid": "5935583960",
        "postingbody": " \n \n QR Code Link to This Post \n  \n \nWhether just only my signature \nboosting fine-tune oil body rub; \nimplemented by gentle touch  \nand pressures...or two stage  \nenhanced program, with integrated kneading \nof core muscle groups: you can \nbe sure of getting all the right ingredients... \nand then some, for that potential big  \nhealth impact! Promoting immensely deep relaxation. \n \nI am a asian lady and of pleasant  \ndisposition; a particularly well qualified,  \nfreelance masseuse: stunningly effective rebut to  \nneutral and highly commercial experiences; super-antidepressant too! \n \nI offer prompt on demand out calls \n( subject to availability and the usual booking confirmations )  \nfor 90mins session of massage..take me out tonight..+\n  show contact info \n ",
        "title": ".Healing Tantric MASSAGE by KRISTEL"
    },
    {
        "postid": "5929220633",
        "postingbody": " \n \n QR Code Link to This Post \n  \n \nWhether just only my signature \nboosting fine-tune oil body rub; \nimplemented by gentle touch  \nand pressures...or two stage  \nenhanced program, with integrated kneading \nof core muscle groups: you can \nbe sure of getting all the right ingredients... \nand then some, for that potential big  \nhealth impact! Promoting immensely deep relaxation. \n \nI am a asian lady and of pleasant  \ndisposition; a particularly well qualified,  \nfreelance masseuse: stunningly effective rebut to  \nneutral and highly commercial experiences; super-antidepressant too! \n \nI offer prompt on demand out calls \n( subject to availability and the usual booking confirmations )  \nfor 90mins session of massage..take me out tonight..+\n  show contact info \n ",
        "title": ".Healing Tantric MASSAGE by KRISTEL"
    },
    {
        "postid": "5950312407",
        "postingbody": " \n \n QR Code Link to This Post \n  \n \nWhether just only my signature \nboosting fine-tune oil body rub; \nimplemented by gentle touch  \nand pressures...or two stage  \nenhanced program, with integrated kneading \nof core muscle groups: you can \nbe sure of getting all the right ingredients... \nand then some, for that potential big  \nhealth impact! Promoting immensely deep relaxation. \n \nI am a asian lady and of pleasant  \ndisposition; a particularly well qualified,  \nfreelance masseuse: stunningly effective rebut to  \nneutral and highly commercial experiences; super-antidepressant too! \n \nI offer prompt on demand out calls \n( subject to availability and the usual booking confirmations )  \nfor 90mins session of massage..take me out tonight..+\n  show contact info \n ",
        "title": ".Healing Tantric MASSAGE by KRISTEL"
    },
    {
        "postid": "5958535175",
        "postingbody": " \n \n QR Code Link to This Post \n  \n \nProven natural method to cure ere-ctile dys-function &amp; Pre-mature Eja-culation \n \nPrema-ture eja-culation refers to ejaculating too early than is required for a satisfying se-xual experience. Introducing Fulvic Plus Last Longer that gifts you all natural sta-mina and enable you to hold on to your ere-ction for a longer time without side-effects. \n \n* Stay tuned for 36hrs in single Dose. \n \n*Increase Retention time to play \nlonger even already out/eja-culate. \n \n*Boosts se-xual stamina and s-ex \ndrive, longer time then ever. \n \n*No prescription needed \n \n* Stay energized even at the age \nof 70, and enjoy the fullest se-xual \nrelation with your partner. \n \nPrice: SGD 89/Bottle (Special \nDiscount on 3 and 6 Bottles) \n(30 capsule) \n \nPrice for Delay Sp-ray: SGD 34/Bottle \n \nSATISFACTION GUARANTEED \n \nFor Inquiry SMS/WhatsApp: \n+65 9085 0954 \n \nfulvicplus (.) com     ",
        "title": "extra energy extra performance"
    },
    {
        "postid": "5955623758",
        "postingbody": " \n \n QR Code Link to This Post \n  \n \nNew in Town... \nTry the best experience with me... \nGood service with a High Girlfriend Experience you ever wanted... \nDon't hesitate contact me at 91607649-right away... \nSay NO to FAKES!     ",
        "title": "~~FAY~~&#10084;20YO&#10084;~~FAY~~"
    },
    {
        "postid": "5940633251",
        "postingbody": " \n \n QR Code Link to This Post \n  \n \nMy name wen wen. I can be your lover for best time? I promise you will love me most. I want you too! \n \nI might be the prettiest small lady you have ever met. My skin is white and smooth. \n \nPlease choose me for best company, I make you quite happy, Promise \n \nI go hotel  only - Call me  in chinese  sms can too!! \n \nI am the girl in the pictures and I will be the girl you will meet.     ",
        "title": "I can be your lover for best time?"
    },
    {
        "postid": "5940633251",
        "postingbody": " \n \n QR Code Link to This Post \n  \n \nMy name wen wen. I can be your lover for best time? I promise you will love me most. I want you too! \n \nI might be the prettiest small lady you have ever met. My skin is white and smooth. \n \nPlease choose me for best company, I make you quite happy, Promise \n \nI go hotel  only - Call me  in chinese  sms can too!! \n \nI am the girl in the pictures and I will be the girl you will meet.     ",
        "title": "I can be your lover for best time?"
    },
    {
        "postid": "5957360020",
        "postingbody": " \n \n QR Code Link to This Post \n  \n \nSatisfaction Guaranteed! 24x7 \n \nAttractive female masseuses and therapists \n \nOffering a wide repertoire of Body Massages (from $50) \n \nWhen you come your grin will be oh so wide \n \nFor appointment, please call 6567-9328 \n \n https://www.facebook.com/orchidspa  \n \nBlk 344 Jurong East Street 31 \n#01-41 S(600344) \n2 storey shophouse, 5 mins from Chinese Garden MRT     ",
        "title": "Definitely make you come and come again"
    },
    {
        "postid": "5957464980",
        "postingbody": " \n \n QR Code Link to This Post \n  \n \nSatisfaction Guaranteed! 24x7 \n \nAttractive female masseuses and therapists \n \nOffering a wide repertoire of Body Massages (from $50) \n \nWhen you come your grin will be oh so wide \n \nFor appointment, please call 6567-9328 \n \n https://www.facebook.com/orchidspa  \n \nBlk 344 Jurong East Street 31 \n#01-41 S(600344) \n2 storey shophouse, 5 mins from Chinese Garden MRT     ",
        "title": "I service you like no tomorrow!"
    },
    {
        "postid": "5957464980",
        "postingbody": " \n \n QR Code Link to This Post \n  \n \nSatisfaction Guaranteed! 24x7 \n \nAttractive female masseuses and therapists \n \nOffering a wide repertoire of Body Massages (from $50) \n \nWhen you come your grin will be oh so wide \n \nFor appointment, please call 6567-9328 \n \n https://www.facebook.com/orchidspa  \n \nBlk 344 Jurong East Street 31 \n#01-41 S(600344) \n2 storey shophouse, 5 mins from Chinese Garden MRT     ",
        "title": "I service you like no tomorrow!"
    },
    {
        "postid": "5935586495",
        "postingbody": " \n \n QR Code Link to This Post \n  \n \nWhether just only my signature \nboosting fine-tune oil body rub; \nimplemented by gentle touch  \nand pressures...or two stage  \nenhanced program, with integrated kneading \nof core muscle groups: you can \nbe sure of getting all the right ingredients... \nand then some, for that potential big  \nhealth impact! Promoting immensely deep relaxation. \n \nI am a asian lady and of pleasant  \ndisposition; a particularly well qualified,  \nfreelance masseuse: stunningly effective rebut to  \nneutral and highly commercial experiences; super-antidepressant too! \n \nI offer prompt on demand out calls \n( subject to availability and the usual booking confirmations )  \nfor 90mins session of massage..take me out tonight..+\n  show contact info \n ",
        "title": ".Healing Tantric MASSAGE by KRISTEL"
    },
    {
        "postid": "5927839340",
        "postingbody": " \n \n QR Code Link to This Post \n  \n \nWhether just only my signature \nboosting fine-tune oil body rub; \nimplemented by gentle touch  \nand pressures...or two stage  \nenhanced program, with integrated kneading \nof core muscle groups: you can \nbe sure of getting all the right ingredients... \nand then some, for that potential big  \nhealth impact! Promoting immensely deep relaxation. \n \nI am a asian lady and of pleasant  \ndisposition; a particularly well qualified,  \nfreelance masseuse: stunningly effective rebut to  \nneutral and highly commercial experiences; super-antidepressant too! \n \nI offer prompt on demand out calls \n( subject to availability and the usual booking confirmations )  \nfor 90mins session of massage..take me out tonight..+\n  show contact info \n ",
        "title": ".Healing Tantric MASSAGE by KRISTEL"
    },
    {
        "postid": "5944961095",
        "postingbody": " \n \n QR Code Link to This Post \n  \n \nFor those seeking a high quality social impression. Ella is also a very popular weekend travel companion. Lightly tanned, well toned and absolutely delicious, ling will make your evening unforgettable.. \n \n \n \nPlayful Ella is a lovely, enthusiastic, pampering cutie who loves to play and have fun. Flirtatious, seductive and passionate, she loves to experiment with her sensuality and explore your fantasies. She has a slim, athletic physique and curves in all the right places.     ",
        "title": "Ella Ella Ella"
    },
    {
        "postid": "5924986213",
        "postingbody": " \n \n QR Code Link to This Post \n  \n \nSatisfaction Guaranteed! 24x7 \n \nAttractive female masseuses and therapists \n \nOffering a wide repertoire of Body Massages (from $50) \n \nWhen you come your grin will be oh so wide \n \nFor appointment, please call 6567-9328 \n \n https://www.facebook.com/orchidspa  \n \nBlk 344 Jurong East Street 31 \n#01-41 S(600344) \n2 storey shophouse, 5 mins from Chinese Garden MRT     ",
        "title": "I am Kelly baby come try my massage"
    },
    {
        "postid": "5949094112",
        "postingbody": " \n \n QR Code Link to This Post \n  \n \nNew in Town... \nTry the best experience with me... \nGood service with a High Girlfriend Experience you ever wanted... \nDon't hesitate contact me at 91607649-right away... \nSay NO to FAKES!     ",
        "title": "~~FAY~~&#10084;20YO&#10084;~~FAY~~"
    },
    {
        "postid": "5949094112",
        "postingbody": " \n \n QR Code Link to This Post \n  \n \nNew in Town... \nTry the best experience with me... \nGood service with a High Girlfriend Experience you ever wanted... \nDon't hesitate contact me at 91607649-right away... \nSay NO to FAKES!     ",
        "title": "~~FAY~~&#10084;20YO&#10084;~~FAY~~"
    },
    {
        "postid": "5935586493",
        "postingbody": " \n \n QR Code Link to This Post \n  \n \nWhether just only my signature \nboosting fine-tune oil body rub; \nimplemented by gentle touch  \nand pressures...or two stage  \nenhanced program, with integrated kneading \nof core muscle groups: you can \nbe sure of getting all the right ingredients... \nand then some, for that potential big  \nhealth impact! Promoting immensely deep relaxation. \n \nI am a asian lady and of pleasant  \ndisposition; a particularly well qualified,  \nfreelance masseuse: stunningly effective rebut to  \nneutral and highly commercial experiences; super-antidepressant too! \n \nI offer prompt on demand out calls \n( subject to availability and the usual booking confirmations )  \nfor 90mins session of massage..take me out tonight..+\n  show contact info \n ",
        "title": ".Healing Tantric MASSAGE by KRISTEL"
    },
    {
        "postid": "5938494621",
        "postingbody": " \n \n QR Code Link to This Post \n  \n \nWhen you come your grin will be oh so wide \n \nSatisfaction Guaranteed! 24x7 \n \nAttractive female masseuses and therapists \n \nOffering a wide repertoire of Body Massages (from $50) \n \nFor appointment, please call 6567-9328 \n \n https://www.facebook.com/orchidspa  \n \nBlk 344 Jurong East Street 31 \n#01-41 S(600344) \n2 storey shophouse, 5 mins from Chinese Garden MRT     ",
        "title": "Happy Happy Happy!"
    },
    {
        "postid": "5932378891",
        "postingbody": " \n \n QR Code Link to This Post \n  \n \nGood Night&#9825; \n \nVery nice trans in person - Fret Not! \n \nSensual and Therapeutic Bodywork aKa Massage awaits:) \n \nIt should come in a complete fuckage, upon request;) \n \nPLEASE GIMME A RING N0W ON 9834-9005 FOR L0CAL MALAY TRANS T S... ACCOMMODATING MOSTLY IN THE EAST 0R MAYBE CENTRAL!!! \n \nCheersss! \n(TS AUDY-LESLEY) \n&#9734;     ",
        "title": "DE L0CAL T-MASSAGE (TRAVESTI)"
    },
    {
        "postid": "5926497481",
        "postingbody": " \n \n QR Code Link to This Post \n  \n \nNew in Town... \nTry the best experience with me... \nGood service with a High Girlfriend Experience you ever wanted... \nDon't hesitate contact me at 91607649-right away... \nSay NO to FAKES!     ",
        "title": "~~FAY~~&#10084;20YO&#10084;~~FAY~~"
    },
    {
        "postid": "5947848465",
        "postingbody": " \n \n QR Code Link to This Post \n  \n \nJessa is slender, fashionable and alluring. She's sexy, playful, full of adventure and fun and marvelous. She has a great taste for dressing and knows how to dress for any occasion. She's classy, sophisticated and can be any man's barbie doll. Her hair is soft; eyes have a good look to them and a perfect figure to match with all the right to experience and gives you a super exciting fun time, which will be etched in your memory for ever. \ndo NOT contact me with unsolicited services or offers     ",
        "title": "Jessa"
    },
    {
        "postid": "5920576845",
        "postingbody": " \n \n QR Code Link to This Post \n  \n \nHi there,  \nNew AUDI 20yo part time model assure u only those that knows will knows how to see the real ads real pics knows am real. I'm a natural Real born lady with a nice body shape. \nCall/Sms/Whatspp me at now 90862734... \nFull Services except A.J and R.A.W! \n \nAudi     ",
        "title": "&#9989;&#9989;&#9989;NEW_AUDI_SUPERB&#9989;&#9989;&#9989;"
    },
    {
        "postid": "5951667296",
        "postingbody": " \n \n QR Code Link to This Post \n  \n \nSatisfaction Guaranteed! 24x7 \n \nAttractive female masseuses and therapists \n \nOffering a wide repertoire of Body Massages (from $50) \n \nWhen you come your grin will be oh so wide \n \nFor appointment, please call 6567-9328 \n \n https://www.facebook.com/orchidspa  \n \nBlk 344 Jurong East Street 31 \n#01-41 S(600344) \n2 storey shophouse, 5 mins from Chinese Garden MRT     ",
        "title": "I am Linda come enjoy me"
    },
    {
        "postid": "5930804926",
        "postingbody": " \n \n QR Code Link to This Post \n  \n \nWhether just only my signature \nboosting fine-tune oil body rub; \nimplemented by gentle touch  \nand pressures...or two stage  \nenhanced program, with integrated kneading \nof core muscle groups: you can \nbe sure of getting all the right ingredients... \nand then some, for that potential big  \nhealth impact! Promoting immensely deep relaxation. \n \nI am a asian lady and of pleasant  \ndisposition; a particularly well qualified,  \nfreelance masseuse: stunningly effective rebut to  \nneutral and highly commercial experiences; super-antidepressant too! \n \nI offer prompt on demand out calls \n( subject to availability and the usual booking confirmations )  \nfor 90mins session of massage..take me out tonight..+\n  show contact info \n ",
        "title": ".Healing Tantric MASSAGE by KRISTEL"
    },
    {
        "postid": "5938202680",
        "postingbody": " \n \n QR Code Link to This Post \n  \n \nWhether just only my signature \nboosting fine-tune oil body rub; \nimplemented by gentle touch  \nand pressures...or two stage  \nenhanced program, with integrated kneading \nof core muscle groups: you can \nbe sure of getting all the right ingredients... \nand then some, for that potential big  \nhealth impact! Promoting immensely deep relaxation. \n \nI am a asian lady and of pleasant  \ndisposition; a particularly well qualified,  \nfreelance masseuse: stunningly effective rebut to  \nneutral and highly commercial experiences; super-antidepressant too! \n \nI offer prompt on demand out calls \n( subject to availability and the usual booking confirmations )  \nfor 90mins session of massage..take me out tonight..+\n  show contact info \n ",
        "title": ".Healing Tantric MASSAGE by KRISTEL"
    },
    {
        "postid": "5951673832",
        "postingbody": " \n \n QR Code Link to This Post \n  \n \nSatisfaction Guaranteed! 24x7 \n \nAttractive female masseuses and therapists \n \nOffering a wide repertoire of Body Massages (from $50) \n \nWhen you come your grin will be oh so wide \n \nFor appointment, please call 6567-9328 \n \n https://www.facebook.com/orchidspa  \n \nBlk 344 Jurong East Street 31 \n#01-41 S(600344) \n2 storey shophouse, 5 mins from Chinese Garden MRT     ",
        "title": "Fug Fug Fug"
    },
    {
        "postid": "5930384611",
        "postingbody": " \n \n QR Code Link to This Post \n  \n \nWhether just only my signature \nboosting fine-tune oil body rub; \nimplemented by gentle touch  \nand pressures...or two stage  \nenhanced program, with integrated kneading \nof core muscle groups: you can \nbe sure of getting all the right ingredients... \nand then some, for that potential big  \nhealth impact! Promoting immensely deep relaxation. \n \nI am a asian lady and of pleasant  \ndisposition; a particularly well qualified,  \nfreelance masseuse: stunningly effective rebut to  \nneutral and highly commercial experiences; super-antidepressant too! \n \nI offer prompt on demand out calls \n( subject to availability and the usual booking confirmations )  \nfor 90mins session of massage..take me out tonight..+\n  show contact info \n ",
        "title": ".Healing Tantric MASSAGE by KRISTEL"
    },
    {
        "postid": "5923971834",
        "postingbody": " \n \n QR Code Link to This Post \n  \n \nNew in Town... \nTry the best experience with me... \nGood service with a High Girlfriend Experience you ever wanted... \nDon't hesitate contact me at 91607649-right away... \nSay NO to FAKES!     ",
        "title": "~~FAY~~&#10084;20YO&#10084;~~FAY~~"
    },
    {
        "postid": "5940632461",
        "postingbody": " \n \n QR Code Link to This Post \n  \n \nHi everyone, I'm rara Young and pretty girl for your stress. \nIndependent massage girl. \nIm here to serve you.. What you see is what you get.. \nCall me or sms me in chinese 8433 6487.see soon     ",
        "title": "Independent massage girl."
    },
    {
        "postid": "5938199031",
        "postingbody": " \n \n QR Code Link to This Post \n  \n \nWhether just only my signature \nboosting fine-tune oil body rub; \nimplemented by gentle touch  \nand pressures...or two stage  \nenhanced program, with integrated kneading \nof core muscle groups: you can \nbe sure of getting all the right ingredients... \nand then some, for that potential big  \nhealth impact! Promoting immensely deep relaxation. \n \nI am a asian lady and of pleasant  \ndisposition; a particularly well qualified,  \nfreelance masseuse: stunningly effective rebut to  \nneutral and highly commercial experiences; super-antidepressant too! \n \nI offer prompt on demand out calls \n( subject to availability and the usual booking confirmations )  \nfor 90mins session of massage..take me out tonight..+\n  show contact info \n ",
        "title": ".Healing Tantric MASSAGE by KRISTEL"
    },
    {
        "postid": "5930384609",
        "postingbody": " \n \n QR Code Link to This Post \n  \n \nWhether just only my signature \nboosting fine-tune oil body rub; \nimplemented by gentle touch  \nand pressures...or two stage  \nenhanced program, with integrated kneading \nof core muscle groups: you can \nbe sure of getting all the right ingredients... \nand then some, for that potential big  \nhealth impact! Promoting immensely deep relaxation. \n \nI am a asian lady and of pleasant  \ndisposition; a particularly well qualified,  \nfreelance masseuse: stunningly effective rebut to  \nneutral and highly commercial experiences; super-antidepressant too! \n \nI offer prompt on demand out calls \n( subject to availability and the usual booking confirmations )  \nfor 90mins session of massage..take me out tonight..+\n  show contact info \n ",
        "title": ".Healing Tantric MASSAGE by KRISTEL"
    },
    {
        "postid": "5958607625",
        "postingbody": " \n \n QR Code Link to This Post \n  \n \nHi,im sarah mature, independent,very good service,good massage. \nPls sms me 84979432 sarah     ",
        "title": "Breast massage sarah independent"
    },
    {
        "postid": "5957366675",
        "postingbody": " \n \n QR Code Link to This Post \n  \n \nSatisfaction Guaranteed! 24x7 \n \nAttractive female masseuses and therapists \n \nOffering a wide repertoire of Body Massages (from $50) \n \nWhen you come your grin will be oh so wide \n \nFor appointment, please call 6567-9328 \n \n https://www.facebook.com/orchidspa  \n \nBlk 344 Jurong East Street 31 \n#01-41 S(600344) \n2 storey shophouse, 5 mins from Chinese Garden MRT     ",
        "title": "I am Linda come enjoy me"
    },
    {
        "postid": "5938197130",
        "postingbody": " \n \n QR Code Link to This Post \n  \n \nWhether just only my signature \nboosting fine-tune oil body rub; \nimplemented by gentle touch  \nand pressures...or two stage  \nenhanced program, with integrated kneading \nof core muscle groups: you can \nbe sure of getting all the right ingredients... \nand then some, for that potential big  \nhealth impact! Promoting immensely deep relaxation. \n \nI am a asian lady and of pleasant  \ndisposition; a particularly well qualified,  \nfreelance masseuse: stunningly effective rebut to  \nneutral and highly commercial experiences; super-antidepressant too! \n \nI offer prompt on demand out calls \n( subject to availability and the usual booking confirmations )  \nfor 90mins session of massage..take me out tonight..+\n  show contact info \n ",
        "title": ".Healing Tantric MASSAGE by KRISTEL"
    },
    {
        "postid": "5921208454",
        "postingbody": " \n \n QR Code Link to This Post \n  \n \nNew in Town... \nTry the best experience with me... \nGood service with a High Girlfriend Experience you ever wanted... \nDon't hesitate contact me at 91607649-right away... \nSay NO to FAKES!     ",
        "title": "~~FAY~~&#10084;20YO&#10084;~~FAY~~"
    },
    {
        "postid": "5921208454",
        "postingbody": " \n \n QR Code Link to This Post \n  \n \nNew in Town... \nTry the best experience with me... \nGood service with a High Girlfriend Experience you ever wanted... \nDon't hesitate contact me at 91607649-right away... \nSay NO to FAKES!     ",
        "title": "~~FAY~~&#10084;20YO&#10084;~~FAY~~"
    },
    {
        "postid": "5930384615",
        "postingbody": " \n \n QR Code Link to This Post \n  \n \nWhether just only my signature \nboosting fine-tune oil body rub; \nimplemented by gentle touch  \nand pressures...or two stage  \nenhanced program, with integrated kneading \nof core muscle groups: you can \nbe sure of getting all the right ingredients... \nand then some, for that potential big  \nhealth impact! Promoting immensely deep relaxation. \n \nI am a asian lady and of pleasant  \ndisposition; a particularly well qualified,  \nfreelance masseuse: stunningly effective rebut to  \nneutral and highly commercial experiences; super-antidepressant too! \n \nI offer prompt on demand out calls \n( subject to availability and the usual booking confirmations )  \nfor 90mins session of massage..take me out tonight..+\n  show contact info \n ",
        "title": ".Healing Tantric MASSAGE by KRISTEL"
    },
    {
        "postid": "5924239981",
        "postingbody": " \n \n QR Code Link to This Post \n  \n \nHi there,  \nNew AUDI 20yo part time model assure u only those that knows will knows how to see the real ads real pics knows am real. I'm a natural Real born lady with a nice body shape. \nCall/Sms/Whatspp me at now 90862734... \nFull Services except A.J and R.A.W! \n \nAudi     ",
        "title": "&#9989;&#9989;&#9989;NEW_AUDI_SUPERB&#9989;&#9989;&#9989;"
    },
    {
        "postid": "5929289026",
        "postingbody": " \n \n QR Code Link to This Post \n  \n \nSatisfaction Guaranteed! 24x7 \n \nAttractive female masseuses and therapists \n \nOffering a wide repertoire of Body Massages (from $50) \n \nWhen you come your grin will be oh so wide \n \nFor appointment, please call 6567-9328 \n \n ",
        "title": "We aim to please! 24x7"
    },
    {
        "postid": "5928203669",
        "postingbody": " \n \n QR Code Link to This Post \n  \n \nWhether just only my signature \nboosting fine-tune oil body rub; \nimplemented by gentle touch  \nand pressures...or two stage  \nenhanced program, with integrated kneading \nof core muscle groups: you can \nbe sure of getting all the right ingredients... \nand then some, for that potential big  \nhealth impact! Promoting immensely deep relaxation. \n \nI am a asian lady and of pleasant  \ndisposition; a particularly well qualified,  \nfreelance masseuse: stunningly effective rebut to  \nneutral and highly commercial experiences; super-antidepressant too! \n \nI offer prompt on demand out calls \n( subject to availability and the usual booking confirmations )  \nfor 90mins session of massage..take me out tonight..+\n  show contact info \n ",
        "title": ".Healing Tantric MASSAGE by KRISTEL"
    },
    {
        "postid": "5957465854",
        "postingbody": " \n \n QR Code Link to This Post \n  \n \nSatisfaction Guaranteed! 24x7 \n \nAttractive female masseuses and therapists \n \nOffering a wide repertoire of Body Massages (from $50) \n \nWhen you come your grin will be oh so wide \n \nFor appointment, please call 6567-9328 \n \n https://www.facebook.com/orchidspa  \n \nBlk 344 Jurong East Street 31 \n#01-41 S(600344) \n2 storey shophouse, 5 mins from Chinese Garden MRT     ",
        "title": "My cheeky bun buns"
    },
    {
        "postid": "5921207333",
        "postingbody": " \n \n QR Code Link to This Post \n  \n \nNew in Town... \nTry the best experience with me... \nGood service with a High Girlfriend Experience you ever wanted... \nDon't hesitate contact me at 91607649-right away... \nSay NO to FAKES!     ",
        "title": "~~FAY~~&#10084;20YO&#10084;~~FAY~~"
    },
    {
        "postid": "5927839343",
        "postingbody": " \n \n QR Code Link to This Post \n  \n \nWhether just only my signature \nboosting fine-tune oil body rub; \nimplemented by gentle touch  \nand pressures...or two stage  \nenhanced program, with integrated kneading \nof core muscle groups: you can \nbe sure of getting all the right ingredients... \nand then some, for that potential big  \nhealth impact! Promoting immensely deep relaxation. \n \nI am a asian lady and of pleasant  \ndisposition; a particularly well qualified,  \nfreelance masseuse: stunningly effective rebut to  \nneutral and highly commercial experiences; super-antidepressant too! \n \nI offer prompt on demand out calls \n( subject to availability and the usual booking confirmations )  \nfor 90mins session of massage..take me out tonight..+\n  show contact info \n ",
        "title": ".Healing Tantric MASSAGE by KRISTEL"
    },
    {
        "postid": "5938202688",
        "postingbody": " \n \n QR Code Link to This Post \n  \n \nWhether just only my signature \nboosting fine-tune oil body rub; \nimplemented by gentle touch  \nand pressures...or two stage  \nenhanced program, with integrated kneading \nof core muscle groups: you can \nbe sure of getting all the right ingredients... \nand then some, for that potential big  \nhealth impact! Promoting immensely deep relaxation. \n \nI am a asian lady and of pleasant  \ndisposition; a particularly well qualified,  \nfreelance masseuse: stunningly effective rebut to  \nneutral and highly commercial experiences; super-antidepressant too! \n \nI offer prompt on demand out calls \n( subject to availability and the usual booking confirmations )  \nfor 90mins session of massage..take me out tonight..+\n  show contact info \n ",
        "title": ".Healing Tantric MASSAGE by KRISTEL"
    },
    {
        "postid": "5955624963",
        "postingbody": " \n \n QR Code Link to This Post \n  \n \nNew in Town... \nTry the best experience with me... \nGood service with a High Girlfriend Experience you ever wanted... \nDon't hesitate contact me at 91607649-right away... \nSay NO to FAKES!     ",
        "title": "~~FAY~~&#10084;20YO&#10084;~~FAY~~"
    },
    {
        "postid": "5935586490",
        "postingbody": " \n \n QR Code Link to This Post \n  \n \nWhether just only my signature \nboosting fine-tune oil body rub; \nimplemented by gentle touch  \nand pressures...or two stage  \nenhanced program, with integrated kneading \nof core muscle groups: you can \nbe sure of getting all the right ingredients... \nand then some, for that potential big  \nhealth impact! Promoting immensely deep relaxation. \n \nI am a asian lady and of pleasant  \ndisposition; a particularly well qualified,  \nfreelance masseuse: stunningly effective rebut to  \nneutral and highly commercial experiences; super-antidepressant too! \n \nI offer prompt on demand out calls \n( subject to availability and the usual booking confirmations )  \nfor 90mins session of massage..take me out tonight..+\n  show contact info \n ",
        "title": ".Healing Tantric MASSAGE by KRISTEL"
    },
    {
        "postid": "5935586490",
        "postingbody": " \n \n QR Code Link to This Post \n  \n \nWhether just only my signature \nboosting fine-tune oil body rub; \nimplemented by gentle touch  \nand pressures...or two stage  \nenhanced program, with integrated kneading \nof core muscle groups: you can \nbe sure of getting all the right ingredients... \nand then some, for that potential big  \nhealth impact! Promoting immensely deep relaxation. \n \nI am a asian lady and of pleasant  \ndisposition; a particularly well qualified,  \nfreelance masseuse: stunningly effective rebut to  \nneutral and highly commercial experiences; super-antidepressant too! \n \nI offer prompt on demand out calls \n( subject to availability and the usual booking confirmations )  \nfor 90mins session of massage..take me out tonight..+\n  show contact info \n ",
        "title": ".Healing Tantric MASSAGE by KRISTEL"
    },
    {
        "postid": "5949101797",
        "postingbody": " \n \n QR Code Link to This Post \n  \n \nNew in Town... \nTry the best experience with me... \nGood service with a High Girlfriend Experience you ever wanted... \nDon't hesitate contact me at 91607649-right away... \nSay NO to FAKES!     ",
        "title": "~~FAY~~&#10084;20YO&#10084;~~FAY~~"
    },
    {
        "postid": "5957365949",
        "postingbody": " \n \n QR Code Link to This Post \n  \n \nSatisfaction Guaranteed! 24x7 \n \nAttractive female masseuses and therapists \n \nOffering a wide repertoire of Body Massages (from $50) \n \nWhen you come your grin will be oh so wide \n \nFor appointment, please call 6567-9328 \n \n https://www.facebook.com/orchidspa  \n \nBlk 344 Jurong East Street 31 \n#01-41 S(600344) \n2 storey shophouse, 5 mins from Chinese Garden MRT     ",
        "title": "We service you like no tomorrow!"
    },
    {
        "postid": "5957365949",
        "postingbody": " \n \n QR Code Link to This Post \n  \n \nSatisfaction Guaranteed! 24x7 \n \nAttractive female masseuses and therapists \n \nOffering a wide repertoire of Body Massages (from $50) \n \nWhen you come your grin will be oh so wide \n \nFor appointment, please call 6567-9328 \n \n https://www.facebook.com/orchidspa  \n \nBlk 344 Jurong East Street 31 \n#01-41 S(600344) \n2 storey shophouse, 5 mins from Chinese Garden MRT     ",
        "title": "We service you like no tomorrow!"
    },
    {
        "postid": "5935521635",
        "postingbody": " \n \n QR Code Link to This Post \n  \n \nShe has limited her modeling work and is now concentrating on the new challenge of her acting career. Faith fun, easy going and deeply passionate nature makes her an ideal conpanion and entertainer. Her sleek image and gorgeous willowy curves combine with her striking eyes to make an irresistible package. Always immaculately presented, \n \nFaith curiosity for new cultures makes her an enchanting and memorable companion. Well suited as a travel companion and weekend friend, enjoy this very sexy goddess's company before she moves on.     ",
        "title": "Faith"
    },
    {
        "postid": "5921469027",
        "postingbody": " \n \n QR Code Link to This Post \n  \n \nWhether just only my signature \nboosting fine-tune oil body rub; \nimplemented by gentle touch  \nand pressures...or two stage  \nenhanced program, with integrated kneading \nof core muscle groups: you can \nbe sure of getting all the right ingredients... \nand then some, for that potential big  \nhealth impact! Promoting immensely deep relaxation. \n \nI am a asian lady and of pleasant  \ndisposition; a particularly well qualified,  \nfreelance masseuse: stunningly effective rebut to  \nneutral and highly commercial experiences; super-antidepressant too! \n \nI offer prompt on demand out calls \n( subject to availability and the usual booking confirmations )  \nfor 90mins session of massage..take me out tonight..+\n  show contact info \n ",
        "title": ".Healing Tantric MASSAGE by KRISTEL"
    },
    {
        "postid": "5938202702",
        "postingbody": " \n \n QR Code Link to This Post \n  \n \nWhether just only my signature \nboosting fine-tune oil body rub; \nimplemented by gentle touch  \nand pressures...or two stage  \nenhanced program, with integrated kneading \nof core muscle groups: you can \nbe sure of getting all the right ingredients... \nand then some, for that potential big  \nhealth impact! Promoting immensely deep relaxation. \n \nI am a asian lady and of pleasant  \ndisposition; a particularly well qualified,  \nfreelance masseuse: stunningly effective rebut to  \nneutral and highly commercial experiences; super-antidepressant too! \n \nI offer prompt on demand out calls \n( subject to availability and the usual booking confirmations )  \nfor 90mins session of massage..take me out tonight..+\n  show contact info \n ",
        "title": ".Healing Tantric MASSAGE by KRISTEL"
    },
    {
        "postid": "5957729768",
        "postingbody": " \n \n QR Code Link to This Post \n  \n \nHi there,  \nNew AUDI 20yo part time model assure u only those that knows will knows how to see the real ads real pics knows am real. I'm a natural Real born lady with a nice body shape. \nCall/Sms/Whatspp me at now 90862734... \nFull Services except A.J and R.A.W! \n \nAudi     ",
        "title": "&#9989;&#9989;&#9989;NEW_AUDI_SUPERB&#9989;&#9989;&#9989;"
    },
    {
        "postid": "5957470355",
        "postingbody": " \n \n QR Code Link to This Post \n  \n \nSatisfaction Guaranteed! 24x7 \n \nAttractive female masseuses and therapists \n \nOffering a wide repertoire of Body Massages (from $50) \n \nWhen you come your grin will be oh so wide \n \nFor appointment, please call 6567-9328 \n \n https://www.facebook.com/orchidspa  \n \nBlk 344 Jurong East Street 31 \n#01-41 S(600344) \n2 storey shophouse, 5 mins from Chinese Garden MRT     ",
        "title": "Obliging masseuses to do your bidding!"
    },
    {
        "postid": "5947431792",
        "postingbody": " \n \n QR Code Link to This Post \n  \n \nNew in Town... \nTry the best experience with me... \nGood service with a High Girlfriend Experience you ever wanted... \nDon't hesitate contact me at 91607649-right away... \nSay NO to FAKES!     ",
        "title": "~~FAY~~&#10084;20YO&#10084;~~FAY~~"
    },
    {
        "postid": "5950312412",
        "postingbody": " \n \n QR Code Link to This Post \n  \n \nWhether just only my signature \nboosting fine-tune oil body rub; \nimplemented by gentle touch  \nand pressures...or two stage  \nenhanced program, with integrated kneading \nof core muscle groups: you can \nbe sure of getting all the right ingredients... \nand then some, for that potential big  \nhealth impact! Promoting immensely deep relaxation. \n \nI am a asian lady and of pleasant  \ndisposition; a particularly well qualified,  \nfreelance masseuse: stunningly effective rebut to  \nneutral and highly commercial experiences; super-antidepressant too! \n \nI offer prompt on demand out calls \n( subject to availability and the usual booking confirmations )  \nfor 90mins session of massage..take me out tonight..+\n  show contact info \n ",
        "title": ".Healing Tantric MASSAGE by KRISTEL"
    },
    {
        "postid": "5938199051",
        "postingbody": " \n \n QR Code Link to This Post \n  \n \nWhether just only my signature \nboosting fine-tune oil body rub; \nimplemented by gentle touch  \nand pressures...or two stage  \nenhanced program, with integrated kneading \nof core muscle groups: you can \nbe sure of getting all the right ingredients... \nand then some, for that potential big  \nhealth impact! Promoting immensely deep relaxation. \n \nI am a asian lady and of pleasant  \ndisposition; a particularly well qualified,  \nfreelance masseuse: stunningly effective rebut to  \nneutral and highly commercial experiences; super-antidepressant too! \n \nI offer prompt on demand out calls \n( subject to availability and the usual booking confirmations )  \nfor 90mins session of massage..take me out tonight..+\n  show contact info \n ",
        "title": ".Healing Tantric MASSAGE by KRISTEL"
    },
    {
        "postid": "5938199051",
        "postingbody": " \n \n QR Code Link to This Post \n  \n \nWhether just only my signature \nboosting fine-tune oil body rub; \nimplemented by gentle touch  \nand pressures...or two stage  \nenhanced program, with integrated kneading \nof core muscle groups: you can \nbe sure of getting all the right ingredients... \nand then some, for that potential big  \nhealth impact! Promoting immensely deep relaxation. \n \nI am a asian lady and of pleasant  \ndisposition; a particularly well qualified,  \nfreelance masseuse: stunningly effective rebut to  \nneutral and highly commercial experiences; super-antidepressant too! \n \nI offer prompt on demand out calls \n( subject to availability and the usual booking confirmations )  \nfor 90mins session of massage..take me out tonight..+\n  show contact info \n ",
        "title": ".Healing Tantric MASSAGE by KRISTEL"
    },
    {
        "postid": "5957728112",
        "postingbody": " \n \n QR Code Link to This Post \n  \n \nHi there,  \nNew AUDI 20yo part time model assure u only those that knows will knows how to see the real ads real pics knows am real. I'm a natural Real born lady with a nice body shape. \nCall/Sms/Whatspp me at now 90862734... \nFull Services except A.J and R.A.W! \n \nAudi     ",
        "title": "&#9989;&#9989;&#9989;NEW_AUDI_SUPERB&#9989;&#9989;&#9989;"
    },
    {
        "postid": "5949198755",
        "postingbody": " \n \n QR Code Link to This Post \n  \n \nCheska is slender, fashionable and alluring. She's sexy, playful, full of adventure and fun and marvelous. She has a great taste for dressing and knows how to dress for any occasion. She's classy, sophisticated and can be any man's barbie doll. Her hair is soft; eyes have a good look to them and a perfect figure to match with all the right to experience and gives you a super exciting fun time, which will be etched in your memory for ever.     ",
        "title": "Cheska xxxxx"
    },
    {
        "postid": "5957361551",
        "postingbody": " \n \n QR Code Link to This Post \n  \n \nSatisfaction Guaranteed! 24x7 \n \nAttractive female masseuses and therapists \n \nOffering a wide repertoire of Body Massages (from $50) \n \nWhen you come your grin will be oh so wide \n \nFor appointment, please call 6567-9328 \n \n https://www.facebook.com/orchidspa  \n \nBlk 344 Jurong East Street 31 \n#01-41 S(600344) \n2 storey shophouse, 5 mins from Chinese Garden MRT     ",
        "title": "Satisfaction guaranteed!"
    },
    {
        "postid": "5957463936",
        "postingbody": " \n \n QR Code Link to This Post \n  \n \nSatisfaction Guaranteed! 24x7 \n \nAttractive female masseuses and therapists \n \nOffering a wide repertoire of Body Massages (from $50) \n \nWhen you come your grin will be oh so wide \n \nFor appointment, please call 6567-9328 \n \n https://www.facebook.com/orchidspa  \n \nBlk 344 Jurong East Street 31 \n#01-41 S(600344) \n2 storey shophouse, 5 mins from Chinese Garden MRT     ",
        "title": "I am your honey bunny"
    },
    {
        "postid": "5951663876",
        "postingbody": " \n \n QR Code Link to This Post \n  \n \nSatisfaction Guaranteed! 24x7 \n \nAttractive female masseuses and therapists \n \nOffering a wide repertoire of Body Massages (from $50) \n \nWhen you come your grin will be oh so wide \n \nFor appointment, please call 6567-9328 \n \n https://www.facebook.com/orchidspa  \n \nBlk 344 Jurong East Street 31 \n#01-41 S(600344) \n2 storey shophouse, 5 mins from Chinese Garden MRT     ",
        "title": "I am Kelly come enjoy my tok kong massage!"
    },
    {
        "postid": "5957469019",
        "postingbody": " \n \n QR Code Link to This Post \n  \n \nSatisfaction Guaranteed! 24x7 \n \nAttractive female masseuses and therapists \n \nOffering a wide repertoire of Body Massages (from $50) \n \nWhen you come your grin will be oh so wide \n \nFor appointment, please call 6567-9328 \n \n ",
        "title": "Definitely make you come and come again"
    },
    {
        "postid": "5957469019",
        "postingbody": " \n \n QR Code Link to This Post \n  \n \nSatisfaction Guaranteed! 24x7 \n \nAttractive female masseuses and therapists \n \nOffering a wide repertoire of Body Massages (from $50) \n \nWhen you come your grin will be oh so wide \n \nFor appointment, please call 6567-9328 \n \n ",
        "title": "Definitely make you come and come again"
    }
]