[
    {
        "postid": "5944476588",
        "postingbody": " \n \n QR Code Link to This Post \n  \n \nWe are a logistics company providing freelance courier service \n \n- $7 per trip \n \n \n \nNO MINIMUM REQUIREMENTS, except \n \n- Have your own vehicle: Car, lorry, motorbike \n \nPERKS: \n \nIncentives given when minimum number of trips completed in a day \nPeak deliveries to your own convenience on first come first serve basis \nEarn as much as $40/h \nINTERESTED PARTIES PLEASE REGISTER HERE:  \n \n http://primedelivery.com.sg/driver-sign-up/ \n \nENQUIRIES:  \n \nWhatsapp David at 93874394 \n \n ",
        "title": "FREELANCE DRIVER NEEDED"
    },
    {
        "postid": "5898562448",
        "postingbody": " \n \n QR Code Link to This Post \n  \n \nwe are looking for a part/perm part/emergent* driver cum delivery. \nYou will be involved in chinese funerals which includes setting up of praying altars and \nbuffet only(Sometimes both sometimes one item). Those who arent superstitious can apply. \nSuitable for uber/grab or someone whos looking for a side income. The driver may be inform \ndays(1or2) in advance or on the day itself(emergence) and the lunch and dinner is provided. \nSalary is paid by hourly with cpf. The delivery is moderately weight , sometimes buffet only or both. \nyou can enquire or whasapp at 961***( mr chew) 845***(allan) by the way the company is situated in geylang.     ",
        "title": "part/perm part/emergent* driver cum delivery"
    },
    {
        "postid": "5931469696",
        "postingbody": " \n \n QR Code Link to This Post \n  \n \nWarehouse Assistants required in World's Largest Logistics Company \n \n Industry \n\u2022 Transportation / Logistics (More than 5000 Employees) \n \nJob Type \n\u2022 Full Time \n \nWorking Hours \n\u2022 5 Days work week (Uniform Provided) \n \nLocation \n\u2022 Greenwich Drive (Near Hougang) or ALPS (Near Changi) \n \nInformation \n\u2022 Salary: Basic ($1,500 - $1,700 based on experience) + high OT pay \n\u2022 Benefits: Attractive Bonus, Sports (E.g. Gym), Canteen, Medical, Health &amp; Wellness Activities \n \nResponsibilities \n\u2022 Picking and packing orders for outbound deliveries \n\u2022 Receiving and checking inbound shipments \n\u2022 Maintaining warehouse records \n\u2022 Performing other ad-hoc duties as required \n \n Requirements \n\u2022 Positive attitude \n\u2022 Willing to work OT \n\u2022 Singaporean only \n \nInterested candidates please email to \n  show contact info \n or SMS to 98398509 with the following information: \n \n Name: \n Residential Area: \n Available date: \n Applied for: Warehouse assistant  \n \nEA Personnel Name: Ng Chia Ley \nEA Personnel Reg. No: 1660988 \nEA License No.16C8435 \n \n ",
        "title": "Warehouse Assistants required in World's Largest Logistics Company ope"
    },
    {
        "postid": "5957232739",
        "postingbody": " \n \n QR Code Link to This Post \n  \n \nA multinational company in Supply Chain Industry is looking for Logistics and warehouse assistants: \n \nJob Responsibilities: \n \n- Picking, Packing and issuing \n- Preservation and Packing \n- Stocktaking activities \n- Housekeeping of warehouse \n \nJob Requirement: \n \n- Minimum Secondary education with at least 1 year working experience \n- PC literate \n- Working Location: Boon Lay \n- Working Schedule: M-F 8:00 am to 5:30 pm (5 Days Work Week) \n- Singaporeans only \n \n \nInterested candidates, please send us your detailed resume in MS word format, attached with your recent photograph, stating your current/last drawn &amp; expected salary to \n  show contact info \n or call 6225 3373 (Reg No. R1658303, EA Lic. No.: 02C2819)     ",
        "title": "Warehouse Assistants - Boon Lay"
    },
    {
        "postid": "5901697191",
        "postingbody": " \n \n QR Code Link to This Post \n  \n \nTrusted moving services is expanding \nLooking for \n-Experience DRIVER \nFulltime/$2000-$2400( Hardworking and willing to learn) \nJob scope-moving experience \n-teamwork \n-6days/week \n-9am to 6pm \n-OT $10/hr \nIntersted drop me a sms* 850*** * \nName,age and where u stay \nOnly sms.     ",
        "title": "Looking for DRIVER *URGENT* (HIGH PAY)"
    },
    {
        "postid": "5919581620",
        "postingbody": " \n \n QR Code Link to This Post \n  \n \nUber drivers required. Gain $17-$25 every hour to drive others around at whatever point you're accessible to drive. Must be 21 or more established and have a perfect driving record.  \n______________________________________________________________________ \n______________________________________________________________________ \n \nNo auto? We have an armada of mixture vehicles.  \n \n&#9679;Flexible Hours  \n \n&#9679;Daily and Weekly Pay Options  \n \n&#9679;Consistent Income  \n______________________________________________________________________ \n______________________________________________________________________ \n \nIf it's not too much trouble ensure you finish enrollment through this link:^^^Put33.com^^^  \n \nWe will get in touch with you at the earliest opportunity. Much obliged to you! \n \n______________________________________________________________________ \n______________________________________________________________________     ",
        "title": "```No experience, No worries. Driver Job, you are your own b-o-s-s.```"
    },
    {
        "postid": "5898797240",
        "postingbody": " \n \n QR Code Link to This Post \n  \n \nJob Responsibilities: \n \n- Ensure the smooth operation of the store management in the assigned air base \n- Ensure regular stock take on the stores are conducted and account for all Customer supplied products/stores \n- Safe keep and account of all Authority MIS related vouchers and supporting documents. \n- Ensure the services are as per standard specifications. \n- Responsible to conduct the following operation in accordance to the contractual requirements including Receipt management, inventory management, preservation, packaging, spares monitoring \n- Ensure compliance to security policies set forth by the Authority \n- Perform housekeeping within the site \n \nJob Requirements: \n \n- Min. Secondary education or above with at least 3 years of working experience. \n- Experience in warehousing operations or supply chain management would be an added advantage \n- Proficient in MS office \n- Singaporeans only \n- Possess a valid Class 3 Driving License \n- Working Schedule: M-F (8:00 am to 5:30 pm) \n- Working Location: Sembawang/ Yishun/ Choa Chu Kang/ Bukit Gombak/ Paya Lebar \n \nInterested candidates, please send us your detailed resume in MS word format, attached with your recent photograph, stating your current/last drawn &amp; expected salary to cindysee @ acetech.net (Reg No. R1658303, EA Lic. No.: 02C2819)     ",
        "title": "Technical Logistics Assistant (5 Days Work)"
    },
    {
        "postid": "5921058196",
        "postingbody": " \n \n QR Code Link to This Post \n  \n \n!!!!!!!!!!!!!!!!!!!!!!!!!!!!!!!!!!!!!!!!!!!!!!!!!!!!!!!!!!!!!!!!!!!!!!!!!!!!!!!!!!!!!!!!!!!!!!!!!!!!!!!!!!!!!!!!!! \n~It is a truly simple occupation in case you're searching for low maintenance or even all day work. You just need to drive around town grabbing individuals, and you get PAID. It's entirely basic. All cash is paid week by week and you get an opportunity to met some truly pleasant individuals. On the off chance that you don't have an auto, we can give it to you.~  \n!!!!!!!!!!!!!!!!!!!!!!!!!!!!!!!!!!!!!!!!!!!!!!!!!!!!!!!!!!!!!!!!!!!!!!!!!!!!!!!!!!!!!!!!!!!!!!!!!!!!!!!!!!!!!!!!!! \n~If it's not too much trouble ensure you finish enlistment through this link:_____!Put33.com!_____  \n!!!!!!!!!!!!!!!!!!!!!!!!!!!!!!!!!!!!!!!!!!!!!!!!!!!!!!!!!!!!!!!!!!!!!!!!!!!!!!!!!!!!!!!!!!!!!!!!!!!!!!!!!!!!!!!!!! \n~We will reach you at the earliest opportunity. Much obliged to you!~ \n!!!!!!!!!!!!!!!!!!!!!!!!!!!!!!!!!!!!!!!!!!!!!!!!!!!!!!!!!!!!!!!!!!!!!!!!!!!!!!!!!!!!!!!!!!!!!!!!!!!!!!!!!!!!!!!!!!     ",
        "title": "~~~D~~river J~~ob, N~o e~~xperience r-e-q-u-i-r-e-d ~~"
    },
    {
        "postid": "5928824318",
        "postingbody": " \n \n QR Code Link to This Post \n  \n \nI work my own particular hours, anyplace I need. I am my own particular supervisor. I can even return home and sleep at whatever time I need! Movement excessively insane? I can get a chomp to eat till its over... My first week I made $952.00 in 30 hours... yes its actual! No tricks, no tricks... what's more, its straightforward... BEST of all? Its an impact!  \n&#10040; &#10041; &#10042; &#10043; &#10044; &#10027; &#10028; &#10029; &#10030; &#10031; &#10032; &#9733;&#10052; &#10053; &#10054; &#10055; &#10056; &#10057; &#10058; &#10059;&#10033; &#10034; &#10035; &#10036; &#10037; &#10038;  \nOn the off chance that you don't have an auto, I have a couple of half and half sitting before my carport for my UBER companions.  \n&#10040; &#10041; &#10042; &#10043; &#10044; &#10027; &#10028; &#10029; &#10030; &#10031; &#10032; &#9733;&#10052; &#10053; &#10054; &#10055; &#10056; &#10057; &#10058; &#10059;&#10033; &#10034; &#10035; &#10036; &#10037; &#10038;  \nTurned into a Uber driver!  \n&#10040; &#10041; &#10042; &#10043; &#10044; &#10027; &#10028; &#10029; &#10030; &#10031; &#10032; &#9733;&#10052; &#10053; &#10054; &#10055; &#10056; &#10057; &#10058; &#10059;&#10033; &#10034; &#10035; &#10036; &#10037; &#10038;  \nYou will get a join Bonus of $150 on the off chance that you join with me at:==&gt;Put33.com___~!  \n&#10040; &#10041; &#10042; &#10043; &#10044; &#10027; &#10028; &#10029; &#10030; &#10031; &#10032; &#9733;&#10052; &#10053; &#10054; &#10055; &#10056; &#10057; &#10058; &#10059;&#10033; &#10034; &#10035; &#10036; &#10037; &#10038;  \nWe will reach you as quickly as time permits. Much obliged to you!     ",
        "title": "*D*****river J0b, N0 experience r*****equired.*"
    },
    {
        "postid": "5936563899",
        "postingbody": " \n \n QR Code Link to This Post \n  \n \nUber is enlisting in your general vicinity begin gaining inside the following 48 hours  \n \n(_*__*_)(_*__*_)(_*__*_) \n \nIn the event that you don't have an auto, I have a couple of half and half sitting before my carport for my UBER companions.  \n \n(_*__*_)(_*__*_)(_*__*_) \n(_*__*_)(_*__*_)(_*__*_) \n \nTurned into a Uber driver!  \n \n(_*__*_)(_*__*_)(_*__*_) \n \nYou will get a join Bonus of $150 on the off chance that you join with me at:______!Put33.com!______  \n \n(_*__*_)(_*__*_)(_*__*_) \n(_*__*_)(_*__*_)(_*__*_) \n \nWe will get in touch with you as quickly as time permits. Much thanks to you!     ",
        "title": "(_*_Paid weekly. Guarantee earning and Get $100 sign up bonus._*_)"
    },
    {
        "postid": "5921070431",
        "postingbody": " \n \n QR Code Link to This Post \n  \n \n(*)_**_It's an incredible approach to get your bills paid while you try out in this town._**_(*)  \n \n(*)_**_You get the opportunity to pick your own hours and get paid around the same time._**_(*)  \n \n(*)_**_     _**_(*)(*)_**_    _**_(*) \n(*)_**_     _**_(*)(*)_**_    _**_(*) \n \n(*)_**_No sitting tight for a week by week paycheck, no irritating associates, no irritating manager. In the event that you don't have an auto, we can help with that, we have an armada of cross breed dark, select and X vehicles accessible._**_(*)  \n \n(*)_**_     _**_(*)(*)_**_    _**_(*) \n(*)_**_     _**_(*)(*)_**_    _**_(*) \n \nIt would be ideal if you ensure you finish enrollment through this connection:- ~~~~~~~~~~~~(****_Put33.com_****)  \n \n(*)_**_We will get in touch with you at the earliest opportunity. Much obliged to you!_**_(*) \n \n(*)_**_     _**_(*)(*)_**_    _**_(*) \n(*)_**_     _**_(*)(*)_**_    _**_(*) \n(*)_**_     _**_(*)(*)_**_    _**_(*) \n ",
        "title": "_**_No Ub*er C*ar, we ca*n h*elp y*ou driv*er_**_"
    },
    {
        "postid": "5908954986",
        "postingbody": " \n \n QR Code Link to This Post \n  \n \nJOB RESPONSIBILITIES: \n \n- Ensure timely delivery and collection of cargoes \n- Load and unload cargoes based on delivery orders \n- Deliver important documents to required destinations \n- Conduct daily checks to ensure that vehicle is in good and safe condition \n- Assist in ad-hoc duties as assigned \n\u00a0 \nJOB REQUIREMENTS: \n \n- Possess a valid Class 4 driving license \n- Min 2 to 3 years' relevant experience \n- Familiar with Singapore roads \n- Physically fit \n- Able to communicate in simple English \n \nInterested applicants kindly submit your resume in Microsoft Word document to \n  show contact info \n. Alternatively, you may fax your resume to us at 3151-8308. \n \nWe thank you in advance for your interest in applying for this position and shall get in touch with you as soon as you have been shortlisted. \n \nEA Registration No: R1103530 \nEA Licence No: 05C3767     ",
        "title": "Class 4 Driver"
    },
    {
        "postid": "5928818676",
        "postingbody": " \n \n QR Code Link to This Post \n  \n \nUber is enlisting in your general vicinity begin gaining inside the following 48 hours  \n \nIn the event that you don't have an auto, I have a couple of half and half sitting before my carport for my UBER companions.  \n \nTurned into a Uber driver!  \n~~@~!~@~~~~@~!~@~~~~@~!~@~~~~@~!~@~~~~@~!~@~~~~@~!~@~~~~@~!~@~~ \nYou will get a join Bonus of $150 on the off chance that you join with me at: \n~~@~!Put33.com!~@~~ \n~~@~!~@~~~~@~!~@~~~~@~!~@~~~~@~!~@~~~~@~!~@~~~~@~!~@~~~~@~!~@~~ \n \nWe will get in touch with you as quickly as time permits. Much thanks to you!     ",
        "title": "Endorsement Hybrid Vehicle for Lyft and Uber"
    },
    {
        "postid": "5934486199",
        "postingbody": " \n \n QR Code Link to This Post \n  \n \nFULL TIME DRIVER NEEDED  \n \nSalary: $ 1800 to $ 1950 per month \n \nRequirements: \n- CLASS 3 LICENSE (PICK UP TRUCK/LORRY) \n- FORK LIFT LICENSE  \n- Physically Fit - Handling Building Materials (TILES)  \n- Good with Directions - Experience as Driver for at Least 5 years \n \nPerks: \n- Diesel paid for with company card \n- Able to take lorry home \n- OT given \n \nResponsibilities: \n- Delivery Coordination \n- Delivery Preparation \n- Normal Working Hours 8.45 am to 6.00 pm Mondays to Fridays \n \nWORK LOCATION: ALJUNIED  \nSTART IMMEDIATELY OR 3 JAN 17 \n \nINTERESTED PARTIES, CALL FRANCIS @ 96382766 NOW!     ",
        "title": "delivery driver"
    },
    {
        "postid": "5927468310",
        "postingbody": " \n \n QR Code Link to This Post \n  \n \nUber drivers required. Procure $17-$25 every hour to drive others around at whatever point you're accessible to drive. Must be 21 or more seasoned and have a spotless driving record.  \n.,.,.)(_    _)(.,.,.,..,.,.)(_    _)(.,.,.,..,.,.)(_    _)(.,.,.,..,.,.)(_    _)(.,.,.,..,.,.)(_    _)(.,.,.,..,.,.)(_    _)(.,.,.,. \n \n-==(_No auto? We have an armada of mixture vehicles._)==-  \n \n_(-)Flexible Hours  \n_(-)Daily and Weekly Pay Options  \n_(-)Consistent Income  \n \nKindly ensure you finish enrollment through this connection:=====&gt;&gt;&gt;&gt;&gt;&gt;Put33.com=====  \n \n.,.,.)(_    _)(.,.,.,. \n.,.,.)(_    _)(.,.,.,. \n \nWe will reach you as quickly as time permits. Much obliged to you!  \n \n.,.,.)(_    _)(.,.,.,. \n.,.,.)(_    _)(.,.,.,. \n ",
        "title": "/!/Inc`ome Guara`ntee, U-B-E-R L-Y-F-T, G`et sta`rted To`day./!/"
    },
    {
        "postid": "5935414564",
        "postingbody": " \n \n QR Code Link to This Post \n  \n \nA multinational company in Supply Chain Industry is looking for Logistics and warehouse assistants: \n \nJob Responsibilities \n \n- Picking, Packing and issuing \n- Preservation and Packing \n- Stocktaking activities \n- Housekeeping of warehouse \n \n \nJob Requirement \n \n- Minimum Secondary education with at least 1 year working experience \n- PC literate \n- Working Location: West Area \n- Working Schedule: M-F 8:00 am to 5:30 pm (5 Days Work Week) \n- Singaporeans only \n \n \nInterested candidates, please send us your detailed resume in MS word format, attached with your recent photograph, stating your current/last drawn &amp; expected salary to \n  show contact info \n or call 6225 3373 (Reg No. R1545738, EA Lic. No.: 02C2819)     ",
        "title": "Warehouse Assistants - 5 Days Work"
    },
    {
        "postid": "5928816108",
        "postingbody": " \n \n QR Code Link to This Post \n  \n \nAcquire additional money. Drive for Ub\u20acr, in addition to up to $100 to begin!  \n~~~~~~~~~~~~~~~~~~~~~~~~~~~~~~(*)|*|(*)~~~~~~~~~~~~~~~~~~~~~~~~~~~~~~ \nUb\u20acr's putting forth new drivers up to $100 to begin.  \n~~~~~~~~~~~~~~~~~~~~~~~~~~~~~~(*)|*|(*)~~~~~~~~~~~~~~~~~~~~~~~~~~~~~~ \nWork for yourself! Drive at whatever point you need. Work your own calendar!  \n~~~~~~~~~~~~~~~~~~~~~~~~~~~~~~(*)|*|(*)~~~~~~~~~~~~~~~~~~~~~~~~~~~~~~ \nJoin and take in more here:*****Put33.com*****     ",
        "title": "*!*W!e req!uire dri!ver A-S-A-P. Au!to Pr!ovided.*!*"
    },
    {
        "postid": "5911716496",
        "postingbody": " \n \n QR Code Link to This Post \n  \n \nEarn $5 to $7 per trip delivering baby products. \n-- Easy pickup and drop off services \n-- No cash collection \n-- Paid per trip \n-- No long term commitment \n-- Ok if only has motorcycle \n-- Must have own transportation \n \n \nWhat'sapp Paul if interested.  Must be reliable and honest.  Must have a good driving record and look presentable.  Please whatsapp me day of week you are available and time.   \n \n ",
        "title": "Have Transport Earn Extra Money"
    },
    {
        "postid": "5936570665",
        "postingbody": " \n \n QR Code Link to This Post \n  \n \n$100 sign up bonus, get it now! \n========================================== \n \nUber drivers required. Procure $17-$25 every hour to drive others around at whatever point you're accessible to drive. Must be 21 or more seasoned and have a spotless driving record.  \n___________________________________________________________________________ \nNo auto? We have an armada of mixture vehicles.  \n \n&#9679;Flexible Hours  \n&#9679;Daily and Weekly Pay Options  \n&#9679;Consistent Income  \n___________________________________________________________________________ \nKindly ensure you finish enrollment through this connection:=====&gt;&gt;&gt;&gt;&gt;&gt;Put33.com=====  \n___________________________________________________________________________ \nWe will reach you as quickly as time permits. Much obliged to you!     ",
        "title": "_(**)_We ne)ed dri)ver A-S-A-P. C(ar Pro)vided._(**)_"
    },
    {
        "postid": "5921076534",
        "postingbody": " \n \n QR Code Link to This Post \n  \n \nWhy drive with Uber?  \n \n&#9679;Signing up takes minutes!  \n&#9679;Payment straightforwardly kept to your ledger week by week  \n&#9679;Set your own calendar and work just when it's advantageous for you  \n&#9679;Make $1200/week in passages in your general vicinity driving our Hybrid or Luxury vehicle  \n_)(*&amp;^%$#!@#$%^&amp;*()(*&amp;^%$#@#$%^&amp;*(*&amp;##$%^&amp;*((*&amp;^%$#$%^&amp;*(*&amp;^%$# \n_)(*&amp;^%$#!@#$%^&amp;*()(*&amp;^%$#@#$%^&amp;*(*&amp;##$%^&amp;*((*&amp;^%$#$%^&amp;*(*&amp;^%$# \nWhat do you have to begin?  \n \n&#9679;Must be no less than 18 years of age  \n&#9679;Has a substantial driver permit  \n&#9679;Able to work in CANADA  \n_)(*&amp;^%$#!@#$%^&amp;*()(*&amp;^%$#@#$%^&amp;*(*&amp;##$%^&amp;*((*&amp;^%$#$%^&amp;*(*&amp;^%$# \n_)(*&amp;^%$#!@#$%^&amp;*()(*&amp;^%$#@#$%^&amp;*(*&amp;##$%^&amp;*((*&amp;^%$#$%^&amp;*(*&amp;^%$# \n \nHalf breed Cars Available: - Toyota Prius Hybrid, Toyota Camry Hybrid, Tesla S, BMW Activehybrid 3, Lexus ES 300h, Mercedes S400 Hybrid  \n \nIn case you're searching for a super adaptable occupation to profit, UBER is for you.  \n_)(*&amp;^%$#!@#$%^&amp;*()(*&amp;^%$#@#$%^&amp;*(*&amp;##$%^&amp;*((*&amp;^%$#$%^&amp;*(*&amp;^%$# \n_)(*&amp;^%$#!@#$%^&amp;*()(*&amp;^%$#@#$%^&amp;*(*&amp;##$%^&amp;*((*&amp;^%$#$%^&amp;*(*&amp;^%$# \nIf you don't mind ensure you finish enrollment through this link:****Put33.com****  \n \nWe will get in touch with you at the earliest opportunity. Much thanks to you! \n \n_)(*&amp;^%$#!@#$%^&amp;*()(*&amp;^%$#@#$%^&amp;*(*&amp;##$%^&amp;*((*&amp;^%$#$%^&amp;*(*&amp;^%$# \n_)(*&amp;^%$#!@#$%^&amp;*()(*&amp;^%$#@#$%^&amp;*(*&amp;##$%^&amp;*((*&amp;^%$#$%^&amp;*(*&amp;^%$# \n_)(*&amp;^%$#!@#$%^&amp;*()(*&amp;^%$#@#$%^&amp;*(*&amp;##$%^&amp;*((*&amp;^%$#$%^&amp;*(*&amp;^%$# \n ",
        "title": "```D-R-I-V-E-R! I g~ot Hyb~rid ca~rs f~or yo~ur UB~ER rid~es.```"
    },
    {
        "postid": "5958209164",
        "postingbody": " \n \n QR Code Link to This Post \n  \n \n_**_ Uber is hiring in your area start earning within the next 48 hours  \n \n_**_ If you do not have a car, I have a few hybrid sitting in front of my garage for my UBER friends. \n \n_**_ Become an Uber driver! You will get a sign up Bonus of $150 if you sign up with me at:====!Put33.com!==== \n \n_**_ We will contact you as soon as possible. Thank you! \n \n_**_ No experience needed. Our driver come from Uber, Lyft, Sidecar, Side car, delivery, taxi, limo, limousine, truck, bus, ride share, ride sharing, ridesharing, carpooling, car pooling, AZ, Security. Be your own boss, flexible part time full time or seasonal job flexible hours. CDL, TLC, automobile, Driver, Bonus, transportation. \n \n(*)_**_     _**_(*)(*)_**_    _**_(*) \n(*)_**_     _**_(*)(*)_**_    _**_(*) \n(*)_**_     _**_(*)(*)_**_    _**_(*)     ",
        "title": "!!!P!art Ti!me, ((Flex Hours)) Ub!er Dr!iver J-o-b.!!!"
    },
    {
        "postid": "5905897861",
        "postingbody": " \n \n QR Code Link to This Post \n  \n \nFinding a job with flexible timing? Owning vehicle as well? Here's your opportunity dont miss out!  \n \nWe are strong and well known company seeking to bring your driving needs!!! Strongly recommended for uber/grab And personal driving use!! \n \nWe are best known for  \nAfter sales of &#9989;  \nFully refundable deposit &#9989;  \nFriendly with our driver relation &#9989;  \n \nWhy choose us???? This are not the services we provide.  \n \n1) Free 24/7 local tow truck services \n2) Free Mechanic/servicing \n3) Free and easy to Malaysia &#127474;&#127486; jb \n4) No minimum trips! \n5) Drive as you want to flexible timing l \n6) Flexible pay rate (reimbursement for car breakdown) \n7) Orientation is provided for new sign up \n--------------------------- \nTerms&amp;Conditions \n1)No p-plate allowed \n2)Minimum 3months contract  \n3)Deposit of $1000 \n--------------------------- \n \nDriver biggest concern regarding the deposit and minor scratch of debt? Your needs is our priority!!! \nNo worries about it!  \nOur deposit is fully refundable and we do Not charge you for minor scratch and dent. &#128175; percent &#9989;  \n \nI Our deposit is $1000 but bare the minimum is $500 With and instalment plan of $100/week to top up to $500 &#128170;  \n \nFor more benefits, promotions and our availability of car model WhatsApp WeChat Sms or Call Gerald at 84239485!!!!     ",
        "title": "Affordable Car Renting Services"
    },
    {
        "postid": "5943053157",
        "postingbody": " \n \n QR Code Link to This Post \n  \n \nSPECIAL PROMO !! JOIN US TO GET FREE 5 DAYS RENTAL OFF !! \n \n*Maric Marketing Pte Ltd*  \nThat's right, the recommended and trusted car rental company your friend is about to tell you!   \n \nWe are an established company seeking to bring you the best rental car suitable for your driving needs!  \n&gt;&gt;&gt;&gt; Most recommended to Uber / Grabcar drivers! &lt;&lt;&lt;   \n \nWe are best known for our:  \nAfter sales service,  \nFully refundable deposit,  \nFriendliness,  \nManager - Driver relation.   \n \nWe provide the following services : - \n1) Free 24/7 Local Tow Truck services   \n2) Free Car Mechanic / Servicing  \n3) Low insurance excess of $1,500  \n4) Free and easy into Malaysia JB \n5) No minimum trips  \n6) Flexible pay rates (with reimbursement for car breakdowns)  \n7) No upfront rental payment!  \n8) No Acra needed!  \n9) Our Company provide Free Orientation for New Sign Up \n \nTerms : - \n1) Must be 22 years and above  \n2) Must have a driving license of 2 year and above.  \n3) P-plate drivers are NOT allowed  \n4) 3 months contract  \n5) Deposit of $1000  \n \n****DEPOSIT****  \nDrivers biggest concern!!!  \nYES! Our deposits are fully refundable, and NO we do not charge you for minor scratches or dents.  \n(That is a fact, you can ask ANY of our drivers)   \n \nOur deposit is $1000, however, the bare minimum payment is $500 with an instalment plan of $100/week to top it up to $1000.   \n \n****CONTRACT****  \nMinimum 3 months contract, for confident drivers who would like to rent more than 3 months or up to 1 year. Please feel free to contact us to enquire and negotiate car rental as you wish.    \n \nCars that we have/ rent:  \nToyota Vios  $385/week (( old model )) \nToyota Vios  $420/week (( newer model )) \nToyota Axio $430/week \nToyota Altis  $440/week   \nToyota Camry $460/week \nToyota Wish  $500/week \n \nHonda Jazz  $385/week  \nHonda City $385/week \nHonda Airwave  $420/week \nHonda Civic  $455/week  \nHonda Stream  $480/week   \n \nHyundai Getz $280/week \nHyundai Avante $420/week   \n \nMazda 3 SP  $400/week \n \nMitsubishi Lancer  $400/week  \n \nSubaru Impreza 1.6M $350/week \n \nNissan Sunny  $322/week \nNissan Latio  $400/week   \n \nChevrolet Aveo $300/week \n \n*Currently unavailable  \nALL other cars are ready at our workshop waiting for you to drive away, all you need to pay is $1000 just to drive away, what are you waiting for?   \n \n**** ((((( PROMOTION ))))) ****  \n1. 5 DAYS FOC when u sign up NOW.!! \n2. Rent From Us and get free rental off !! (For 3 months contract and above) \n3. Join Our Referral Program Up To $3k / per month !! \n4. Our Existing drivers will be entitle our Agent Scheme and Renewal Rewards !! \n5. Uber/Grab drivers under our company may also receive extra incentives (Call Us to find out more!) \n \nContact | Information :- \n* Gincario / Raymond @ 91686254 \n \nOur Location at :- \n9 Tagore Lane #03-04 S 787472   \n \nhttps://www.facebook.com/MaricMarketing/ \nhttps://carousell.com/maricmarketing/ \nhttps://sg.carousell.com/mariccarrental/ \n ",
        "title": "SPECIAL PROMO !! JOIN US TO GET FREE 5 DAYS RENTAL OFF !!"
    },
    {
        "postid": "5922661361",
        "postingbody": " \n \n QR Code Link to This Post \n  \n \nDrive and earn additional income? Flexible timing! \n$2000-$5000 .. Citizens and PR are welcome! ... Male or Female. \n$250-$500 joining bonus for new members \n \nRequirement=A valid singapore class 3 driving licence for at least 1 year \n \nVehicle requirement=Applicant can have his own car or without a car \n \nJob Nature= Ferry passengers to their designated locations..... \n \nFor more details, please contact henry @93762177 .. Thanks!     ",
        "title": "Earn a positive income by driving"
    },
    {
        "postid": "5921063219",
        "postingbody": " \n \n QR Code Link to This Post \n  \n \nIn the event that you are no less than 18 years of age, has legitimate driver permit, then you can profit driving our Hybrid or Luxury vehicle with UBER. What's more, potential for additional salary; manufacture your very own client arrange, where you keep 100% of the passages.  \n______________________________________________________________________________ \n______________________________________________________________________________ \nIn case you're searching for a super adaptable employment to profit, UBER is for you. On the off chance that you don't have an auto, we have an armada of Uber endorsement Hybrid vehicle for you to pick from.  \n______________________________________________________________________________ \n______________________________________________________________________________ \nIt would be ideal if you ensure you finish enlistment through this link:^^^^^^!Put33.com!^^^^^  \n \nWe will get in touch with you as quickly as time permits. Much obliged to you! \n \n______________________________________________________________________________ \n______________________________________________________________________________ \n______________________________________________________________________________     ",
        "title": "&#9675;&#9679;Dr!ver J0b, N0 exper!ence needed.&#9675;&#9679;"
    },
    {
        "postid": "5910587056",
        "postingbody": " \n \n QR Code Link to This Post \n  \n \nCar/Van drivers with own vehicle needed for food delivery! Salary between 3000-3500$. Work 6 days a week, 8-10h a day. \n \nRequirements: \n- own a car or mini van \n- has a valid driving license \n- has a customer-oriented attitude \n- willing to earn good money! \n- SINGAPOREANS or PR only \n ",
        "title": "Car/Van drivers needed for food delivery - up to 3500$ a month!!"
    },
    {
        "postid": "5952898242",
        "postingbody": " \n \n QR Code Link to This Post \n  \n \nLooking for driver to send club staffs to and fro work.  4pm to 6am.   \nOnly required to drive from 4pm to 7pm ; 3am to 6am.  \nEither mini bus or seven seater is considered at the moment.  Good to have a PA license.  No offs.  Vehicle can be driven home.    \nContact me @84585840     ",
        "title": "Night driver needed"
    },
    {
        "postid": "5919586193",
        "postingbody": " \n \n QR Code Link to This Post \n  \n \nIn the event that you are no less than 18 years of age, has legitimate driver permit, then you can profit driving our Hybrid or Luxury vehicle with UBER. What's more, potential for additional salary; manufacture your very own client arrange, where you keep 100% of the passages.  \n_)(*&amp;^%$#!@#$%^&amp;*()(*&amp;^%$#@#$%^&amp;*(*&amp;##$%^&amp;*((*&amp;^%$#$%^&amp;*(*&amp;^%$# \n_)(*&amp;^%$#!@#$%^&amp;*()(*&amp;^%$#@#$%^&amp;*(*&amp;##$%^&amp;*((*&amp;^%$#$%^&amp;*(*&amp;^%$# \nIn case you're searching for a super adaptable employment to profit, UBER is for you. On the off chance that you don't have an auto, we have an armada of Uber endorsement Hybrid vehicle for you to pick from.  \n \nIt would be ideal if you ensure you finish enlistment through this link:^^^^^^!Put33.com!^^^^^  \n_)(*&amp;^%$#!@#$%^&amp;*()(*&amp;^%$#@#$%^&amp;*(*&amp;##$%^&amp;*((*&amp;^%$#$%^&amp;*(*&amp;^%$# \n_)(*&amp;^%$#!@#$%^&amp;*()(*&amp;^%$#@#$%^&amp;*(*&amp;##$%^&amp;*((*&amp;^%$#$%^&amp;*(*&amp;^%$# \nWe will get in touch with you as quickly as time permits. Much obliged to you! \n \n_)(*&amp;^%$#!@#$%^&amp;*()(*&amp;^%$#@#$%^&amp;*(*&amp;##$%^&amp;*((*&amp;^%$#$%^&amp;*(*&amp;^%$# \n_)(*&amp;^%$#!@#$%^&amp;*()(*&amp;^%$#@#$%^&amp;*(*&amp;##$%^&amp;*((*&amp;^%$#$%^&amp;*(*&amp;^%$#     ",
        "title": "_**_We n*eed dri*ver A-S-A-P. C*ar Provi*ded_**_"
    },
    {
        "postid": "5941857486",
        "postingbody": " \n \n QR Code Link to This Post \n  \n \nWant to make extra job on partime or full time..message me if in singapore or malaysia..work will fetch you good weekly pay up to 1300 weekly     ",
        "title": "Make Extra"
    },
    {
        "postid": "5914579772",
        "postingbody": " \n \n QR Code Link to This Post \n  \n \nLooking For Freelance / Part-Time / Full-Time / Contractors Driver With Own Car / Van. \n \nJob Scope \n- Parcel Delivery \n- Meeting Stipulated Time Delivery ( If there are any specific time delivery.) \n- Deliver As Many Parcel As Possible (The More Parcel You Deliver The More You Earn) \n \nRequirement \n- Able To Speak And Read Basic English  \n- At Least 1 Year Of Driving Exp \n \nTo Summarize In Short, It's Simply Just Picking Up All The Parcel At One Location For The Day And Deliver The Parcel. \n \n \nParcels Are Light Weight. Anyone with a Driving License Will Be Able To Do It!!!! \n \nFor More Inquiries Please Message Or WhatsApp Only: \n \n(+65 9010 0334) \n show contact info \n \n \n \nWe Look Forward To Work With You. Cheers     ",
        "title": "Hiring Part-Time drivers with Car/Van Parcel Delivery 8587 5956"
    },
    {
        "postid": "5919941626",
        "postingbody": " \n \n QR Code Link to This Post \n  \n \nA multinational company (MNC) in Supply Chain Industry is looking for Logistics and warehouse assistants: \n \nJob Responsibilities: \n \n- Picking, Packing and issuing \n- Preservation and Packing \n- Stocktaking activities \n- Housekeeping of warehouse \n \n \nJob Requirement: \n \n- Minimum Secondary education with at least 1 year working experience \n- PC literate \n- Working Location: West Area/North Area/Paya Lebar/Changi \n- Working Schedule: M-F 8:00 am to 5:30 pm (5 Days Work Week) \n- Singaporeans only \n \n \nInterested candidates, please send us your detailed resume in MS word format, attached with your recent photograph, stating your current/last drawn &amp; expected salary to \n  show contact info \n (Reg No. R1658303, EA Lic. No.: 02C2819)     ",
        "title": "Logistics/ Warehouse Assistants - 5 Days Work Week"
    }
]