[
    {
        "postid": "5958526951",
        "postingbody": " \n \n QR Code Link to This Post \n  \n \nArt of Love \nLove failure? Dumped ?? Rejected ???  \nDon't worry!!!!!!!!  \nI will give you solutions!!!!!!!! \nI will train you and make you a master in love, any gender you desire will fall in love with you. \nAssessment will be done on appointments only \n100 % guaranteed success. \nDo Not Delay The Matter  \n\tSchedule an appointment immediately  \n ",
        "title": "Love Failure ? I can fix it 100 %"
    },
    {
        "postid": "5923397578",
        "postingbody": " \n \n QR Code Link to This Post \n  \n \nHi Everyone, \n \nI am selling my EXTRA ELTABINA ticket on the 23th of December. The selling seats will be 4C (Window Seat - perfect for single!).  \n \nSo what are you waiting for? Call me right NOW! \n \n*EDIT : Date is as of 23rd December 2016! \n \n*SPECIAL PRICE: CALL NOW TO GET 25% OFF THE ORIGINAL PRICE! YOU ONLY PAY S$30.     ",
        "title": "Tickets for Sale"
    },
    {
        "postid": "5938620393",
        "postingbody": " \n \n QR Code Link to This Post \n  \n \nPlan to tour around Singapore to various tourist attractions for a few days, we can propose the itinerary for you or you can provide us with your itinerary. \n \n1.\tWe provide a Chauffer with a white Toyota Altis \n2.\tFetch you to all the attraction you want to visit or we can propose the itinerary to you \n3.\tMaximum 4 pax \n4.\tChauffer speaks English, Mandarin, Cantonese and Malay (abit) \n5.\tWifi and Charger (iphone and android) can be provided upon request \n \nCall for a quote! \n ",
        "title": "Visiting Singapore -- Need a driver to show you around?"
    },
    {
        "postid": "5952842424",
        "postingbody": " \n \n QR Code Link to This Post \n  \n \n5-45 seater MPV/Mini-Coach/Coach with chauffeur \n \n - Airport/Point-Point Transfer \n - City Tour. \n - Hourly Booking. \n - Malaysia Transfer (Legoland, Hello Kitty/Little Big Club, JB hotels, Malacca, KL, Genting etc) or any other part in Malaysia. \n - Discounted tickets on Singapore's attractions (e.g. Duck Tour, Singapore Flyer etc) available \n \n &gt; Customize package to meet your requirement \n &gt; English, Mandarin Speaking \n \n show contact info \n \n show contact info \n \n \nWeChat: MyTripTransport \nEmail: \n  show contact info \n \nWeb: http://mytripsg.wix.com/singapore \nwww.facebook.com/MyTripTransportServices     ",
        "title": "Private Car Transport Services"
    },
    {
        "postid": "5944719106",
        "postingbody": " \n \n QR Code Link to This Post \n  \n \nAre you looking for any tour packages or holiday package for you and your family ? Konsortium is the best option for all your travel packages needs. For more information visit:-\u00a0http://www.konsortium.com.sg \n ",
        "title": "Club Med by\u00a0Konsortium"
    },
    {
        "postid": "5920066649",
        "postingbody": " \n \n QR Code Link to This Post \n  \n \nDAY 1: HON GAI HARBOR -- BAI TU LONG BAY ---- CONG DO -- CAP LA ISLAND - TRA SAN ( L, D) \n \n07.45 -- 8:30: The Swan shutter bus will pick you up from your hotel and heading to northeast of Vietnam \n \n12.30: Arrive at Swan office, transferred by tender to Swan Cruise. \n \n12.45: Enjoy welcome drink, be briefing about safety on boat and activities included then check in cabin. \n \n13.30: Delicious Vietnamese set menu while leisurely cruising to the core of Halong Bay. \n \n15.00: Arrive to kayaking area -- that is Cap La Island. Enjoy kayaking through the karst and breathtaking nature, swimming and relaxing. \n \n17.30: Get back to the boat and enjoys Sunset party while our cruise sailing to the overnight anchorage. \n \n19.00: Sumptuous set-dinner onboard. \n \n20.30: Free time for joining Games, you may also try your luck with squid fishing. \n \n \n \nDAY 2: TRA SAN -- THIEN CANH SON CAVE -- HON GAI HARBOR (B, L) \n \n06.30: Starting your day with Tai Chi on the Sundeck. \n \n07.00: Breakfast will be served in Western style and furthermore with Vietnamese traditional food -- 'PHO' \n \n08.00: Explore the Thien Canh Son.  guide will explain the history of Ha Long Bay and this Cave, made by Mother Nature \n \n 09.30: Upon return to the boat you will have 30 minutes to freshen up and finish packing. Please remove all of your belongings from your cabin, you may leave heavy luggage outside of the cabin (staff will transfer directly to the pier). \n \n10.30: Vietnamese cooking demonstration on boat. \n \n11.00: Enjoy a traditional Vietnamese lunch. \n \n12.00: Disembark in Hon Gai pier \n \n12.30: Farewell Halong Bay then returns to Hanoi \n \n17.00: End of service. \n \nAttention: The itinerary is subject to change due to the weather, tide level and operating conditions without prior notice. \n \nhttp://www.bestpricehalongcruise.com/swan-cruise-to-bai-tu-long-bay-from-105-usd-pax.html     ",
        "title": "Swan Cruise to Bai Tu Long Bay: From 105 USD/ pax"
    },
    {
        "postid": "5951377960",
        "postingbody": " \n \n QR Code Link to This Post \n  \n \nBali Free &amp; Easy POP Hotel Promotion @ ONLY $39/PAX!! \n \nIncludes \nFree WIFI \nInternational TV Cable \nFree Breakfast \nIn-room Safe Deposit Box \n24 Hr Front Desk \n24hr Security \nFree Parking \nNon-Smoking Room \n \n3 Days 2 Nights Bali Free &amp; Easy Promotion \n- 2 nights stay in a hip POP! Room of your choice \n- 2 ways airport -- hotel -- airport land transfer \n- Indonesian 10% charge and 11% government taxes \n- Complimentary unlimited WIFI \n- Room accommodation 1, 2 or 3 persons with existing bedding \n- Morning breakfast up to 3 persons per room \n \n4 Days 3 Nights Bali POP Free &amp; Easy Promotion: \n- 3 nights stay in a hip POP! Room of your choice \n- 2 ways airport -- hotel -- airport land transfer \n- Indonesian 10% charge and 11% government taxes \n- Complimentary unlimited WIFI \n- Room accommodates 1, 2 or 3 persons with existing bedding \n- Complimentary morning breakfast up to 3 persons per room \n \nLatest Rates: http://pinnacle-travel.com/promotion-pop-hotel-bali.html \n \nContact Pinnacle Travel: +\n  show contact info \n \nEmail us: \n  show contact info \n \nURL: http://www.pinnacle-travel.com \nVisit our facebookpage: https://www.facebook.com/travelpinnacle     ",
        "title": "Craving for Bali Sun and Beach?"
    },
    {
        "postid": "5908908065",
        "postingbody": " \n \n QR Code Link to This Post \n  \n \nPhuket Makeup Artist for Weddings. \nBridal Hair &amp; Makeup for Pre Wedding Shoots in Krabi,Phuket,Khao Lak. \n \nwww.weddingmakeupinphuket.com  \nAirbrush makeup available. \nVisiting Service. \nHair Stylist for Weddings &amp; Events in Thailand. \nMakeup Artist Phuket (facebook)     ",
        "title": "Makeup Artist Phuket H&M; Wedding"
    },
    {
        "postid": "5921409511",
        "postingbody": " \n \n QR Code Link to This Post \n  \n \nI am Vietnamese girl, good speaking English, with good prices for 4 hours or more in Saigon. I am outgoing, funny and honest. If You are going to travel to Vietnam, You need a private tour guide to help or show you best spots in Saigon, I would show you a great experience to travel here like a local, not just as a tourist.  Please feel free to contact me. \n \nThanks! \n ",
        "title": "Private Tour Guide in VIETNAM"
    },
    {
        "postid": "5909025484",
        "postingbody": " \n \n QR Code Link to This Post \n  \n \nKonsortium.com.sg provides travel packages for various destinations for cruises packages, coach packages, mice and incentive tours, etc. For more information visit:-  http://www.konsortium.com.sg \n ",
        "title": "Konsortium Provides Travel Packages"
    },
    {
        "postid": "5923353654",
        "postingbody": " \n \n QR Code Link to This Post \n  \n \nEarn extra money by being a local Host....Share your world. Experience travel with local Host....Create unique memories. \n \nZestour's mission is to inspire unique travel experiences and connect people around the world to live better. \n \nwww.zestour.com     ",
        "title": "List to Host. Chat to Travel."
    },
    {
        "postid": "5925036681",
        "postingbody": " \n \n QR Code Link to This Post \n  \n \nDeluxe Room: S$169 nett per room \nDeluxe Premium Room: S$199 nett per room \n \nHotel Benefits and Rates Inclusions: \n* 5-star hotel accommodation on Kuta Beach \n* 21% hotel and local government taxes \n* Buffet breakfast for 2 adults &amp; 2 children \n* Complimentary use of gym, steam, whirlpool and cold plunge \n* Complimentary admission to Hard Rock Caf\u00e9 with Q Jumping backstage pass \n* Complimentary airport -- hotel -- airport transfer with 3 consecutive nights stay \n \nHoneymooner Benefit: \n* Heart shaped flower petals on the bed \n \nBirthday Benefit: \n* Birthday cake \n \n# Promotion Validity: 01 Nov 2016 -- 31 Mar 2017 \n# Blackout Dates: 23 Dec 2016 -- 5 Jan 2017, 25 Jan -- 2 Feb 2017 \n \nwww.pinnacle-travel.com/promotion-hard-rock-hotel-bali.html \n \nFor more information, contact us at \nPinnacle Travel Singapore \nTel: +\n  show contact info \n \nEmail: \n  show contact info \n \nURL: www.pinnacle-travel.com  \nFacebook: www.facebook.com/travelpinnacle     ",
        "title": "Hard Rock Hotel Bali Accommodation Special Promotion Travel Deal"
    },
    {
        "postid": "5958594518",
        "postingbody": " \n \n QR Code Link to This Post \n  \n \nBusiness interpreter from English to Chinese and vice versa \nvarious shops and suppliers visit \nChinese internet marketing strategy \nLocal press,radio media,bus and outdoor advertising to promote your products and services     ",
        "title": "Free business Hong Kong trip guide"
    },
    {
        "postid": "5921439748",
        "postingbody": " \n \n QR Code Link to This Post \n  \n \nHello everyone! \n \nMake Memory, We Capture \n \nWe provide photography and videography services to people who are interested in Japan!  \n \nAre you looking for a professional photographer to capture your pre-wedding or vacation photos somewhere in Japan? If yes, please contact us today so that we can connect you to top local photographer in Japan! \n \nHP: https://kokorography.com/ \n \n-----Vacation Photo Plan----- \n30 mins: USD 200 / 60 mins: USD 300 \n2 Hours: USD 450 / 4 Hours: USD 700 \n*subject to tax \n \n \n-----Pre-Wedding Photo Plan----- \nStarting from JPY 165,000 ~ \n*subject to tax \n \nFor booking and inquiry, please visit our website: https://kokorography.com/contact-us/ \n \nFor extra credits, we offer concierge services for proposal planning, restaurant reservation, applying shooting permits, booking shooting venue, etc. \n \nWe hope you all make amazing memories and enjoy your stay in Japan! \n \nThank you! \n \nKoKoRoGraphy \n ",
        "title": "Japan Photoshoot Service for pre-wedding and vacation"
    },
    {
        "postid": "5928920594",
        "postingbody": " \n \n QR Code Link to This Post \n  \n \nhi \nCheap Transportation/ House Mover/ Movers. \n \n$30 \n \ncall kumar 94244070 \n ",
        "title": "Cheap Transportation/ House Mover/ Movers $30"
    },
    {
        "postid": "5904553852",
        "postingbody": " \n \n QR Code Link to This Post \n  \n \nPhuket Makeup Artist for Weddings. \nBridal Hair &amp; Makeup for Pre Wedding Shoots in Krabi,Phuket,Khao Lak. \nwww.weddingmakeupinphuket.com  \nAirbrush makeup available. \nVisiting Service. \nHair Stylist for Weddings &amp; Events in Thailand. \nPhuket Make Up Artist (facebook)     ",
        "title": "Makeup Artist Phuket H&M; Wedding"
    },
    {
        "postid": "5951379563",
        "postingbody": " \n \n QR Code Link to This Post \n  \n \nBali Free &amp; Easy POP Hotel Promotion @ ONLY $39/PAX!! \n \nIncludes \nFree WIFI \nInternational TV Cable \nFree Breakfast \nIn-room Safe Deposit Box \n24 Hr Front Desk \n24hr Security \nFree Parking \nNon-Smoking Room \n \n3 Days 2 Nights Bali Free &amp; Easy Promotion \n- 2 nights stay in a hip POP! Room of your choice \n- 2 ways airport -- hotel -- airport land transfer \n- Indonesian 10% charge and 11% government taxes \n- Complimentary unlimited WIFI \n- Room accommodation 1, 2 or 3 persons with existing bedding \n- Morning breakfast up to 3 persons per room \n \n4 Days 3 Nights Bali POP Free &amp; Easy Promotion: \n- 3 nights stay in a hip POP! Room of your choice \n- 2 ways airport -- hotel -- airport land transfer \n- Indonesian 10% charge and 11% government taxes \n- Complimentary unlimited WIFI \n- Room accommodates 1, 2 or 3 persons with existing bedding \n- Complimentary morning breakfast up to 3 persons per room \n \nLatest Rates: http://pinnacle-travel.com/promotion-pop-hotel-bali.html \n \nContact Pinnacle Travel: +\n  show contact info \n \nEmail us: \n  show contact info \n \nURL: http://www.pinnacle-travel.com \nVisit our facebookpage: https://www.facebook.com/travelpinnacle     ",
        "title": "Craving for Bali Sun and Beach?"
    },
    {
        "postid": "5955822808",
        "postingbody": " \n \n QR Code Link to This Post \n  \n \nAre you looking for free travel activities in different parts of the world? \nTo find out more, visit: https://www.theirways.com  \n \n \n ",
        "title": "Travel for Free - Be Part of the Community!"
    },
    {
        "postid": "5945151203",
        "postingbody": " \n \n QR Code Link to This Post \n  \n \nTraveling alone, couple or as a family? Wanna go local? Find where locals/expats meet-up for massage, food, drinks and places of interests. Free and easy. Local advise on housing, investment, schooling, migration needs. Personal and custom tailored itinerary.  \n \nAbout me: Corporate professional in hospitality and service line.     ",
        "title": "Personalised Local Travel Guide"
    },
    {
        "postid": "5925035963",
        "postingbody": " \n \n QR Code Link to This Post \n  \n \n \n4 Days 3 Nights Hello Seoul Holiday Travel Tour Package \n \nDay 1: City Tour / Day 2: Seoul Korean Drama and Shopping Tour / Day 3: Seoul Theme Park Tour / Day 4: Heritage Tour \n \nWith Visits to: \nGyeongbokgung Palace \nNational Folk Museum  \nPresidential Blue House \nNamsangol Hanok Village \nN Seoul Tower \nNami Island \nGinseng Showroom \nAmethyst Outlet \nDongdaemun Design Plaza \nDongdaemun Market \nEverland \nCaribbean Bay \nInsadong Cultural Street \nSamcheongdong Gil \nBukchon Hanok Village \n \nFor latest Korea Tour itinerary, please visit \nhttp://www.pinnacle-travel.com/by-country/korea.html \n \nPinnacle Travel Services Pte Ltd \n111 North Bridge Road #02-15 Peninsula Plaza Singapore 179098 \nTel: +\n  show contact info \n \nEmail: \n  show contact info \n \nURL: http://www.pinnacle-travel.com  \nFacebook: https://www.facebook.com/travelpinnacle     ",
        "title": "Fall In Love with Dazzling Korea | Korea Holiday Travel Tour Package"
    },
    {
        "postid": "5911996496",
        "postingbody": " \n \n QR Code Link to This Post \n  \n \nPhuket Makeup Artist. \nHair Stylist in Phuket. \nBridal Hair and Makeup in Thailand. \nAirbrush Makeup available from Wow Make Up in Phuket  \n \nwww.weddingmakeupinphuket.com  \nWedding Hair and Makeup for Weddings and Events in Phuket Thailand. \nPhotography Phuket.     ",
        "title": "Wedding in Phuket Thailand"
    },
    {
        "postid": "5901800725",
        "postingbody": " \n \n QR Code Link to This Post \n  \n \nI am Vietnamese girl, good speaking English, with good prices for 4 hours or more in Saigon. I am outgoing, funny and honest. If You are going to travel to Vietnam, You need a private tour guide to help or show you best spots in Saigon, I would show you a great experience to travel here like a local, not just as a tourist.  Please feel free to contact me. \n \nThanks! \n ",
        "title": "Private Tour Guide in VIETNAM"
    },
    {
        "postid": "5867920075",
        "postingbody": " \n \n QR Code Link to This Post \n  \n \nSearch,book and save ... \nYou deserve the best service and prices when planning your next trip. Visit our site www.ushotelco.com for hassle free, easy to use booking process and receive instant quotes on hotels. If you require assistance in locating a hotel that is not listed on this site please contact our professional team as we have access to thousands of properties worldwide. \n&#8232; \nYou may also be interested in your own Turnkey Online Travel Business. Here's your chance to  get into the travel industry without any capital investment and receive further discounts when planning your own trip. We are looking for partners in this billion dollar industry and you're only 30 seconds away. We will show you how to launch and manage your own site for exclusive hotels. If you love to travel and make money you must check this business opportunity out for yourself.  \nhttp://clientivity.com/new/?a=3605 \n&#8232; \nIf you have any questions please feel free to contact our team. We would be happy to help out however we can.  \n&#8232; \nThank you \n ",
        "title": "Better US  Hotel deals here"
    },
    {
        "postid": "5951534022",
        "postingbody": " \n \n QR Code Link to This Post \n  \n \nWe are offer amazingly entertaining  holiday with your family or friends, going on a cruise trip would be a fabulous option. For more information visit:-  http://www.konsortium.com.sg/ \n ",
        "title": "Cruises packages by\u00a0Konsortium"
    },
    {
        "postid": "5901845669",
        "postingbody": " \n \n QR Code Link to This Post \n  \n \nDream cruises aim to redefine the vacation travel with a transformational journey at sea. Genting Dream is meant to bring great experience to your next travel package. For more information visit:-  http://www.konsortium.com.sg/package/dream-cruise-2/ \n ",
        "title": "Dream Cruises  by\u00a0 Konsortium"
    },
    {
        "postid": "5936054888",
        "postingbody": " \n \n QR Code Link to This Post \n  \n \nKyoto Osaka Sightseeing Vacation \n \nServices: \nAccommodation \nDriving \nTour Guide \nTranslator \nInterpreter \n \n*Available up to 6 people \n*Disabled/Wheelchair people are welcome. \n \nAll Inclusive Price \n \nSingle: JPY 9,600/day \n2 People: JPY 18,000/day \n3 People: JPY 25,500/day \n4 People: JPY 32,000/day \n5 People: JPY 37,500/day \n6 People: JPY 42,000/day \n \nFor more information \nhttp://www.yj-anyguide.com \n \nOr \"YJ AnyGuide\" on Facebook/Youtube! \n ",
        "title": "Japan Budget Vacation *All Inclusive!"
    },
    {
        "postid": "5901169053",
        "postingbody": " \n \n QR Code Link to This Post \n  \n \nAre you looking for some excellent resource from where you can learn &amp; read about skills of cooking? Wok 'n' Stroll is the excellent website from where you can experience the skills of Culinary &amp; Local Food Tours. All you gastronomic will come to true in Singapore \n \nContact US: \n \nBrand name : Wok 'n'Stroll Pte. Ltd. \n \nAddress : 192 Depot rd, #18-24 \n \nPost code : 109690 \n \nCountry : Singapore \n \nPhone : \n  show contact info \n \n \nVisit Here: http://www.woknstroll.com.sg/ \n ",
        "title": "Experience Culinary &amp; Local Food Tours in Singapore"
    },
    {
        "postid": "5931537952",
        "postingbody": " \n \n QR Code Link to This Post \n  \n \nIf you want to enjoy the perfect getaway with your dear ones to take a much deserved break from your busy schedules at work and daily tensions of life, konsortium Provides Perfect Star cruise trip would be the perfect option.  For more information visit:-  http://www.konsortium.com.sg \n ",
        "title": "Konsortium Provides Perfect Star Cruise"
    },
    {
        "postid": "5918708901",
        "postingbody": " \n \n QR Code Link to This Post \n  \n \nKonsortium.com.sg offer complete list of tour and travel packages with exclusive deals in worldwide . For more information visit:-  http://www.konsortium.com.sg \n ",
        "title": "Konsortium offer tour and travel packages"
    },
    {
        "postid": "5903055626",
        "postingbody": " \n \n QR Code Link to This Post \n  \n \nfor those who is travellin to Singapore the first time n need some suggestion on where to go or where to eat.. i dun host but can recommend u accomodation where to stay within ur budget.. reach me at + \n show contact info  \n ",
        "title": "SG guide"
    },
    {
        "postid": "5914631723",
        "postingbody": " \n \n QR Code Link to This Post \n  \n \nI search a travel companion for singapore.  \nI am 29 from europe. And you? Tell me little bit from you if you are interested. \n \nSee you later ;)     ",
        "title": "Travel Companion"
    },
    {
        "postid": "5926544527",
        "postingbody": " \n \n QR Code Link to This Post \n  \n \nWe are offer travel Packages to the biggest destinations in Malaysia and various other destinations to enjoy exclusive rate. For more information visit:-  http://www.konsortium.com.sg \n ",
        "title": "Malaysia Tour Packages by\u00a0Konsortium"
    },
    {
        "postid": "5889156751",
        "postingbody": " \n \n QR Code Link to This Post \n  \n \nWTS Scarlet Hotel Executive Room 1 night voucher. \nIncludes Buffet Breakfast for 2 pax.  \nValid till 31 January 2017.  \nCertain blackout dates, eg public holidays/eves.  \n$190 COD  \nMeetup pass voucher, can call hotel and book on the spot.  \n ",
        "title": "WTS Scarlet Hotel Executive Room 1 night voucher $190"
    },
    {
        "postid": "5951488430",
        "postingbody": " \n \n QR Code Link to This Post \n  \n \nHi, I am a university student based in Seoul, South Korea. I'm a Singaporean and I've been in Korea for 2 years now. If you are planning to visit Seoul free and easy and you need a guide to bring you around and recommend you some places, I can help you. I can also bring you to none \"touristy\" places if you want to experience the local life. Of course when you are travelling, u need to capture your happy moments so I can provide those service for free! I can be your personal photographer!  \nA day trip from 11am to evening (it doesn't matter how late) for 50,000won. Yes, Korean won. \nFeel free to email me for any inquiry ! \nHope to see you soon in Seoul!     ",
        "title": "Are you visiting SEOUL?"
    },
    {
        "postid": "5925037281",
        "postingbody": " \n \n QR Code Link to This Post \n  \n \nBali Free &amp; Easy POP Hotel Promotion @ ONLY $39/PAX!! \n \nIncludes \nFree WIFI \nInternational TV Cable \nFree Breakfast \nIn-room Safe Deposit Box \n24 Hr Front Desk \n24hr Security \nFree Parking \nNon-Smoking Room \n \n3 Days 2 Nights Bali Free &amp; Easy Promotion \n- 2 nights stay in a hip POP! Room of your choice \n- 2 ways airport -- hotel -- airport land transfer \n- Indonesian 10% charge and 11% government taxes \n- Complimentary unlimited WIFI \n- Room accommodation 1, 2 or 3 persons with existing bedding \n- Morning breakfast up to 3 persons per room \n \n4 Days 3 Nights Bali POP Free &amp; Easy Promotion: \n- 3 nights stay in a hip POP! Room of your choice \n- 2 ways airport -- hotel -- airport land transfer \n- Indonesian 10% charge and 11% government taxes \n- Complimentary unlimited WIFI \n- Room accommodates 1, 2 or 3 persons with existing bedding \n- Complimentary morning breakfast up to 3 persons per room \n \nLatest Rates: http://pinnacle-travel.com/promotion-pop-hotel-bali.html \n \nContact Pinnacle Travel: +\n  show contact info \n \nEmail us: \n  show contact info \n \nURL: http://www.pinnacle-travel.com \nVisit our facebookpage: https://www.facebook.com/travelpinnacle     ",
        "title": "Craving for Bali Sun and Beach?"
    },
    {
        "postid": "5932196669",
        "postingbody": " \n \n QR Code Link to This Post \n  \n \nLaunching 27th December 2016. \n \nTime start carpooling: 7:00am onwards - office hours / special cases considered. \nVehicle: Nissan Sylphy- 4 door saloon - corporate white and formally maintained \n \n*Total fit in saloon car is 4 passengers so each pays ($16 divide/4) = $4 per person* \n \nYou may travel alone if the full fare is reasonable to you. \n \nA - If travelling to city area (Central Business District - CBD); \n* fare is $16 nett / per one way trip \n* if return trip, fare is $24 nett (pay balance $8 on return trip) \n \nB - If travelling to other areas passing through CBD and ERP, for example: Jurong (west bound via AYE); \n \n* fare is $16 nett / per one way trip \n* if return trip, fare is $24 nett (pay balance $8 on return trip) \n \nSUPER VALUE \nC - If travelling to other areas totally out of CBD; \n* fare is $12 nett / per one way trip \n* if return trip, fare is $18 nett (pay balance $6 on return trip) \n \nPayment: \n \nCash only upon per trip completion. Official receipt can be emailed upon request for passenger business/transport claims. \n \nContact me via WhatsApp or SMS - because most of the time I will be engaged. \n \n1- Name \n \n2- Mobile or direct contact number \n \n3- Email - for clear written communication and sending electronic invoices if required. \n \n4- Date and Frequency of carpooling required (from 27th Dec office hours) \n \n5- Special requirements and additional information. \n \nmessage to: +\n  show contact info \n ",
        "title": "Carpool and adhoc 24HR anywhere"
    },
    {
        "postid": "5903316565",
        "postingbody": " \n \n QR Code Link to This Post \n  \n \nHello everyone, I am a 30+ local Chinese female in Hong Kong.Feel free to let me know if you are visitors / travelers stop by Hong Kong.I look for wider my social network and a strictly platonic friendship for a start. \n \nNO sexual or any other service should be implied. All genders are welcome. I can speak Cantonese, English and Mandarin.If you are interested, please give your self-introduction (Origin, Age, Gender, Visit dates and what are you looking for) or else no response will be given. Happy to have your picture if it is available. \n \nInterested parties, please PM me your self introduction, a recent picture and MUST GIVE YOUR LINE / SKYPE ID to allow me give an instant reply directly. \n \nThank you.     ",
        "title": "Travel partner"
    },
    {
        "postid": "5927253184",
        "postingbody": " \n \n QR Code Link to This Post \n  \n \nEither it be for business or pleasure, experience the sights of beautiful Singapore with http://OpulentRides.Asia! 24 hours a day &amp; 7 days a week, business executives &amp; VIP guests from around the World choose Opulent Rides for their transportation needs.  \n \nOur evocative &amp; timeless 2010 Bentley 'Continental Flying Spur Speed' represents the epitome of luxury, with it's stunning Umbrian paint, comfortably seating 5 individuals with it's plush leather upholstery, air conditioned 4-zone individual climate control &amp; impressive W12 Motor with over 600hp.  \n \nYou'll be greeted by one of our friendly &amp; discreet drivers who also have extensive knowledge of Singapore &amp; Malaysia to ensure your commute runs smoothly. *Complementary water for each passenger.* \n \nSee our new website for more details: OpulentRides.Asia \n \nAvailable for airport/ferry terminal pick up &amp; drop off, sightseeing tours, Malaysia trips (Insured), Corporate events, weddings, dates and anything else you can think of!  \n \nMalaysia Transfer (Legoland, Hello Kitty/Little Big Club, JB hotels, Malacca, Kuala Lumpur, Genting etc) or any other part in Malaysia.  \n \n--Transparent Pricing &amp; No Hidden Charges. Price is Inclusive of ERP, Fuel, Chauffeur &amp; Sentosa Tolls-- \n \n**All Prices Are In Singapore Currency, Cash Only.**  \n \n**Special Introductory Offer, LIMITED TIME**  \n**24hr Service!** \n \nPrices:  \n \nAirport, 1-Way: S$150 \nAirport, 2-Way: $280 \n3hr Rental: $388 \n8hr Rental: $888 \nAdditional Hours: $130/hr \n \nOpulentRides.Asia \n \nCall, SMS or WhatsApp, 24/7/365: \n \n \nBlair: +\n  show contact info \n ",
        "title": "Singapore's Most Desired Chauffeured Driven Bentley 'Continental'"
    },
    {
        "postid": "5929115330",
        "postingbody": " \n \n QR Code Link to This Post \n  \n \nWedding or Event in Phuket,Krabi,Khao Lak,Thailand. \nIf you need a Makeup Artist or Hair Stylist,please let us know.  \nWe offer Airbrush Makeup. \n \nwww.weddingmakeupinphuket.com  \nPhuket Makeup Artist  \nBridal Hair and Makeup Phuket.     ",
        "title": "Wedding Hair and Makeup in Phuket Thailand"
    },
    {
        "postid": "5915737235",
        "postingbody": " \n \n QR Code Link to This Post \n  \n \nMy name is Emmy. I am an upscale independent Lady based in Bangkok. \nMy personal website \n \nhttp://thaillandcompanion.com/ \n \nI am natural sexy and beautiful body. I am a well educated and attractive young lady. Elegant, classy feminine with beautiful smile. I am friendly, openminded. I am excellent English skills. Well mannered, positive attitude. I am perfectly groomed and always well dressed to handle any occasion.  \nI always meet people with care and respect. \n \nContact me phone no. +668 6661 4441 also can contact use Whatsapp, Viber, Line \n \nName\t               Emmy \nAge\t                       29 \nOrientation\t       Straight \nNationality\t       Thai \nSmoking\t               No \nLanguage               Thai, English (fluent) \nHeight\t               5&#8242; 5&#8243; (1.65m) \nWeight\t               105 lbs. (49kg.) \nMeasurements\t       34A-25-36 \nHair Color\t       Brown \nEducation\t       Hospitality Graduate \nHobbies\t               Nice Restaurants, Traveling, Movies, Reading \nOutdoor activities  Snokering ,kayaking, fishing, boat trip, trekking, camping, white water rafting. \nInterests Reading   Historycal,cultural and tradition, biography- life story, religious, ancient,  \n                               improvement, spiritual, literature.     ",
        "title": "Attractive Thai lady can meet you in Bangkok"
    },
    {
        "postid": "5953004409",
        "postingbody": " \n \n QR Code Link to This Post \n  \n \nTs college gives you an oppertunity for the right decision when you think about to join a college internationally by  \nexperience counselors. They can offer Spring tours, NortheEast tours, California tours, Mid west college tour, UK university tour, Kanada university tour and custom tours.Ts college tours for students offering you customized college tours for school,groups or indivitual they can arrange flights,hotels,transportation,meals,campusvisit, and meeting with admission representative which is completely guided you.  \nFor more details plz visit http://www.tscollegetours.com/ \n ",
        "title": "Educational college tours for students"
    },
    {
        "postid": "5951531843",
        "postingbody": " \n \n QR Code Link to This Post \n  \n \nPhotography services: \n \n- Actual Day Wedding / Pre-Wedding  \n- ROM / Solemnisation  \n- Couple photoshoot /Family photoshoot  \n- Maternity / Newborn  \n- Birthday parties  \n- Corporate/private events  \n- Graduation ceremonies  \n \nContact Chlo at 96461011 or email \n  show contact info \n \n \nFacebook: www.facebook.com/ChlographySG     ",
        "title": "Photography Services (Wedding/Birthday/Events..)"
    },
    {
        "postid": "5914338067",
        "postingbody": " \n \n QR Code Link to This Post \n  \n \nWould you like a licensed and experienced massage therapist to accompany you? \n \nFor all international journeys please contact me for rates.     ",
        "title": "Travelling first class?"
    },
    {
        "postid": "5937038402",
        "postingbody": " \n \n QR Code Link to This Post \n  \n \nIf you're planning to visit Malaysia and is lucky enough to spend the long weekend in the beautiful capital city of Kuala Lumpur, you will be able to have a real splendid time. KL is packed with amazing entertainment options that will satisfy the preferences of all sorts of travelers. For more information visit:-  http://www.konsortium.com.sg \n ",
        "title": "Malaysia Tour Packages offered by\u00a0Konsortium"
    },
    {
        "postid": "5938361246",
        "postingbody": " \n \n QR Code Link to This Post \n  \n \nI am Vietnamese girl, good speaking English, with good prices for 4 hours or more in Saigon. I am outgoing, funny and honest. If You are going to travel to Vietnam, You need a private tour guide to help or show you best spots in Saigon, I would show you a great experience to travel here like a local, not just as a tourist.  Please feel free to contact me. \n \nThanks! \n ",
        "title": "Private Tour Guide in VIETNAM"
    }
]