[
    {
        "postid": "5919070697",
        "postingbody": " \n \n QR Code Link to This Post \n  \n \nPOA tuition for Sec, JC, Poly &amp; Uni Levels. Free materials, free consultation &amp; free exam crash course. Experienced tutors familiar with current MOE syllabus. 1-1 coaching or group tuition available. Pls call 9832 0088.     ",
        "title": "Principles Of Accounts @$25/hr"
    },
    {
        "postid": "5920388145",
        "postingbody": " \n \n QR Code Link to This Post \n  \n \nChinese &amp; Higher Chinese tuitions for Pri, Sec, JC &amp; Adult learning ( Writing &amp; Conversation). Free materials, free consultation &amp; free exam crash course. Pls call 9832 0088.     ",
        "title": "Chinese Tuition @$25/hr"
    }
]