[
    {
        "postid": "5935479180",
        "postingbody": " \n \n QR Code Link to This Post \n  \n \nCost effective online fitness coaching with diet and training programming - No hassle from finding a trainer/coach in person. \n \nIf you have the self discipline and you're simply looking at receiving professional guidance from a professional, on your training and diet, without having to pay for multiple sessions in bulk, and all the other hassles of hiring a personal trainer live in person, then our online personal training &amp; coaching services could be your solution! \n \nWe offer online personal fitness coaching for anyone with goals such as: \n-Fitness \n-Athletic training \n-And other similar goals \n \n-Get no nonsense results by following our coaching and training 100% \n-Most suitable for individuals who have self discipline to train, and just need proper guidance on their training and diet from a professional. \n-Cost effective, trustworthy, and we deliver results. \n \nFor more info, please visit: http://www.trainingbyglen.com/online-fitness-trainer.html     ",
        "title": "Online fitness coaching"
    },
    {
        "postid": "5933780513",
        "postingbody": " \n \n QR Code Link to This Post \n  \n \nI am a Native English-speaking professional business writer and editor based in the US. My specialty is correcting the grammar, spelling and wording of websites, sales brochures, newsletters and other marketing materials to adapt them for doing business in Western markets. My services are fast, reliable and affordable.  \n \nI have helped clients throughout Asia and Europe enhance their presence in English-speaking markets, and would like to help you also. \"No cost, no obligation\" quotes are always available for any projects you are planning- just email me the details and I will respond to you promptly. Writing samples and professional references are also available upon request. \n ",
        "title": "English Language Writing and Editing Assistance"
    },
    {
        "postid": "5910411107",
        "postingbody": " \n \n QR Code Link to This Post \n  \n \nIn case you are wondering, we are capable of doing these things, \n \nServices Provided (in both English and Chinese): \n \n1. Copywriting &amp; Editing \n2. Company Profiles \n3. Creative Writing \n4. Taglines/Slogans \n5. Press Releases \n6. Proofreading \n7. Translation \n8. Newsletters \n9. Advertorials/Editorials \n10. Brochures/Flyers \n11. Research \n12. Website Content Writing \n13. Blogs &amp; Social Media \n \nMobile: +6 010 8188 732(Whatsapp Available) \nEmail: \n  show contact info \n \nFacebook: www.fb.com/wordphilo \n \n \nWord Philocaly is born out of a simple idea of the \nlove of the beauty for words. We strongly believe \nthat words are the most potent drugs known to \nhumankind and miracles happen when they get to \nthose who know how to use them. When content \nwriting is done right, it brings in more leads and \nbuzzes that inspire the audiences to reap the \nrewards and share the content across multiple \nchannels. You see, impact, by words. \n \nIn this talent market that is growing more \ngrueling everyday, command of content is king and \nits influence will define the success or failure \nof the business. Persuasive and creative \ncopywriting holds down the fort and turbocharges \nthe marketing strategy by defining the brand \nidentity and curving out space in the ever \ncompetitive market. Exceptional copywriting that \nsells emotions will save you hours of sweating on \nconvincing the audiences with your outbound \nmarketing, by sinking its hooks into them.  \n \nWord Philocaly has a single mandate to grasp what \nyou want to achieve in content marketing to create \ninterest, desire, attention and action. We focus \non the intersection and curation between relevant \ncontent and information to make complex subject \neasy to understand. You need a copywriter who can \ndo more than just write well - before Word \nPhilocaly creates captivating copy that can \npersuade the audiences, we will first understand \nthem and your brand to build up instant rapport. \nOn top of that, we hone your tone of voice and \nkeywords that are spot-on, the most surefire way \nto get the right kind of attention and corporate \ncommunication to engage your audiences and turn \nthem into customers. \n \nLet's just say we know how to dive into details \nand translate your solutions into words that your \naudiences will be incredibly impressed, and make \nsure they are always in sync with the value of \nyour offerings. Word Philocaly is trained to put \nour best foot forward and we practice what we \npreach. We strive for perfection with every copy \nwe bring to the table so that you don't have to \nbother to jump through so many hoops. So yeah, \nhere is a taste of what we are and what we can do \nfor the sake of your sanity.  \n \nThere you go, now you have a sounding board of our \ncontent solution that makes seamless sense to give \nyour content marketing a big boost in dominating \nprints and screens. Excellent copies can only \nhappen with great clients. We are fortunate to \nhave you to encourage us to do things like this \nand give us a chance to show the impact that \neffective copywriting makes.  \n \nIf you would like us to function as an extension \nof your team to scour your profile, to challenge \nyour opinion constructively with good suggestion \nput forward, or you are simply curious if we are \nreal (hey, curiosity is a virtue), just come to us \nand say hi. You know where to get us, with the \nmost useful numbers and weird alphabets provided \nin this page. \n \nWe do provide portfolio and quotation, all you \nhave to do is to ask :) \n \n(Disclaimer: We won't bite and we don't cost a \nbomb, if you did get bitten, you might have called \nthe wrong numbers.)     ",
        "title": "Copywriting, Editing, Content Writing, Creative Writing, Translation"
    },
    {
        "postid": "5900600580",
        "postingbody": " \n \n QR Code Link to This Post \n  \n \nAssignment round the corner? Not to worry! Experienced essay writer is here for you! High quality work @ Affordable student rates. We are a team of dedicated writers who are experts in the subjects listed below. We also offer personal tutoring if needed.  \n \nSubjects: \nEnglish \nLaw \nHumanities \nBusiness studies \nAnd more. \n \nLevel: \nSecondary \nPoly  \nUndergraduate \nPrivate sch students \n \nContact to discuss rates today. \n ",
        "title": "Experienced Essay writer - UK Law Graduate"
    },
    {
        "postid": "5922566380",
        "postingbody": " \n \n QR Code Link to This Post \n  \n \nDiscounted Article Writing Services!!!!! \n \nFor only $0.80 per 100, I will write high quality content for your website/blog or any type of content you want, fast and with free revisions if needed!   From blog posts to articles, I can write on ANY topic you want, even if I need to do research. The topics include IT, tutorials, health, movies, music, video games, lifestyle, internet marketing, but I can write on ANY TOPIC you want without a problem!    \n \nWith us you get the following:  \nCopyscape pass guarantee!  \nGreat grammar and structure!  \nSEO optimization when needed!  \nLots of conversions!  \nDelivery in 1 to 5 days!  \nUnlimited Revisions!     \n \nWork with us and you will receive an accurate, cleverly written, documented article on the topic you desire!    \n \nPricing Info:   \n100 words - $0.80  \n500 words - $4.00  \n1000 words - $8.00    \n \nSpecial Offers:   \n \nBulk Order Discount: When you order 5 articles or more you get a 25% discount every time you order.   \n \nTest Order Discount: If you want to test our services with one article or a small order before placing your regular order. \n \nPLACE YOUR ORDER TODAY!!!!! \n \n ",
        "title": "Discounted Article Writing Services"
    },
    {
        "postid": "5921416535",
        "postingbody": " \n \n QR Code Link to This Post \n  \n \nHello Sir/ Madam,  \nI am an ( female )English speaking Vietnamese that can provide translation services and help in negotiating transactions for foreign visitors. \nI am honest, friendly, trustworthy; have dealt with many visitors, and can provide references. \nI can offer inexpensive hourly, daily, or weekly rates. \nPlease respond by email to this ad for further information..  \nThank you!! \n \n ",
        "title": "VIETNAMESE LANGUAGE TRANSLATOR"
    },
    {
        "postid": "5933860873",
        "postingbody": " \n \n QR Code Link to This Post \n  \n \nI am a professional business writer with 5 years of excellent experience helping BBA, MBA and DBA candidates to finish their papers, essays, term papers, dissertations, assignments, and course work by providing professional writing services, including business proposals and business plans. Some of our services including:  \n \n1- Dissertation Writing \n2- Editing and Proofreading services \n3- Assignment Writing Help \n4- Case Study \n5- MBA articles \n6- Article Writing \n7- Research Paper  \n8- Research Proposal \n9- MBA Essays \n10- Accounting Papers \n11- Finance Papers/Assignments \n12- Business Thesis Writing \n13- Professional MBA Papers \n14- Business Management Essays \n15- Summarize Business Papers \n16- Paraphrasing \n17- Plagiarism-Free Revision  \n18- SPSS Analysis \n19- 24/7 Services \n20- Free Revision/Editing for Our Customers \n21- Business Contents Writing  \n22- Marketing Analysis \n23- PhD/DBA Professional Paper \n \nWarm regards,  \nAlex Kani     ",
        "title": "Excellent Academic Writing Services"
    },
    {
        "postid": "5920042722",
        "postingbody": " \n \n QR Code Link to This Post \n  \n \nI'm a full-time translator with 13 years of experience. \n \nTranslation work I have done in the past that involved Korean to English translations \n \n-Entertainment industry \n \n-Legal contracts \n \n-University Examinations \n \n-Guide Books \n \n-Story Books \n \n-News \n \n-Medical  \n \n- Architecture \n \n- IT \n \n- Physics \n \n- Subtitles ( Documentary, Dramas, Movies) \n \n- Advertisements \n \nPer word rate? (Negotiable) \n \nUSD 5 cents per source word \n \nI can provide my CV if required.     ",
        "title": "KOREAN - ENGLISH Translation"
    },
    {
        "postid": "5926769849",
        "postingbody": " \n \n QR Code Link to This Post \n  \n \nLooking for guidance on your new essay writing assignment? Let me know the format, essay structure, requirements and i will do the rest! \n \nI have done many types of essays assignments for students locally, especially part time university students that find it hard to manage work and school. So let me help you ease your workload now! \n \nHere are a list of subjects that i have work on before \nIT \nNursing \nBusiness \nInternational Business \nHuman Resource \nMarketing \nTourism and Hospitality \nMacro and Micro economics  \nScience \nand lots more \n \nFurthermore, I have a 5 days unlimited revision period for all of my completed orders. However, your instructions for revision cannot be in conflict with your original instructions. \n \n100% Original and I only use reliable academic references!  \n \nVisit us @ \nhttp://www.valueessay.com/ \n \nOr \n \nEmail me @ \n show contact info \n \n \n \n \nTags: Kaplan, Kaplan university, RMIT, SIM, UOL, RMIT, Dublin, PSB, Essay, Murdoch, Northumbria, Help, Murdoch, RP, TP, NYP, Birmingham, NUS, NTU, NP, uniSIM, SMU, SIT, Essay, Murdoch, Northumbria, Help, Murdoch, RP, TP, NYP, Birmingham, NUS, NTU, NP, uniSIM, SMU, SIT, University, Degree, Diploma, Essay Helper, DeadlineUniversity, Degree, Diploma, Essay Helper, Deadline, homework, help, service, SIM, UOL, UOB, RMIT, Kaplan, Dublin, UOB Birmingham, UOM, SP, NYP, TP, NP, RP Murdoch University Northumbria University University College Dublin Kaplan Higher Education Academy University of Essex University of Portsmouth Royal Holloway, University of London PSB academy, Kaplan, Kaplan university, RMIT, SIM, UOL, RMIT, Dublin, PSB, last minute, help needed, dissertation, thesis, SIM, UOL, UOB, RMIT, Kaplan, Dublin, UOB Birmingham, UOM, SP, NYP, TP, NP, RP Murdoch University Northumbria University University College Dublin Kaplan Higher Education Academy University of Essex University of Portsmouth Royal Holloway, University of London PSB academy, Kaplan, Kaplan university, RMIT, SIM, UOL, RMIT, Dublin, PSB, Essay, Murdoch, Northumbria, Help, Murdoch, RP, TP, NYP, Birmingham, NUS, NTU, NP, uniSIM, SMU, SIT, University, Degree, Diploma, Essay Helper, Deadline, Ghost writer, writer, mrgrey, Degree, Diploma, Essay Helper, Deadline, essay, typer, , business, essay, dissertation, assignment, plagiarism, proof, reading, edit, writing,     ",
        "title": "Essay assignment and homework helper - ValueEssay.com"
    },
    {
        "postid": "5917562703",
        "postingbody": " \n \n QR Code Link to This Post \n  \n \nOur IT team offers writing and translation services from / to English, Russian, Spanish and Portuguese starting $7.99. Also we create websites for $49.99 in English, Russian, Spanish and Portuguese. Our site latestsmmtrends.com     ",
        "title": "Writing and Translation Services to/ from English, Russian, Spanish and Portugue"
    },
    {
        "postid": "5931309903",
        "postingbody": " \n \n QR Code Link to This Post \n  \n \nMove Academy is the only academy that gives Parkour Freerunning, Gymnastics &amp; Crossfit Classes or lessons in Singapore. We have more professional coaches provide gym classes to strengthen your body. Book your trial session to start your journey! \n \nContact US: \n \nBrand name : Move Academy Singapore \n \nAddress : 43 carpenter street, #02-01 \n \nPost code : 59922 \n \nCountry : Singapore \n \nPhone : 6534 2554\u00a0 \n \nVisit Here: http://www.moveacademy.sg/     ",
        "title": "Parkour Freerunning, Gymnastics &amp; Crossfit Classes Singapore"
    },
    {
        "postid": "5908924936",
        "postingbody": " \n \n QR Code Link to This Post \n  \n \nI am Domi. I am an experienced Translator &amp; Proofreader specialized in Education, Finance, Retail, Marketing, Social Media, Business, Economics, Law, Advertisement, Health, Cinema, Art, Culture, Fashion and Travel &amp; Tourism. I am also fluent in French and Spanish. \n \nI have a Master's Degree in Linguistics and over 4 years of experience in Translation, Interpreting and Proofreading.  \n \nWorking Languages: \nEnglish &gt; Spanish (vice versa) \nSpanish &gt; French (vice versa) \nFrench &gt; English (vice versa) \n \nI have developed a feel for the nuances in the Spanish and French languages and each translation will be done manually with no machine translation used.  \n \nPlease contact me for prices as they will vary depending on length and content. All prices are reasonable and negotiable.     ",
        "title": "Working with English- Spanish- French"
    },
    {
        "postid": "5931439858",
        "postingbody": " \n \n QR Code Link to This Post \n  \n \n&#22810;&#31278;&#22810;&#27096;&#12394;&#26360;&#39006;&#32763;&#35379;&#12289;&#12454;&#12455;&#12502;&#12469;&#12452;&#12488;&#32763;&#35379;&#12289;&#12510;&#12491;&#12517;&#12450;&#12523;&#32763;&#35379;&#12289;&#12499;&#12472;&#12493;&#12473;&#22865;&#32004;&#25991;&#26360;&#12398;&#32763;&#35379;&#12434;&#25215;&#12426;&#12414;&#12377;&#12290; \n&#12362;&#35211;&#31309;&#12426;&#12399;&#12362;&#27671;&#36605;&#12395;&#12513;&#12540;&#12523;&#12363;Line ID naati_japanese&#12414;&#12391;&#12290; \n \n&#12458;&#12540;&#12473;&#12488;&#12521;&#12522;&#12450;&#31227;&#27665;&#23616;&#12289;&#36939;&#36664;&#23616;&#12289;&#12524;&#12531;&#12479;&#12459;&#12540;&#12394;&#12393;&#12408;&#12399;NAATI&#35469;&#23450;&#32763;&#35379;&#26360;&#12418;&#20316;&#25104;&#21487;&#33021;&#12391;&#12377;&#12290; \n \n&#25144;&#31821;&#25220;&#26412;&#12289;&#36939;&#36578;&#20813;&#35377;&#35388;&#12399;&#65284;&#65300;&#65301;&#65288;&#35946;&#12489;&#12523;&#65289;&#12424;&#12426;     ",
        "title": "&#26684;&#23433;&#33521;&#26085;&#12539;&#26085;&#33521;&#32763;&#35379;"
    },
    {
        "postid": "5955967702",
        "postingbody": " \n \n QR Code Link to This Post \n  \n \nLike us on facebook \nfacebook.com/printingnamecardgold \n \nPrinting with metal foil can be done on cards, invitation, magazines, hard cover books, books, advertising cardboard and many other innovative uses to make you stand out and make a Lasting Impression \n \nHot stamping Business Card offers prestigious look that will stand out among the competition \n \nHot stamping your logo, creates impression that looks like precious metal \n \nOur Store Location \nYou can also come down to find us personally @ Kosen Industrial CO. \nBlock 1013 #02-102 Geylang East Avenue 3 Singapore 389728 \nOffice number 6743 3995 / 6743 3996 \n \nWe have decades of experience in hot stamping name cards and it is quite an exclusive art which is hard to find elsewhere except for big companies \n \nLike us on Facebook for Latest Updates! \nhttps://www.facebook.com/printingnamecardgold/  \n \nFactory Sale Guarantee Best price \nZero middlemen Fee \n \n \nColour range for hot stamping of name cards includes -- Gold, Silver, Red, Green, Blue, White, and Black \n \nSuitable for Invitations, Wedding, Formal printing, cards, Hard cover books, add gold foil to edges of pages etc \n \nAdd a touch of metal and prestige to any functions \n \nYou can check out my works at  \nSGhotstamping.wordpress.com    \n \nOur Services \nWe provide 2 kinds of services and prices for hot stamping name cards in standard dimensions of 55mm x 90mm \n \nDo note given 5mm allowance in hot stamping, you will have to limit your artwork to the dimensions of 45mm x 80mm  \n \n*Hotstamping Area within 45mm x 80mm \n \n \nOur Rates  \nHotstamping Plate : + $25.00 \n(This is a one time fee only) If customers have the hotstamping plate, this charge will be waivered off.) \n \nSingle Colour / Single Side - $34  \nHot Stamping of 200 pieces of name card, Art Card will be provided, inclusive of all other charges not mentioned \n \nTwo Colour single side / Double sided - $58 \nHot Stamping of 200 pieces of name card, Art Card will be provided, inclusive of all other charges not mentioned \n \n \n**First Time Customers \n \nFree Artwork Design here -  \nhttps://www.bizcardmaker.com/?utm_expid=77196193-2.9eLHomHlRduIgqNlDmVmpA.0&amp;utm_referrer=https://www.google.com.sg/#/?theme=theme-picture--space-full  \n \n \nOur Service Time \n***Note: We DO NOT offer same-day printing service. \n \nUpon confirmation of order and art work, customers are required to pay a fixed deposit of 50%. It will take 1 week to complete the order if customers provide the hotstamping plate, 2 weeks if we have to create the hotstamping plate for you \n \n ",
        "title": "Print Text in Gold (200 Pieces) - Factory Sale"
    },
    {
        "postid": "5926468761",
        "postingbody": " \n \n QR Code Link to This Post \n  \n \nAlpha Language School provides a bridge to connect non-English and non-Mandarin speaking expatriates to multicultural Singapore. We aim to equip our students English and Mandarin proficiency through select teaching methods and teaching staff from diverse backgrounds. Our small class size allows teachers to cater to specific needs of each student.We offer a variety of English and Chinese courses to expatriates, tourists and children.  \n \nTranslation services are also available for legal documents, contracts, websites etc. in more than 10 languages, as well as interpretation services for Japanese and Chinese to English. \n \nCall us at 62225018 or visit our website www.alphaeducate.com for more information.     ",
        "title": "Translation, English and Chinese Courses for Expatriates"
    },
    {
        "postid": "5957243313",
        "postingbody": " \n \n QR Code Link to This Post \n  \n \nFREELANCER GHOST WRITER, PRESENTATION/TRAINING MATERIAL PREPARATIONS \n \nGhost Writer for Reports, Books, Manuals, Articles and Speeches. \n \nDesign, and/or Develop: Training Curriculum and/or Courses (For Management/Leadership/Soft Skills). \n \nDesign, and/or Develop: Course Materials, Training And/Or Presentation Slideshows, (Interactive) Computer Based Training Solutions including video production. \n \nTranslate from Mandarin to English (Short, Non Court Documents). \n \nI can just do the writing or start the project from scratch, including doing the research. \n \ni can work remotely. \n \nFor a sample of my work, do check out my book, 'The MOST Effective Managerial Leadership Framework' pictured above. \n \nFor more, check out my website - http://www.theasiaconsultinggroup.com \n \nYou can also check me out @: \n \nhttps://www.facebook.com/fclh.wordsmonger \n \nhttps://twitter.com/wordsmongertale \n \nhttps://www.instagram.com/fclhwordsmonger/ \n \nhttps://linkedin.com/in/lai-huat-chan-011352 \n \n \nOr Call, SMS, WhatsApp, or weChat me @ +65 81701074 ! \n \nThanks for reading this ! \n \nP.S. Apologies but i do not do academic papers. For those looking for this solution, i can perhaps offer personal coaching instead. Please, get in touch.     ",
        "title": "FREELANCER GHOST WRITER"
    },
    {
        "postid": "5951636902",
        "postingbody": " \n \n QR Code Link to This Post \n  \n \nDo you know the difference that professional editing can make to your writing? Whether you are an experienced writer or someone who writes for fun, editing can make all the difference between something that flows well and is easy to read and something that falls flat. \n \nI have been working as a professional writer and editor for 15 years and provide all kinds of professional editing services, from basic grammar and spelling checking to editing books, articles and much more. I am happy to provide samples of my work and do a free trial so that you can test my skills.     ",
        "title": "Freelance Editor Available"
    },
    {
        "postid": "5911812785",
        "postingbody": " \n \n QR Code Link to This Post \n  \n \nAre you frustrated with your school work? Want to take a break from the unending assignments from school? EssayHelp caters to your assignment needs and helps you to excel in your academic realm with minimal effort! With our custom essay writing service which includes only quality academic writers from USA and UK, we charge a reasonable fee in return for good work done. Our professional writers are vetted and are well versed in critical thinking and organizing a paper in most discipline with quality and on time. So come with trust and go with an easy mind. \n \nRates: \n250 words - $40 \n500 words - $75 \n1000 words - $100 \n \nGuaranteed quick reply!     ",
        "title": "Essay Writing Services"
    },
    {
        "postid": "5955752895",
        "postingbody": " \n \n QR Code Link to This Post \n  \n \nTranslation &#12479;&#12452;&#35486; &#10047;&#10047; \n&#10047; English - Japanese - Thai \n \nThai lessons via facebook video call THB250/hour. &#12479;&#12452;&#35486; &#10047;&#10047; \n1. Thai for tourists. (5 hours) \n2. Thai for professionals in business. (5 hours) \n3. Thai as a new language. \n4. The introduction of Thai culture. (5 hours) \nPlease tell me your special requirements. I can produce a special course to suit your needs.  \n \nLearn Thai online with kru Nicky   &#12479;&#12452;&#35486; &#10047;&#10047; \n&#10047; 30 minute free trial  \n&#10047; FB: Nicky Suwipa \n&#10047; Skype: NBlue \n \n&#10047; Facebook: www.facebook.com/NekoTanochii \n&#10047; YouTube:   www.youtube.com/results?search_query=nicky+teach+thai+language \n \n \n ",
        "title": "Translation &#12479;&#12452;&#35486;  English - Japanese - Thai, Learn Thai onli"
    },
    {
        "postid": "5957223370",
        "postingbody": " \n \n QR Code Link to This Post \n  \n \nTraveling for work, studies or vacations? \n \nYou need your travel documents translated with no hassle on your end? And you need it fast without having to pay a whale for it? You would even prefer the document to be delivered to your door-step? \n \nPersonal documents such as driving licences, birth certificates, degrees and diplomas, certificate of clearance, technical documents like product manuals, legal and notarized documents such as business agreements, powers of attorney, etc. \n \nWe deal with Latin, Spanish, Portuguese and Chinese documents. \n \nWe heard you. And that is precisely what you may expect from us (and more). Seriously, no one can be more professional than that. Website info on image. \n \nCall us today. \n ",
        "title": "Need translation for travel documents?"
    },
    {
        "postid": "5952596754",
        "postingbody": " \n \n QR Code Link to This Post \n  \n \nI am a professional business writer with 5 years of excellent experience helping BBA, MBA and DBA candidates to finish their papers, essays, term papers, dissertations, assignments, and course work by providing professional writing services, including business proposals and business plans. Some of our services including:  \n \n1- Dissertation Writing \n2- Editing and Proofreading services \n3- Assignment Writing Help \n4- Case Study \n5- MBA articles \n6- Article Writing \n7- Research Paper  \n8- Research Proposal \n9- MBA Essays \n10- Accounting Papers \n11- Finance Papers/Assignments \n12- Business Thesis Writing \n13- Professional MBA Papers \n14- Business Management Essays \n15- Summarize Business Papers \n16- Paraphrasing \n17- Plagiarism-Free Revision  \n18- SPSS Analysis \n19- 24/7 Services \n20- Free Revision/Editing for Our Customers \n21- Business Contents Writing  \n22- Marketing Analysis \n23- PhD/DBA Professional Paper \n \nWarm regards,  \nAlex Kani     ",
        "title": "Professional Academic Writing Services"
    },
    {
        "postid": "5957241861",
        "postingbody": " \n \n QR Code Link to This Post \n  \n \n&#26032;&#26725;&#32763;&#35793;&#31038;&#33258;2004&#24180;&#25104;&#31435;&#20110;&#26032;&#21152;&#22369;&#65292;&#19987;&#20110;&#20013;&#25991;&#65292;&#35199;&#29677;&#29273;&#35821;&#21644;&#33889;&#33796;&#29273;&#35821;&#32763;&#35793;&#12290; \n \n&#25105;&#20204;&#32763;&#35793;&#30340;&#25991;&#20214;&#21253;&#25324;&#21508;&#31181;&#20010;&#20154;&#25991;&#20214;&#65292;&#22914;&#39550;&#39542;&#25191;&#29031;&#65292;&#25252;&#29031;&#65292;&#22914;&#20986;&#29983;&#35777;&#65292;&#32467;&#23130;&#35777;&#65292;&#36523;&#20221;&#35777;&#65292;&#27605;&#19994;&#35777;&#20070;&#65292;&#31561;&#31561;&#12290; \n \n&#25105;&#20204;&#36824;&#32763;&#35793;&#25163;&#20876;&#65292;&#37038;&#20214;&#65292;&#27491;&#24335;&#36890;&#35759;&#65292;&#20256;&#21333;&#65292;&#31561;&#31561;&#12290; \n- &#20013;&#25991;&#21040;&#35199;&#29677;&#29273;&#25991;, &#35199;&#29677;&#29273;&#25991;&#21040;&#20013;&#25991; \n- &#33521;&#35821;&#21040;&#20013;&#25991;, &#20013;&#25991;&#21040;&#33521;&#25991; \n- &#20013;&#25991;&#21040;&#33889;&#33796;&#29273;&#25991;, &#33889;&#33796;&#29273;&#25991;&#21040;&#20013;&#25991; \n- &#25289;&#19969;&#25991;&#21040;&#20013;&#25991; \n \n&#29616;&#22312;&#23601;&#32852;&#31995;&#25105;&#20204;! WhatsApp or WeChat +\n  show contact info \n ",
        "title": "&#26032;&#21152;&#22369;&#32763;&#35793;&#26381;&#21153; translation services (S"
    },
    {
        "postid": "5938359056",
        "postingbody": " \n \n QR Code Link to This Post \n  \n \nHello Sir/ Madam,  \nI am an ( female )English speaking Vietnamese that can provide translation services and help in negotiating transactions for foreign visitors. \nI am honest, friendly, trustworthy; have dealt with many visitors, and can provide references. \nI can offer inexpensive hourly, daily, or weekly rates. \nPlease respond by email to this ad for further information..  \nThank you!! \n \n ",
        "title": "VIETNAMESE LANGUAGE TRANSLATOR"
    },
    {
        "postid": "5897195507",
        "postingbody": " \n \n QR Code Link to This Post \n  \n \nHi \n \n I am offering assignment helping services that includes all assignments from Diploma to Bachelor's degree to MBA. \n \n We are the original assignment helper since 2008 and we are local based in Singapore. Unlike the countless Indian clones, our work are quality assured and we have served more than 300 students worldwide since our inception in 2008. \n \n We specializes in the following subject areas: \n \n 1. Any Business Subjects \n 2. Psychology \n 3. Statistics \n 4. Research \n 5. Political Science \n 6. Sociology \n 7. Hospitality &amp; Tourism \n 8. Any other topic, please contact us to enquire \n \n And other qualitative based research papers, thesis and/or dissertation. \n \n Our writers are qualified individuals holding degrees (masters) from several of the world's top ranked universities (not off shore). \n \n For the quality work that we produce, our charges are affordable: \n \n &lt; 2000 words = $400 \n 2001 - 3000 words = $450 \n \n3001 - 4000 words = $500 \n \n \n&gt; 4000 words = please text to enquire     ",
        "title": "Do your homework for you!!! Satisfaction Guaranteed Money Back"
    },
    {
        "postid": "5901796207",
        "postingbody": " \n \n QR Code Link to This Post \n  \n \nHello Sir/ Madam,  \nI am an ( female )English speaking Vietnamese that can provide translation services and help in negotiating transactions for foreign visitors. \nI am honest, friendly, trustworthy; have dealt with many visitors, and can provide references. \nI can offer inexpensive hourly, daily, or weekly rates. \nPlease respond by email to this ad for further information..  \nThank you!! \n \n ",
        "title": "VIETNAMESE LANGUAGE TRANSLATOR"
    },
    {
        "postid": "5928575705",
        "postingbody": " \n \n QR Code Link to This Post \n  \n \nI am a native English speaker/writer/editor from Canada, and currently in the USA. If you need any scientific or medical documents proofread or edited, I can get them done for you in a short amount of time. High quality service guaranteed. I have an MSc in Life Sciences (Biochemistry) and edited/proofread more than 1000 biomedical manuscripts for my clients (researchers/physicians/academic professionals) for peer-reviewed publication internationally over the past 3 years. I have edited biomedical/life sciences manuscripts, research articles, journal supplements, needs assessments, product reviews, abstracts, interactive sales learning modules, news reports, feature articles, newsletters (consumer and physician), cutting-edge biomedical conference reports, digital content, clinical updates, case studies, abstracts, posters, slide kits, project outlines, patent &amp; literature reviews, advisory board meeting reports, accredited and non-accredited Continuing Medical Education monographs, and so forth. \n \nI will provide you with professional English editing/proofreading in Singapore at the best possible rate (negotiable). Your satisfaction is 100% guaranteed. I accept all kinds of documents, articles and journals for editing/ proofreading. I can also proofread your college and university work so that you can get good grades. Payments can be made by Bank Transfer or Checks by registered mail. To begin, please contact us by replying to this message and let us know what you require and send us the material for editing/proofreading by email. I will finish your work fast. \nThank you \n ",
        "title": "Brilliant Science/Medical Editing/Proofreading Services"
    },
    {
        "postid": "5910348825",
        "postingbody": " \n \n QR Code Link to This Post \n  \n \nElite Linguistic Network LLP specialises in Chinese language courses and cultural advisory for professionals and companies in Singapore. Our extensive network of experienced linguists and language talents have designed classes that cater to busy professionals and executives from beginner to advanced levels. \n \nAt Elite, our class sizes are flexible and the syllabus is customized to suit the unique needs of each client, providing language courses that are relevant to their respective industries. Our lessons are effective and practical for business and daily use, and the interactive teaching methods make each lesson fun and lively. \n \nTake advantage of the Chinese language and seize business oportunities by mastering it to near-native proficiency. Call us at +\n  show contact info \nor visit our website www.elitelinguistic.net today! \n \nWe are open Monday-Friday, 9am-6pm (Closed on PH)     ",
        "title": "Professional Chinese Language Courses For Busy Executives"
    },
    {
        "postid": "5909106099",
        "postingbody": " \n \n QR Code Link to This Post \n  \n \nLooking for a writer? we provide the best in town writing service. Choose from \nour standard package or bespoke writing  to suit your  business and personal \nneeds. \n \nThe following are our specialties : \n \n- Business proposal writing \n- Magazine article writing \n- Resume and cover letter writing \n- School assignment writing \n- Report writing \n- Letter and memo writing \n- Article and review \n- Tag lines \n- Speech writers \n- Proof reading \n \n An experienced writer will be able to cater to all your needs \n \nFor bookings and enquiries contact us at : \n \nPhone   : 0128453239 \nemail    : \n  show contact info \n \n \nvisit KLwriter FB page for writing tips, sample writing and more \nhttps://www.facebook.com/KLwriter \n \nPaypal accepted     ",
        "title": "Professional writer for hire"
    },
    {
        "postid": "5933857018",
        "postingbody": " \n \n QR Code Link to This Post \n  \n \nI am a professional business writer with 5 years of excellent experience helping BBA, MBA and DBA candidates to finish their papers, essays, term papers, dissertations, assignments, and course work by providing professional writing services, including business proposals and business plans. Some of our services including:  \n \n1- Dissertation Writing \n2- Editing and Proofreading services \n3- Assignment Writing Help \n4- Case Study \n5- MBA articles \n6- Article Writing \n7- Research Paper  \n8- Research Proposal \n9- MBA Essays \n10- Accounting Papers \n11- Finance Papers/Assignments \n12- Business Thesis Writing \n13- Professional MBA Papers \n14- Business Management Essays \n15- Summarize Business Papers \n16- Paraphrasing \n17- Plagiarism-Free Revision  \n18- SPSS Analysis \n19- 24/7 Services \n20- Free Revision/Editing for Our Customers \n21- Business Contents Writing  \n22- Marketing Analysis \n23- PhD/DBA Professional Paper \n \nWarm regards,  \nAlex Kani     ",
        "title": "PhD &amp; MBA Quality Writing Services"
    },
    {
        "postid": "5921249174",
        "postingbody": " \n \n QR Code Link to This Post \n  \n \nI am a professional business writer with 5 years of excellent experience helping BBA, MBA and DBA candidates to finish their papers, essays, term papers, dissertations, assignments, and course work by providing professional writing services, including business proposals and business plans. Some of our services including:  \n \n1- Dissertation Writing \n2- Editing and Proofreading services \n3- Assignment Writing Help \n4- Case Study \n5- MBA articles \n6- Article Writing \n7- Research Paper  \n8- Research Proposal \n9- MBA Essays \n10- Accounting Papers \n11- Finance Papers/Assignments \n12- Business Thesis Writing \n13- Professional MBA Papers \n14- Business Management Essays \n15- Summarize Business Papers \n16- Paraphrasing \n17- Plagiarism-Free Revision  \n18- SPSS Analysis \n19- 24/7 Services \n20- Free Revision/Editing for Our Customers \n21- Business Contents Writing  \n22- Marketing Analysis \n23- PhD/DBA Professional Paper \n \nWarm regards,  \nAlex Kani     ",
        "title": "Professional PhD &amp; DBA Writing Services"
    }
]