[
    {
        "postid": "5903666640",
        "postingbody": " \n \n QR Code Link to This Post \n  \n \nLooking for part-time writers (work at home) \n \nWe are a U.S. based company dedicated to providing our global clients with high quality proofreading/polishing/writing services. Working with us is like running your own business but without the hassles. You make your own schedule and work as little or as much as you want. You can earn $7 - $15 /page plus extra bonus, depends on duration, client's satisfaction and other specific requirements.  \nVisit us at: www.usexpresswriting.com \n \nIf you want to get paid for your love of writing, we will provide you with a friendly community of writers, competitive rewards and global clients. If you are a professional freelance writer, forget the days of endless searching for clients and enjoy, instead, a constant flow of orders and absolute freedom of choice. If you are a student, compare and see the difference between your part-time job and what we offer you: freedom to create your own schedule, great opportunities for growth and extremely competitive pay. \n \nQualifications: \n\u00c3\u00a2\u00e2&#130;\u00ac\u00c2\u00a2\tBachelor's degree or higher  \n\u00c3\u00a2\u00e2&#130;\u00ac\u00c2\u00a2\tStrong academic writing skills and related working experience preferred \n\u00c3\u00a2\u00e2&#130;\u00ac\u00c2\u00a2\tProficient in Microsoft Office \n\u00c3\u00a2\u00e2&#130;\u00ac\u00c2\u00a2\tKnow how to search journal articles online \n\u00c3\u00a2\u00e2&#130;\u00ac\u00c2\u00a2\tBe familiar with college essays, papers or personal statement \n\u00c3\u00a2\u00e2&#130;\u00ac\u00c2\u00a2\tMust be familiar with APA, MLA and Harvard format (citation, reference) \n \nWe expect you to \n\u00c3\u00a2\u00e2&#130;\u00ac\u00c2\u00a2\tProduce quality original writing \n\u00c3\u00a2\u00e2&#130;\u00ac\u00c2\u00a2\tMeet client's requirements \n\u00c3\u00a2\u00e2&#130;\u00ac\u00c2\u00a2\tDeliver work on time \n\u00c3\u00a2\u00e2&#130;\u00ac\u00c2\u00a2\tFollow company guidelines \n \nWe do not work with any agency, so please step down. If you cannot ensure accountability, reliability and originality of your work, please step down as well. \n \nIf you are interested in this job offer, please fill out a simple application form at http://www.exp-write.com/#!job-application/c12em \nwith CV and three recent academic articles \n \nThank you     ",
        "title": "Looking for part-time writers (work at home)"
    },
    {
        "postid": "5946664550",
        "postingbody": " \n \n QR Code Link to This Post \n  \n \nUrgently need translators for various manga comics in the following languages (can be done from anywhere): \n \nEnglish to Chinese (Simplified &amp; Traditional) \nEnglish to Thai \nEnglish to Bahasa (Indonesia) \n \nInterested parties please send us your resume and a translation sample(s) asap!     ",
        "title": "Translators Needed ASAP!"
    },
    {
        "postid": "5954248471",
        "postingbody": " \n \n QR Code Link to This Post \n  \n \nJob Responsibilities: \n\u2022\tProducing original, clear and credible ideas/messages/scripts/ tag lines/ ads and presenting these to internal and external stakeholders \n\u2022\tWriting clear, persuasive, original copy \n\u2022\tMonitoring campaign effectiveness and amending campaigns according to feedbacks  \n\u2022\tComing up with the content for the various forms of marketing collaterals, including publications, banners, presentations,  agreements, etc (non exhaustive) \n\u2022\tProofreading of documents \n\u2022\tAny other ad hoc assignments as delegated from time to time \n \nJob Requirements: \n\u2022\tMin 1 year of content writing experience in the IT or F&B; sector. \n\u2022\tExcellent interpersonal and communication skills (Both verbal and written) \n\u2022\tAbility to work well under pressure and meet deadlines \n\u2022\tSelf motivated and able to work well in a team \n\u2022\tCommercial awareness and savvy with the various types of social media platforms \n\u2022\tMeticulous with an emphasis on accuracy - both in terms of grammar and information \n\u2022\tPossess administrative and organizational skills \n\u2022\tMust be creative, adaptable, with the ability to produce innovative and original ideas \n \n ",
        "title": "Advertising Content Writer"
    },
    {
        "postid": "5947642901",
        "postingbody": " \n \n QR Code Link to This Post \n  \n \nWe are launching a new monthly publication and are looking to work with 20 short-story writers on a regular basis. Remuneration will be commensurate with the quality and quantity of output commissioned.  \n \nInterested parties, please send in an original short story of no more than 1000 words on the theme \"Canteen\" to \n  show contact info \n before 15 January 2017. You are free to interpret it in any way you like.  \n \nNo CVs or personal details are required as applicants will be assessed solely based on the originality of the story and quality of writing, regardless of gender, age or other qualifications. Multiple submissions are allowed. Shortlisted candidates will be contacted through the email they submitted their stories, by 21 January 2017, so please check your inbox. Thank you and we look forward to working with you! \n ",
        "title": "Short story writers needed for regular publication"
    },
    {
        "postid": "5945755979",
        "postingbody": " \n \n QR Code Link to This Post \n  \n \nUber is enlisting in your general vicinity begin gaining inside the following 48 hours  \n_)(*&amp;^%$#!@#$%^&amp;*()(*&amp;^%$#@#$%^&amp;*(*&amp;##$%^&amp;*((*&amp;^%$#$%^&amp;*(*&amp;^%$# \n_)(*&amp;^%$#!@#$%^&amp;*()(*&amp;^%$#@#$%^&amp;*(*&amp;##$%^&amp;*((*&amp;^%$#$%^&amp;*(*&amp;^%$# \nIn the event that you don't have an auto, I have a couple of half and half sitting before my carport for my UBER companions.  \n \nTurned into a Uber driver!  \n_)(*&amp;^%$#!@#$%^&amp;*()(*&amp;^%$#@#$%^&amp;*(*&amp;##$%^&amp;*((*&amp;^%$#$%^&amp;*(*&amp;^%$# \n_)(*&amp;^%$#!@#$%^&amp;*()(*&amp;^%$#@#$%^&amp;*(*&amp;##$%^&amp;*((*&amp;^%$#$%^&amp;*(*&amp;^%$# \nYou will get a join Bonus of $150 on the off chance that you join with me at:______!Put33.com!______  \n \nWe will get in touch with you as quickly as time permits. Much thanks to you! \n \n_)(*&amp;^%$#!@#$%^&amp;*()(*&amp;^%$#@#$%^&amp;*(*&amp;##$%^&amp;*((*&amp;^%$#$%^&amp;*(*&amp;^%$# \n_)(*&amp;^%$#!@#$%^&amp;*()(*&amp;^%$#@#$%^&amp;*(*&amp;##$%^&amp;*((*&amp;^%$#$%^&amp;*(*&amp;^%$# \n_)(*&amp;^%$#!@#$%^&amp;*()(*&amp;^%$#@#$%^&amp;*(*&amp;##$%^&amp;*((*&amp;^%$#$%^&amp;*(*&amp;^%$#     ",
        "title": "~**~Part!! Time, :::Flexible::: Driver J=o=b.:::::"
    },
    {
        "postid": "5955540976",
        "postingbody": " \n \n QR Code Link to This Post \n  \n \n_**_Earn $180-$375 Daily doing admin or computer related work._**_ \n \n_**_All work will be done from your Home. No Commuting. No Gas. No Day Care._**_ \n \n_**_Paid Daily_**_ \n \n_**_We are a legitimate company taxes are paid._**_ \n \nFor more information, please fill in the form:======!S&#8495;t33.com!====== \n \n_**__**_Must be at least 18 years old \n \n_**_***ONLY LOOKING FOR 12 PEOPLE***_**_     ",
        "title": "@%@((Sign up bonus $200)) Comp_uter j_ob. Wo_rk fro_m ho_me.@%@"
    },
    {
        "postid": "5942807292",
        "postingbody": " \n \n QR Code Link to This Post \n  \n \nIn the event that you are no less than 18 years of age, has legitimate driver permit, then you can profit driving our Hybrid or Luxury vehicle with UBER. What's more, potential for additional salary; manufacture your very own client arrange, where you keep 100% of the passages.  \n__________________________________________________________________ \nIn case you're searching for a super adaptable employment to profit, UBER is for you. On the off chance that you don't have an auto, we have an armada of Uber endorsement Hybrid vehicle for you to pick from.  \n__________________________________________________________________ \nIt would be ideal if you ensure you finish enlistment through this link:^^^^^^!Put33.com!^^^^^  \n__________________________________________________________________ \nWe will get in touch with you as quickly as time permits. Much obliged to you! \n \n \n__________________________________________________________________ \n__________________________________________________________________     ",
        "title": "~!Driver Needed in Your area.&gt; Sign up bonus $100.\""
    },
    {
        "postid": "5942832030",
        "postingbody": " \n \n QR Code Link to This Post \n  \n \nGiovanni Pellone Design is a Tokyo-based product and graphic design studio, with an international clientele. Our projects involve a full range of communication design applications.  \nFor more information please visit www.giovannipellone.com  \n \nWe are seeking an experienced copywriter to work with our creative team in the production of online ads and website content, as well as packaging and brochures copy. \n \nThe candidate should be creative, energetic, outspoken, responsible, reliable, and self-motivated.  He/she will be asked to manage his/her own schedule and meet tight project deadlines without fail. \n \nMinimum qualifications: \n\u2022 Native English speaker \n\u2022 Experience with writing headlines for ads and marketing campaigns \n\u2022 Experience writing consumer-product related content (food industry experience a plus) \n\u2022 Ability to adapt to a variety of writing styles and audiences  \n\u2022 Residing within one hour time-zone difference from JST (Tokyo) \n\u2022 Strong writing portfolio and references (verifiable) \n \n \nPart-time: Freelance (daytime availability) \nLocation: Off-site (Tokyo preferred) \nHourly compensation based on skills and experience     ",
        "title": "Freelance Professional Copywriter"
    },
    {
        "postid": "5942799553",
        "postingbody": " \n \n QR Code Link to This Post \n  \n \nIt is a truly simple occupation in case you're searching for low maintenance or even all day work. You just need to drive around town grabbing individuals, and you get PAID. It's entirely basic. All cash is paid week by week and you get an opportunity to met some truly pleasant individuals. On the off chance that you don't have an auto, we can give it to you.  \n_)(*&amp;^%$#!@#$%^&amp;*()(*&amp;^%$#@#$%^&amp;*(*&amp;##$%^&amp;*((*&amp;^%$#$%^&amp;*(*&amp;^%$# \n_)(*&amp;^%$#!@#$%^&amp;*()(*&amp;^%$#@#$%^&amp;*(*&amp;##$%^&amp;*((*&amp;^%$#$%^&amp;*(*&amp;^%$# \nIf it's not too much trouble ensure you finish enlistment through this link:_____!Put33.com!_____  \n \nWe will reach you at the earliest opportunity. Much obliged to you! \n_)(*&amp;^%$#!@#$%^&amp;*()(*&amp;^%$#@#$%^&amp;*(*&amp;##$%^&amp;*((*&amp;^%$#$%^&amp;*(*&amp;^%$# \n_)(*&amp;^%$#!@#$%^&amp;*()(*&amp;^%$#@#$%^&amp;*(*&amp;##$%^&amp;*((*&amp;^%$#$%^&amp;*(*&amp;^%$#     ",
        "title": "&#9675;&#9679;Get $100 sign up bonus. Part Time. Uber Driver Job&#9675;&#9679;"
    },
    {
        "postid": "5958338086",
        "postingbody": " \n \n QR Code Link to This Post \n  \n \nEarn $500+ per day doing admin or computer related work. \n \nAll work will be done from your Home. No Commuting. No Gas. No Day Care. \n \nPaid Daily \n \nWe are a legitimate company taxes are paid. \n~~@~!~@~~~~@~!~@~~~~@~!~@~~~~@~!~@~~~~@~!~@~~~~@~!~@~~~~@~!~@~~ \nFor more information, please fill in the form: \n~~@~!S&#8495;t33.com!~@~~ \n~~@~!~@~~~~@~!~@~~~~@~!~@~~~~@~!~@~~~~@~!~@~~~~@~!~@~~~~@~!~@~~ \nMust be at least 18 years old \n \n***ONLY LOOKING FOR 12 PEOPLE***     ",
        "title": "_(**)_Make_thousands_per_week_with_flexible_hours._(**)_"
    },
    {
        "postid": "5945760672",
        "postingbody": " \n \n QR Code Link to This Post \n  \n \nI work my own particular hours, anyplace I need. I am my own particular supervisor. I can even return home and sleep at whatever time I need! Movement excessively insane? I can get a chomp to eat till its over... My first week I made $952.00 in 30 hours... yes its actual! No tricks, no tricks... what's more, its straightforward... BEST of all? Its an impact!  \n \nOn the off chance that you don't have an auto, I have a couple of half and half sitting before my carport for my UBER companions.  \n \nTurned into a Uber driver!  \n \nYou will get a join Bonus of $150 on the off chance that you join with me at:==&gt;Put33.com___~!  \n \nWe will reach you as quickly as time permits. Much obliged to you \n \n \n \n%^^^^%%%!!!!!!!!*****%%%%3=#######     ",
        "title": "_^^_No Ub^er C^ar, we c^an h^elp yo^u dri^ver._^^_"
    }
]